condition,source_instance,family,dimensions,component,off_mask,on_mask,utility_off,utility_on,utility_effect
airfoil,airfoil,regression,4,A,0000,1000,0.72146155925935,0.7213106361536334,-0.00015092310571651613
airfoil,airfoil,regression,4,A,0001,1001,0.6989168763043279,0.6990204959033715,0.00010361959904359175
airfoil,airfoil,regression,4,A,0010,1010,0.7545825353059711,0.7557384269946765,0.001155891688705446
airfoil,airfoil,regression,4,A,0011,1011,0.7519679765622033,0.75309297084022,0.001124994278016711
airfoil,airfoil,regression,4,A,0100,1100,0.7314187478222108,0.7303486728501655,-0.001070074972045365
airfoil,airfoil,regression,4,A,0101,1101,0.7309954814958676,0.7299227311700477,-0.0010727503258198823
airfoil,airfoil,regression,4,A,0110,1110,0.7579351964879469,0.7590076569789411,0.001072460490994187
airfoil,airfoil,regression,4,A,0111,1111,0.7571327373868312,0.7581644834670807,0.0010317460802494738
airfoil,airfoil,regression,4,B,0000,0100,0.72146155925935,0.7314187478222108,0.009957188562860875
airfoil,airfoil,regression,4,B,0001,0101,0.6989168763043279,0.7309954814958676,0.03207860519153971
airfoil,airfoil,regression,4,B,0010,0110,0.7545825353059711,0.7579351964879469,0.003352661181975858
airfoil,airfoil,regression,4,B,0011,0111,0.7519679765622033,0.7571327373868312,0.005164760824627912
airfoil,airfoil,regression,4,B,1000,1100,0.7213106361536334,0.7303486728501655,0.009038036696532026
airfoil,airfoil,regression,4,B,1001,1101,0.6990204959033715,0.7299227311700477,0.030902235266676237
airfoil,airfoil,regression,4,B,1010,1110,0.7557384269946765,0.7590076569789411,0.003269229984264599
airfoil,airfoil,regression,4,B,1011,1111,0.75309297084022,0.7581644834670807,0.005071512626860675
airfoil,airfoil,regression,4,C,0000,0010,0.72146155925935,0.7545825353059711,0.03312097604662112
airfoil,airfoil,regression,4,C,0001,0011,0.6989168763043279,0.7519679765622033,0.053051100257875405
airfoil,airfoil,regression,4,C,0100,0110,0.7314187478222108,0.7579351964879469,0.026516448665736103
airfoil,airfoil,regression,4,C,0101,0111,0.7309954814958676,0.7571327373868312,0.026137255890963607
airfoil,airfoil,regression,4,C,1000,1010,0.7213106361536334,0.7557384269946765,0.03442779084104308
airfoil,airfoil,regression,4,C,1001,1011,0.6990204959033715,0.75309297084022,0.054072474936848525
airfoil,airfoil,regression,4,C,1100,1110,0.7303486728501655,0.7590076569789411,0.028658984128775655
airfoil,airfoil,regression,4,C,1101,1111,0.7299227311700477,0.7581644834670807,0.028241752297032963
airfoil,airfoil,regression,4,D,0000,0001,0.72146155925935,0.6989168763043279,-0.0225446829550221
airfoil,airfoil,regression,4,D,0010,0011,0.7545825353059711,0.7519679765622033,-0.002614558743767814
airfoil,airfoil,regression,4,D,0100,0101,0.7314187478222108,0.7309954814958676,-0.00042326632634326344
airfoil,airfoil,regression,4,D,0110,0111,0.7579351964879469,0.7571327373868312,-0.00080245910111576
airfoil,airfoil,regression,4,D,1000,1001,0.7213106361536334,0.6990204959033715,-0.02229014025026199
airfoil,airfoil,regression,4,D,1010,1011,0.7557384269946765,0.75309297084022,-0.002645456154456549
airfoil,airfoil,regression,4,D,1100,1101,0.7303486728501655,0.7299227311700477,-0.00042594168011778066
airfoil,airfoil,regression,4,D,1110,1111,0.7590076569789411,0.7581644834670807,-0.0008431735118604733
arguana,arguana,retrieval,4,A,0000,1000,0.10634296089296032,0.09880415341855885,-0.007538807474401471
arguana,arguana,retrieval,4,A,0001,1001,0.46003252951232265,0.4139666022819477,-0.04606592723037495
arguana,arguana,retrieval,4,A,0010,1010,0.36134480681645276,0.3816226996490379,0.02027789283258513
arguana,arguana,retrieval,4,A,0011,1011,0.5443912711095352,0.4968729277606544,-0.04751834334888083
arguana,arguana,retrieval,4,A,0100,1100,0.3946158093861665,0.38180783366047266,-0.012807975725693865
arguana,arguana,retrieval,4,A,0101,1101,0.45315663561007363,0.41294569170843287,-0.04021094390164076
arguana,arguana,retrieval,4,A,0110,1110,0.46128691563791036,0.44541741809903557,-0.01586949753887479
arguana,arguana,retrieval,4,A,0111,1111,0.5398393425849302,0.48935679224276063,-0.05048255034216953
arguana,arguana,retrieval,4,B,0000,0100,0.10634296089296032,0.3946158093861665,0.2882728484932062
arguana,arguana,retrieval,4,B,0001,0101,0.46003252951232265,0.45315663561007363,-0.0068758939022490195
arguana,arguana,retrieval,4,B,0010,0110,0.36134480681645276,0.46128691563791036,0.0999421088214576
arguana,arguana,retrieval,4,B,0011,0111,0.5443912711095352,0.5398393425849302,-0.0045519285246050645
arguana,arguana,retrieval,4,B,1000,1100,0.09880415341855885,0.38180783366047266,0.2830036802419138
arguana,arguana,retrieval,4,B,1001,1101,0.4139666022819477,0.41294569170843287,-0.0010209105735148327
arguana,arguana,retrieval,4,B,1010,1110,0.3816226996490379,0.44541741809903557,0.06379471844999768
arguana,arguana,retrieval,4,B,1011,1111,0.4968729277606544,0.48935679224276063,-0.007516135517893763
arguana,arguana,retrieval,4,C,0000,0010,0.10634296089296032,0.36134480681645276,0.25500184592349245
arguana,arguana,retrieval,4,C,0001,0011,0.46003252951232265,0.5443912711095352,0.08435874159721257
arguana,arguana,retrieval,4,C,0100,0110,0.3946158093861665,0.46128691563791036,0.06667110625174383
arguana,arguana,retrieval,4,C,0101,0111,0.45315663561007363,0.5398393425849302,0.08668270697485653
arguana,arguana,retrieval,4,C,1000,1010,0.09880415341855885,0.3816226996490379,0.28281854623047903
arguana,arguana,retrieval,4,C,1001,1011,0.4139666022819477,0.4968729277606544,0.08290632547870669
arguana,arguana,retrieval,4,C,1100,1110,0.38180783366047266,0.44541741809903557,0.0636095844385629
arguana,arguana,retrieval,4,C,1101,1111,0.41294569170843287,0.48935679224276063,0.07641110053432776
arguana,arguana,retrieval,4,D,0000,0001,0.10634296089296032,0.46003252951232265,0.35368956861936235
arguana,arguana,retrieval,4,D,0010,0011,0.36134480681645276,0.5443912711095352,0.18304646429308247
arguana,arguana,retrieval,4,D,0100,0101,0.3946158093861665,0.45315663561007363,0.058540826223907105
arguana,arguana,retrieval,4,D,0110,0111,0.46128691563791036,0.5398393425849302,0.0785524269470198
arguana,arguana,retrieval,4,D,1000,1001,0.09880415341855885,0.4139666022819477,0.31516244886338884
arguana,arguana,retrieval,4,D,1010,1011,0.3816226996490379,0.4968729277606544,0.1152502281116165
arguana,arguana,retrieval,4,D,1100,1101,0.38180783366047266,0.41294569170843287,0.03113785804796021
arguana,arguana,retrieval,4,D,1110,1111,0.44541741809903557,0.48935679224276063,0.04393937414372506
astronaut,astronaut,image_restoration,4,A,0000,1000,0.5159895969976079,0.6432631761194069,0.12727357912179893
astronaut,astronaut,image_restoration,4,A,0001,1001,0.4355695136384623,0.6190471927194402,0.1834776790809779
astronaut,astronaut,image_restoration,4,A,0010,1010,0.6442833294737805,0.6288219208205698,-0.015461408653210773
astronaut,astronaut,image_restoration,4,A,0011,1011,0.6346143828365547,0.6374388499957133,0.002824467159158628
astronaut,astronaut,image_restoration,4,A,0100,1100,0.6537704952666352,0.6357655676769554,-0.018004927589679864
astronaut,astronaut,image_restoration,4,A,0101,1101,0.6565257175507471,0.6485833042690146,-0.007942413281732508
astronaut,astronaut,image_restoration,4,A,0110,1110,0.6125505356865069,0.5975837365653914,-0.014966799121115426
astronaut,astronaut,image_restoration,4,A,0111,1111,0.6285280933163799,0.6106867081458555,-0.01784138517052447
astronaut,astronaut,image_restoration,4,B,0000,0100,0.5159895969976079,0.6537704952666352,0.13778089826902729
astronaut,astronaut,image_restoration,4,B,0001,0101,0.4355695136384623,0.6565257175507471,0.22095620391228477
astronaut,astronaut,image_restoration,4,B,0010,0110,0.6442833294737805,0.6125505356865069,-0.03173279378727367
astronaut,astronaut,image_restoration,4,B,0011,0111,0.6346143828365547,0.6285280933163799,-0.006086289520174759
astronaut,astronaut,image_restoration,4,B,1000,1100,0.6432631761194069,0.6357655676769554,-0.007497608442451509
astronaut,astronaut,image_restoration,4,B,1001,1101,0.6190471927194402,0.6485833042690146,0.029536111549574362
astronaut,astronaut,image_restoration,4,B,1010,1110,0.6288219208205698,0.5975837365653914,-0.031238184255178325
astronaut,astronaut,image_restoration,4,B,1011,1111,0.6374388499957133,0.6106867081458555,-0.026752141849857858
astronaut,astronaut,image_restoration,4,C,0000,0010,0.5159895969976079,0.6442833294737805,0.1282937324761726
astronaut,astronaut,image_restoration,4,C,0001,0011,0.4355695136384623,0.6346143828365547,0.1990448691980924
astronaut,astronaut,image_restoration,4,C,0100,0110,0.6537704952666352,0.6125505356865069,-0.04121995958012836
astronaut,astronaut,image_restoration,4,C,0101,0111,0.6565257175507471,0.6285280933163799,-0.027997624234367136
astronaut,astronaut,image_restoration,4,C,1000,1010,0.6432631761194069,0.6288219208205698,-0.014441255298837108
astronaut,astronaut,image_restoration,4,C,1001,1011,0.6190471927194402,0.6374388499957133,0.01839165727627312
astronaut,astronaut,image_restoration,4,C,1100,1110,0.6357655676769554,0.5975837365653914,-0.038181831111563924
astronaut,astronaut,image_restoration,4,C,1101,1111,0.6485833042690146,0.6106867081458555,-0.0378965961231591
astronaut,astronaut,image_restoration,4,D,0000,0001,0.5159895969976079,0.4355695136384623,-0.08042008335914563
astronaut,astronaut,image_restoration,4,D,0010,0011,0.6442833294737805,0.6346143828365547,-0.00966894663722584
astronaut,astronaut,image_restoration,4,D,0100,0101,0.6537704952666352,0.6565257175507471,0.0027552222841118468
astronaut,astronaut,image_restoration,4,D,0110,0111,0.6125505356865069,0.6285280933163799,0.015977557629873074
astronaut,astronaut,image_restoration,4,D,1000,1001,0.6432631761194069,0.6190471927194402,-0.024215983399966667
astronaut,astronaut,image_restoration,4,D,1010,1011,0.6288219208205698,0.6374388499957133,0.008616929175143562
astronaut,astronaut,image_restoration,4,D,1100,1101,0.6357655676769554,0.6485833042690146,0.012817736592059203
astronaut,astronaut,image_restoration,4,D,1110,1111,0.5975837365653914,0.6106867081458555,0.013102971580464029
banknote,banknote,classification,4,A,0000,1000,1.0,0.9877762396796361,-0.012223760320363874
banknote,banknote,classification,4,A,0001,1001,0.997787610619469,0.9793963514114796,-0.01839125920798934
banknote,banknote,classification,4,A,0010,1010,1.0,0.9877762396796361,-0.012223760320363874
banknote,banknote,classification,4,A,0011,1011,0.997787610619469,0.9827705542097196,-0.015017056409749374
banknote,banknote,classification,4,A,0100,1100,0.9949943145300835,0.9877762396796361,-0.007218074850447342
banknote,banknote,classification,4,A,0101,1101,0.9871953329707817,0.9632174815840213,-0.02397785138676034
banknote,banknote,classification,4,A,0110,1110,0.997787610619469,0.9877762396796361,-0.010011370939832842
banknote,banknote,classification,4,A,0111,1111,0.9871953329707817,0.9721782765610323,-0.015017056409749374
banknote,banknote,classification,4,B,0000,0100,1.0,0.9949943145300835,-0.005005685469916532
banknote,banknote,classification,4,B,0001,0101,0.997787610619469,0.9871953329707817,-0.01059227764868731
banknote,banknote,classification,4,B,0010,0110,1.0,0.997787610619469,-0.0022123893805310324
banknote,banknote,classification,4,B,0011,0111,0.997787610619469,0.9871953329707817,-0.01059227764868731
banknote,banknote,classification,4,B,1000,1100,0.9877762396796361,0.9877762396796361,0.0
banknote,banknote,classification,4,B,1001,1101,0.9793963514114796,0.9632174815840213,-0.01617886982745831
banknote,banknote,classification,4,B,1010,1110,0.9877762396796361,0.9877762396796361,0.0
banknote,banknote,classification,4,B,1011,1111,0.9827705542097196,0.9721782765610323,-0.01059227764868731
banknote,banknote,classification,4,C,0000,0010,1.0,1.0,0.0
banknote,banknote,classification,4,C,0001,0011,0.997787610619469,0.997787610619469,0.0
banknote,banknote,classification,4,C,0100,0110,0.9949943145300835,0.997787610619469,0.0027932960893854997
banknote,banknote,classification,4,C,0101,0111,0.9871953329707817,0.9871953329707817,0.0
banknote,banknote,classification,4,C,1000,1010,0.9877762396796361,0.9877762396796361,0.0
banknote,banknote,classification,4,C,1001,1011,0.9793963514114796,0.9827705542097196,0.003374202798239967
banknote,banknote,classification,4,C,1100,1110,0.9877762396796361,0.9877762396796361,0.0
banknote,banknote,classification,4,C,1101,1111,0.9632174815840213,0.9721782765610323,0.008960794977010966
banknote,banknote,classification,4,D,0000,0001,1.0,0.997787610619469,-0.0022123893805310324
banknote,banknote,classification,4,D,0010,0011,1.0,0.997787610619469,-0.0022123893805310324
banknote,banknote,classification,4,D,0100,0101,0.9949943145300835,0.9871953329707817,-0.00779898155930181
banknote,banknote,classification,4,D,0110,0111,0.997787610619469,0.9871953329707817,-0.01059227764868731
banknote,banknote,classification,4,D,1000,1001,0.9877762396796361,0.9793963514114796,-0.008379888268156499
banknote,banknote,classification,4,D,1010,1011,0.9877762396796361,0.9827705542097196,-0.005005685469916532
banknote,banknote,classification,4,D,1100,1101,0.9877762396796361,0.9632174815840213,-0.024558758095614808
banknote,banknote,classification,4,D,1110,1111,0.9877762396796361,0.9721782765610323,-0.015597963118603841
breast_diagnostic,breast_diagnostic,classification,4,A,0000,1000,0.9539641943734015,0.9612105711849956,0.007246376811594124
breast_diagnostic,breast_diagnostic,classification,4,A,0001,1001,0.9539641943734015,0.895993179880648,-0.05797101449275355
breast_diagnostic,breast_diagnostic,classification,4,A,0010,1010,0.9612105711849956,0.9563086104006819,-0.004901960784313708
breast_diagnostic,breast_diagnostic,classification,4,A,0011,1011,0.9539641943734015,0.9296675191815857,-0.024296675191815775
breast_diagnostic,breast_diagnostic,classification,4,A,0100,1100,0.9710144927536232,0.9782608695652174,0.007246376811594235
breast_diagnostic,breast_diagnostic,classification,4,A,0101,1101,0.9420289855072463,0.963768115942029,0.021739130434782705
breast_diagnostic,breast_diagnostic,classification,4,A,0110,1110,0.9782608695652174,0.9782608695652174,0.0
breast_diagnostic,breast_diagnostic,classification,4,A,0111,1111,0.9782608695652174,0.9710144927536232,-0.007246376811594235
breast_diagnostic,breast_diagnostic,classification,4,B,0000,0100,0.9539641943734015,0.9710144927536232,0.01705029838022165
breast_diagnostic,breast_diagnostic,classification,4,B,0001,0101,0.9539641943734015,0.9420289855072463,-0.011935208866155178
breast_diagnostic,breast_diagnostic,classification,4,B,0010,0110,0.9612105711849956,0.9782608695652174,0.017050298380221762
breast_diagnostic,breast_diagnostic,classification,4,B,0011,0111,0.9539641943734015,0.9782608695652174,0.024296675191815886
breast_diagnostic,breast_diagnostic,classification,4,B,1000,1100,0.9612105711849956,0.9782608695652174,0.017050298380221762
breast_diagnostic,breast_diagnostic,classification,4,B,1001,1101,0.895993179880648,0.963768115942029,0.06777493606138107
breast_diagnostic,breast_diagnostic,classification,4,B,1010,1110,0.9563086104006819,0.9782608695652174,0.02195225916453547
breast_diagnostic,breast_diagnostic,classification,4,B,1011,1111,0.9296675191815857,0.9710144927536232,0.041346973572037427
breast_diagnostic,breast_diagnostic,classification,4,C,0000,0010,0.9539641943734015,0.9612105711849956,0.007246376811594124
breast_diagnostic,breast_diagnostic,classification,4,C,0001,0011,0.9539641943734015,0.9539641943734015,0.0
breast_diagnostic,breast_diagnostic,classification,4,C,0100,0110,0.9710144927536232,0.9782608695652174,0.007246376811594235
breast_diagnostic,breast_diagnostic,classification,4,C,0101,0111,0.9420289855072463,0.9782608695652174,0.036231884057971064
breast_diagnostic,breast_diagnostic,classification,4,C,1000,1010,0.9612105711849956,0.9563086104006819,-0.004901960784313708
breast_diagnostic,breast_diagnostic,classification,4,C,1001,1011,0.895993179880648,0.9296675191815857,0.03367433930093777
breast_diagnostic,breast_diagnostic,classification,4,C,1100,1110,0.9782608695652174,0.9782608695652174,0.0
breast_diagnostic,breast_diagnostic,classification,4,C,1101,1111,0.963768115942029,0.9710144927536232,0.007246376811594124
breast_diagnostic,breast_diagnostic,classification,4,D,0000,0001,0.9539641943734015,0.9539641943734015,0.0
breast_diagnostic,breast_diagnostic,classification,4,D,0010,0011,0.9612105711849956,0.9539641943734015,-0.007246376811594124
breast_diagnostic,breast_diagnostic,classification,4,D,0100,0101,0.9710144927536232,0.9420289855072463,-0.02898550724637683
breast_diagnostic,breast_diagnostic,classification,4,D,0110,0111,0.9782608695652174,0.9782608695652174,0.0
breast_diagnostic,breast_diagnostic,classification,4,D,1000,1001,0.9612105711849956,0.895993179880648,-0.06521739130434767
breast_diagnostic,breast_diagnostic,classification,4,D,1010,1011,0.9563086104006819,0.9296675191815857,-0.02664109121909619
breast_diagnostic,breast_diagnostic,classification,4,D,1100,1101,0.9782608695652174,0.963768115942029,-0.01449275362318836
breast_diagnostic,breast_diagnostic,classification,4,D,1110,1111,0.9782608695652174,0.9710144927536232,-0.007246376811594235
co2,co2,forecasting,4,A,0000,1000,0.9801341121691193,0.9800064970188498,-0.00012761515026948889
co2,co2,forecasting,4,A,0001,1001,0.9786310609223441,0.971155660036673,-0.007475400885671113
co2,co2,forecasting,4,A,0010,1010,0.9801268344268592,0.9802261159285658,9.92815017065718e-05
co2,co2,forecasting,4,A,0011,1011,0.9784873704403354,0.973303373145099,-0.005183997295236442
co2,co2,forecasting,4,A,0100,1100,0.9820325121397241,0.9800833411460967,-0.0019491709936273471
co2,co2,forecasting,4,A,0101,1101,0.9758972207946173,0.972858167546772,-0.003039053247845258
co2,co2,forecasting,4,A,0110,1110,0.9820163345258672,0.9808611144601891,-0.001155220065678142
co2,co2,forecasting,4,A,0111,1111,0.9758778046325418,0.9747065399491269,-0.0011712646834148854
co2,co2,forecasting,4,B,0000,0100,0.9801341121691193,0.9820325121397241,0.0018983999706048138
co2,co2,forecasting,4,B,0001,0101,0.9786310609223441,0.9758972207946173,-0.0027338401277268165
co2,co2,forecasting,4,B,0010,0110,0.9801268344268592,0.9820163345258672,0.0018895000990080124
co2,co2,forecasting,4,B,0011,0111,0.9784873704403354,0.9758778046325418,-0.00260956580779359
co2,co2,forecasting,4,B,1000,1100,0.9800064970188498,0.9800833411460967,7.684412724695555e-05
co2,co2,forecasting,4,B,1001,1101,0.971155660036673,0.972858167546772,0.0017025075100990383
co2,co2,forecasting,4,B,1010,1110,0.9802261159285658,0.9808611144601891,0.0006349985316232987
co2,co2,forecasting,4,B,1011,1111,0.973303373145099,0.9747065399491269,0.0014031668040279666
co2,co2,forecasting,4,C,0000,0010,0.9801341121691193,0.9801268344268592,-7.27774226005895e-06
co2,co2,forecasting,4,C,0001,0011,0.9786310609223441,0.9784873704403354,-0.00014369048200868484
co2,co2,forecasting,4,C,0100,0110,0.9820325121397241,0.9820163345258672,-1.617761385686034e-05
co2,co2,forecasting,4,C,0101,0111,0.9758972207946173,0.9758778046325418,-1.9416162075458487e-05
co2,co2,forecasting,4,C,1000,1010,0.9800064970188498,0.9802261159285658,0.00021961890971600173
co2,co2,forecasting,4,C,1001,1011,0.971155660036673,0.973303373145099,0.002147713108425986
co2,co2,forecasting,4,C,1100,1110,0.9800833411460967,0.9808611144601891,0.0007777733140923448
co2,co2,forecasting,4,C,1101,1111,0.972858167546772,0.9747065399491269,0.0018483724023549142
co2,co2,forecasting,4,D,0000,0001,0.9801341121691193,0.9786310609223441,-0.0015030512467751889
co2,co2,forecasting,4,D,0010,0011,0.9801268344268592,0.9784873704403354,-0.0016394639865238148
co2,co2,forecasting,4,D,0100,0101,0.9820325121397241,0.9758972207946173,-0.006135291345106819
co2,co2,forecasting,4,D,0110,0111,0.9820163345258672,0.9758778046325418,-0.006138529893325417
co2,co2,forecasting,4,D,1000,1001,0.9800064970188498,0.971155660036673,-0.008850836982176813
co2,co2,forecasting,4,D,1010,1011,0.9802261159285658,0.973303373145099,-0.006922742783466829
co2,co2,forecasting,4,D,1100,1101,0.9800833411460967,0.972858167546772,-0.00722517359932473
co2,co2,forecasting,4,D,1110,1111,0.9808611144601891,0.9747065399491269,-0.006154574511062161
coffee,coffee,image_restoration,4,A,0000,1000,0.5101837453695406,0.6471561882911092,0.13697244292156863
coffee,coffee,image_restoration,4,A,0001,1001,0.42726668335754675,0.6192530411710346,0.19198635781348788
coffee,coffee,image_restoration,4,A,0010,1010,0.6802498479434073,0.6653627361664006,-0.014887111777006634
coffee,coffee,image_restoration,4,A,0011,1011,0.6629172274666022,0.6679816737359154,0.005064446269313239
coffee,coffee,image_restoration,4,A,0100,1100,0.6735158931917798,0.6613681812580586,-0.012147711933721217
coffee,coffee,image_restoration,4,A,0101,1101,0.6633061110098682,0.6636112797669215,0.0003051687570532202
coffee,coffee,image_restoration,4,A,0110,1110,0.6647390346370244,0.646882103627872,-0.01785693100915242
coffee,coffee,image_restoration,4,A,0111,1111,0.674285333642056,0.6542027157046589,-0.020082617937397074
coffee,coffee,image_restoration,4,B,0000,0100,0.5101837453695406,0.6735158931917798,0.16333214782223926
coffee,coffee,image_restoration,4,B,0001,0101,0.42726668335754675,0.6633061110098682,0.2360394276523215
coffee,coffee,image_restoration,4,B,0010,0110,0.6802498479434073,0.6647390346370244,-0.01551081330638282
coffee,coffee,image_restoration,4,B,0011,0111,0.6629172274666022,0.674285333642056,0.011368106175453807
coffee,coffee,image_restoration,4,B,1000,1100,0.6471561882911092,0.6613681812580586,0.014211992966949416
coffee,coffee,image_restoration,4,B,1001,1101,0.6192530411710346,0.6636112797669215,0.044358238595886834
coffee,coffee,image_restoration,4,B,1010,1110,0.6653627361664006,0.646882103627872,-0.018480632538528607
coffee,coffee,image_restoration,4,B,1011,1111,0.6679816737359154,0.6542027157046589,-0.013778958031256505
coffee,coffee,image_restoration,4,C,0000,0010,0.5101837453695406,0.6802498479434073,0.17006610257386667
coffee,coffee,image_restoration,4,C,0001,0011,0.42726668335754675,0.6629172274666022,0.23565054410905545
coffee,coffee,image_restoration,4,C,0100,0110,0.6735158931917798,0.6647390346370244,-0.008776858554755407
coffee,coffee,image_restoration,4,C,0101,0111,0.6633061110098682,0.674285333642056,0.010979222632187757
coffee,coffee,image_restoration,4,C,1000,1010,0.6471561882911092,0.6653627361664006,0.018206547875291412
coffee,coffee,image_restoration,4,C,1001,1011,0.6192530411710346,0.6679816737359154,0.0487286325648808
coffee,coffee,image_restoration,4,C,1100,1110,0.6613681812580586,0.646882103627872,-0.014486077630186611
coffee,coffee,image_restoration,4,C,1101,1111,0.6636112797669215,0.6542027157046589,-0.009408564062262537
coffee,coffee,image_restoration,4,D,0000,0001,0.5101837453695406,0.42726668335754675,-0.08291706201199384
coffee,coffee,image_restoration,4,D,0010,0011,0.6802498479434073,0.6629172274666022,-0.01733262047680506
coffee,coffee,image_restoration,4,D,0100,0101,0.6735158931917798,0.6633061110098682,-0.010209782181911597
coffee,coffee,image_restoration,4,D,0110,0111,0.6647390346370244,0.674285333642056,0.009546299005031567
coffee,coffee,image_restoration,4,D,1000,1001,0.6471561882911092,0.6192530411710346,-0.02790314712007458
coffee,coffee,image_restoration,4,D,1010,1011,0.6653627361664006,0.6679816737359154,0.002618937569514812
coffee,coffee,image_restoration,4,D,1100,1101,0.6613681812580586,0.6636112797669215,0.0022430985088628397
coffee,coffee,image_restoration,4,D,1110,1111,0.646882103627872,0.6542027157046589,0.007320612076786914
concrete,concrete,regression,4,A,0000,1000,0.7319358955511462,0.7092854245639065,-0.022650470987239713
concrete,concrete,regression,4,A,0001,1001,0.7319350472334856,0.7092892272630794,-0.022645819970406156
concrete,concrete,regression,4,A,0010,1010,0.7806002585049037,0.7463397947789713,-0.03426046372593239
concrete,concrete,regression,4,A,0011,1011,0.7801523964943704,0.7448190048129956,-0.03533339168137484
concrete,concrete,regression,4,A,0100,1100,0.731813071235355,0.7091613202080439,-0.022651751027311096
concrete,concrete,regression,4,A,0101,1101,0.7306448454427951,0.7080547489871553,-0.022590096455639808
concrete,concrete,regression,4,A,0110,1110,0.7815011464809225,0.7463348252859766,-0.03516632119494589
concrete,concrete,regression,4,A,0111,1111,0.7827775164026306,0.7525522747654868,-0.030225241637143796
concrete,concrete,regression,4,B,0000,0100,0.7319358955511462,0.731813071235355,-0.00012282431579124786
concrete,concrete,regression,4,B,0001,0101,0.7319350472334856,0.7306448454427951,-0.0012902017906905039
concrete,concrete,regression,4,B,0010,0110,0.7806002585049037,0.7815011464809225,0.0009008879760188382
concrete,concrete,regression,4,B,0011,0111,0.7801523964943704,0.7827775164026306,0.0026251199082601984
concrete,concrete,regression,4,B,1000,1100,0.7092854245639065,0.7091613202080439,-0.0001241043558626309
concrete,concrete,regression,4,B,1001,1101,0.7092892272630794,0.7080547489871553,-0.0012344782759241557
concrete,concrete,regression,4,B,1010,1110,0.7463397947789713,0.7463348252859766,-4.969492994666425e-06
concrete,concrete,regression,4,B,1011,1111,0.7448190048129956,0.7525522747654868,0.00773326995249124
concrete,concrete,regression,4,C,0000,0010,0.7319358955511462,0.7806002585049037,0.04866436295375742
concrete,concrete,regression,4,C,0001,0011,0.7319350472334856,0.7801523964943704,0.048217349260884834
concrete,concrete,regression,4,C,0100,0110,0.731813071235355,0.7815011464809225,0.04968807524556751
concrete,concrete,regression,4,C,0101,0111,0.7306448454427951,0.7827775164026306,0.052132670959835536
concrete,concrete,regression,4,C,1000,1010,0.7092854245639065,0.7463397947789713,0.03705437021506475
concrete,concrete,regression,4,C,1001,1011,0.7092892272630794,0.7448190048129956,0.03552977754991615
concrete,concrete,regression,4,C,1100,1110,0.7091613202080439,0.7463348252859766,0.03717350507793271
concrete,concrete,regression,4,C,1101,1111,0.7080547489871553,0.7525522747654868,0.04449752577833155
concrete,concrete,regression,4,D,0000,0001,0.7319358955511462,0.7319350472334856,-8.483176606732812e-07
concrete,concrete,regression,4,D,0010,0011,0.7806002585049037,0.7801523964943704,-0.000447862010533262
concrete,concrete,regression,4,D,0100,0101,0.731813071235355,0.7306448454427951,-0.0011682257925599293
concrete,concrete,regression,4,D,0110,0111,0.7815011464809225,0.7827775164026306,0.0012763699217080982
concrete,concrete,regression,4,D,1000,1001,0.7092854245639065,0.7092892272630794,3.8026991728834503e-06
concrete,concrete,regression,4,D,1010,1011,0.7463397947789713,0.7448190048129956,-0.0015207899659757107
concrete,concrete,regression,4,D,1100,1101,0.7091613202080439,0.7080547489871553,-0.0011065712208886413
concrete,concrete,regression,4,D,1110,1111,0.7463348252859766,0.7525522747654868,0.006217449479510195
dry_bean,dry_bean,clustering,4,A,0000,1000,0.5144533577588334,0.5777057511223082,0.06325239336347477
dry_bean,dry_bean,clustering,4,A,0001,1001,0.5151092188204514,0.5778953001384199,0.06278608131796859
dry_bean,dry_bean,clustering,4,A,0010,1010,0.5156988749164306,0.5180138373137084,0.0023149623972777977
dry_bean,dry_bean,clustering,4,A,0011,1011,0.5147868478799739,0.5128482519728103,-0.0019385959071636094
dry_bean,dry_bean,clustering,4,A,0100,1100,0.7115442339262922,0.7218765764056578,0.010332342479365653
dry_bean,dry_bean,clustering,4,A,0101,1101,0.7128311344877488,0.7221828058050664,0.009351671317317622
dry_bean,dry_bean,clustering,4,A,0110,1110,0.6375512169953192,0.7181713420009476,0.08062012500562832
dry_bean,dry_bean,clustering,4,A,0111,1111,0.7013921874786118,0.7182556154683788,0.016863427989767032
dry_bean,dry_bean,clustering,4,B,0000,0100,0.5144533577588334,0.7115442339262922,0.1970908761674588
dry_bean,dry_bean,clustering,4,B,0001,0101,0.5151092188204514,0.7128311344877488,0.19772191566729747
dry_bean,dry_bean,clustering,4,B,0010,0110,0.5156988749164306,0.6375512169953192,0.12185234207888862
dry_bean,dry_bean,clustering,4,B,0011,0111,0.5147868478799739,0.7013921874786118,0.1866053395986379
dry_bean,dry_bean,clustering,4,B,1000,1100,0.5777057511223082,0.7218765764056578,0.14417082528334968
dry_bean,dry_bean,clustering,4,B,1001,1101,0.5778953001384199,0.7221828058050664,0.1442875056666465
dry_bean,dry_bean,clustering,4,B,1010,1110,0.5180138373137084,0.7181713420009476,0.20015750468723914
dry_bean,dry_bean,clustering,4,B,1011,1111,0.5128482519728103,0.7182556154683788,0.20540736349556854
dry_bean,dry_bean,clustering,4,C,0000,0010,0.5144533577588334,0.5156988749164306,0.0012455171575972424
dry_bean,dry_bean,clustering,4,C,0001,0011,0.5151092188204514,0.5147868478799739,-0.00032237094047748993
dry_bean,dry_bean,clustering,4,C,0100,0110,0.7115442339262922,0.6375512169953192,-0.07399301693097293
dry_bean,dry_bean,clustering,4,C,0101,0111,0.7128311344877488,0.7013921874786118,-0.011438947009137057
dry_bean,dry_bean,clustering,4,C,1000,1010,0.5777057511223082,0.5180138373137084,-0.05969191380859973
dry_bean,dry_bean,clustering,4,C,1001,1011,0.5778953001384199,0.5128482519728103,-0.06504704816560969
dry_bean,dry_bean,clustering,4,C,1100,1110,0.7218765764056578,0.7181713420009476,-0.003705234404710267
dry_bean,dry_bean,clustering,4,C,1101,1111,0.7221828058050664,0.7182556154683788,-0.003927190336687647
dry_bean,dry_bean,clustering,4,D,0000,0001,0.5144533577588334,0.5151092188204514,0.0006558610616179683
dry_bean,dry_bean,clustering,4,D,0010,0011,0.5156988749164306,0.5147868478799739,-0.000912027036456764
dry_bean,dry_bean,clustering,4,D,0100,0101,0.7115442339262922,0.7128311344877488,0.0012869005614566387
dry_bean,dry_bean,clustering,4,D,0110,0111,0.6375512169953192,0.7013921874786118,0.06384097048329251
dry_bean,dry_bean,clustering,4,D,1000,1001,0.5777057511223082,0.5778953001384199,0.00018954901611178965
dry_bean,dry_bean,clustering,4,D,1010,1011,0.5180138373137084,0.5128482519728103,-0.005165585340898171
dry_bean,dry_bean,clustering,4,D,1100,1101,0.7218765764056578,0.7221828058050664,0.0003062293994086085
dry_bean,dry_bean,clustering,4,D,1110,1111,0.7181713420009476,0.7182556154683788,8.427346743122843e-05
elnino,elnino,forecasting,4,A,0000,1000,0.7991947769571704,0.7987586056818808,-0.00043617127528960964
elnino,elnino,forecasting,4,A,0001,1001,0.7987275322007399,0.7981728291244664,-0.0005547030762734773
elnino,elnino,forecasting,4,A,0010,1010,0.7992928743392558,0.799056032503509,-0.00023684183574679274
elnino,elnino,forecasting,4,A,0011,1011,0.7989671922065039,0.7986127663723085,-0.0003544258341954265
elnino,elnino,forecasting,4,A,0100,1100,0.8931323779450218,0.8941223289244813,0.0009899509794595307
elnino,elnino,forecasting,4,A,0101,1101,0.8876700547004588,0.8884544128959849,0.0007843581955261358
elnino,elnino,forecasting,4,A,0110,1110,0.8934652843865263,0.8948399889301077,0.001374704543581462
elnino,elnino,forecasting,4,A,0111,1111,0.8866740269066106,0.8876467594135555,0.0009727325069449622
elnino,elnino,forecasting,4,B,0000,0100,0.7991947769571704,0.8931323779450218,0.09393760098785131
elnino,elnino,forecasting,4,B,0001,0101,0.7987275322007399,0.8876700547004588,0.0889425224997189
elnino,elnino,forecasting,4,B,0010,0110,0.7992928743392558,0.8934652843865263,0.0941724100472705
elnino,elnino,forecasting,4,B,0011,0111,0.7989671922065039,0.8866740269066106,0.08770683470010665
elnino,elnino,forecasting,4,B,1000,1100,0.7987586056818808,0.8941223289244813,0.09536372324260045
elnino,elnino,forecasting,4,B,1001,1101,0.7981728291244664,0.8884544128959849,0.09028158377151851
elnino,elnino,forecasting,4,B,1010,1110,0.799056032503509,0.8948399889301077,0.09578395642659876
elnino,elnino,forecasting,4,B,1011,1111,0.7986127663723085,0.8876467594135555,0.08903399304124704
elnino,elnino,forecasting,4,C,0000,0010,0.7991947769571704,0.7992928743392558,9.809738208532703e-05
elnino,elnino,forecasting,4,C,0001,0011,0.7987275322007399,0.7989671922065039,0.0002396600057640308
elnino,elnino,forecasting,4,C,0100,0110,0.8931323779450218,0.8934652843865263,0.0003329064415045213
elnino,elnino,forecasting,4,C,0101,0111,0.8876700547004588,0.8866740269066106,-0.0009960277938482198
elnino,elnino,forecasting,4,C,1000,1010,0.7987586056818808,0.799056032503509,0.00029742682162814393
elnino,elnino,forecasting,4,C,1001,1011,0.7981728291244664,0.7986127663723085,0.00043993724784208155
elnino,elnino,forecasting,4,C,1100,1110,0.8941223289244813,0.8948399889301077,0.0007176600056264526
elnino,elnino,forecasting,4,C,1101,1111,0.8884544128959849,0.8876467594135555,-0.0008076534824293935
elnino,elnino,forecasting,4,D,0000,0001,0.7991947769571704,0.7987275322007399,-0.0004672447564305626
elnino,elnino,forecasting,4,D,0010,0011,0.7992928743392558,0.7989671922065039,-0.00032568213275185887
elnino,elnino,forecasting,4,D,0100,0101,0.8931323779450218,0.8876700547004588,-0.005462323244562972
elnino,elnino,forecasting,4,D,0110,0111,0.8934652843865263,0.8866740269066106,-0.006791257479915713
elnino,elnino,forecasting,4,D,1000,1001,0.7987586056818808,0.7981728291244664,-0.0005857765574144302
elnino,elnino,forecasting,4,D,1010,1011,0.799056032503509,0.7986127663723085,-0.00044326613120049263
elnino,elnino,forecasting,4,D,1100,1101,0.8941223289244813,0.8884544128959849,-0.005667916028496367
elnino,elnino,forecasting,4,D,1110,1111,0.8948399889301077,0.8876467594135555,-0.007193229516552213
energy_efficiency,energy_efficiency,regression,4,A,0000,1000,0.8940400896960222,0.9041542997583503,0.010114210062328044
energy_efficiency,energy_efficiency,regression,4,A,0001,1001,0.8862318769567604,0.8951410720589171,0.008909195102156708
energy_efficiency,energy_efficiency,regression,4,A,0010,1010,0.92542373005138,0.9264146344125519,0.0009909043611718849
energy_efficiency,energy_efficiency,regression,4,A,0011,1011,0.9179444332840748,0.9230724520436642,0.005128018759589348
energy_efficiency,energy_efficiency,regression,4,A,0100,1100,0.898658818754966,0.9030356906806001,0.004376871925634074
energy_efficiency,energy_efficiency,regression,4,A,0101,1101,0.897983690381249,0.9024677183108676,0.00448402792961855
energy_efficiency,energy_efficiency,regression,4,A,0110,1110,0.9206827230564241,0.9189196534048759,-0.0017630696515481548
energy_efficiency,energy_efficiency,regression,4,A,0111,1111,0.9135521346853448,0.9123909261360095,-0.0011612085493353241
energy_efficiency,energy_efficiency,regression,4,B,0000,0100,0.8940400896960222,0.898658818754966,0.004618729058943782
energy_efficiency,energy_efficiency,regression,4,B,0001,0101,0.8862318769567604,0.897983690381249,0.01175181342448861
energy_efficiency,energy_efficiency,regression,4,B,0010,0110,0.92542373005138,0.9206827230564241,-0.004741006994955943
energy_efficiency,energy_efficiency,regression,4,B,0011,0111,0.9179444332840748,0.9135521346853448,-0.004392298598730027
energy_efficiency,energy_efficiency,regression,4,B,1000,1100,0.9041542997583503,0.9030356906806001,-0.0011186090777501878
energy_efficiency,energy_efficiency,regression,4,B,1001,1101,0.8951410720589171,0.9024677183108676,0.007326646251950453
energy_efficiency,energy_efficiency,regression,4,B,1010,1110,0.9264146344125519,0.9189196534048759,-0.007494981007675983
energy_efficiency,energy_efficiency,regression,4,B,1011,1111,0.9230724520436642,0.9123909261360095,-0.010681525907654699
energy_efficiency,energy_efficiency,regression,4,C,0000,0010,0.8940400896960222,0.92542373005138,0.03138364035535779
energy_efficiency,energy_efficiency,regression,4,C,0001,0011,0.8862318769567604,0.9179444332840748,0.0317125563273144
energy_efficiency,energy_efficiency,regression,4,C,0100,0110,0.898658818754966,0.9206827230564241,0.022023904301458064
energy_efficiency,energy_efficiency,regression,4,C,0101,0111,0.897983690381249,0.9135521346853448,0.015568444304095763
energy_efficiency,energy_efficiency,regression,4,C,1000,1010,0.9041542997583503,0.9264146344125519,0.02226033465420163
energy_efficiency,energy_efficiency,regression,4,C,1001,1011,0.8951410720589171,0.9230724520436642,0.02793137998474704
energy_efficiency,energy_efficiency,regression,4,C,1100,1110,0.9030356906806001,0.9189196534048759,0.015883962724275835
energy_efficiency,energy_efficiency,regression,4,C,1101,1111,0.9024677183108676,0.9123909261360095,0.009923207825141889
energy_efficiency,energy_efficiency,regression,4,D,0000,0001,0.8940400896960222,0.8862318769567604,-0.0078082127392617995
energy_efficiency,energy_efficiency,regression,4,D,0010,0011,0.92542373005138,0.9179444332840748,-0.007479296767305188
energy_efficiency,energy_efficiency,regression,4,D,0100,0101,0.898658818754966,0.897983690381249,-0.0006751283737169711
energy_efficiency,energy_efficiency,regression,4,D,0110,0111,0.9206827230564241,0.9135521346853448,-0.007130588371079272
energy_efficiency,energy_efficiency,regression,4,D,1000,1001,0.9041542997583503,0.8951410720589171,-0.009013227699433135
energy_efficiency,energy_efficiency,regression,4,D,1010,1011,0.9264146344125519,0.9230724520436642,-0.003342182368887725
energy_efficiency,energy_efficiency,regression,4,D,1100,1101,0.9030356906806001,0.9024677183108676,-0.0005679723697324945
energy_efficiency,energy_efficiency,regression,4,D,1110,1111,0.9189196534048759,0.9123909261360095,-0.006528727268866441
glass,glass,clustering,4,A,0000,1000,0.38704406222431487,0.3960272232724408,0.00898316104812591
glass,glass,clustering,4,A,0001,1001,0.4187686201378719,0.37297518815444797,-0.04579343198342395
glass,glass,clustering,4,A,0010,1010,0.37869380557968985,0.3485692537185727,-0.03012455186111712
glass,glass,clustering,4,A,0011,1011,0.4269997708390346,0.3729751881544479,-0.05402458268458671
glass,glass,clustering,4,A,0100,1100,0.2711092377577678,0.25370322569995596,-0.017406012057811837
glass,glass,clustering,4,A,0101,1101,0.2711092377577678,0.2991866056848531,0.028077367927085317
glass,glass,clustering,4,A,0110,1110,0.3202604018585954,0.33862680716688937,0.018366405308293976
glass,glass,clustering,4,A,0111,1111,0.3131437274953978,0.33862680716688937,0.02548307967149155
glass,glass,clustering,4,B,0000,0100,0.38704406222431487,0.2711092377577678,-0.11593482446654707
glass,glass,clustering,4,B,0001,0101,0.4187686201378719,0.2711092377577678,-0.14765938238010412
glass,glass,clustering,4,B,0010,0110,0.37869380557968985,0.3202604018585954,-0.05843340372109446
glass,glass,clustering,4,B,0011,0111,0.4269997708390346,0.3131437274953978,-0.1138560433436368
glass,glass,clustering,4,B,1000,1100,0.3960272232724408,0.25370322569995596,-0.14232399757248482
glass,glass,clustering,4,B,1001,1101,0.37297518815444797,0.2991866056848531,-0.07378858246959485
glass,glass,clustering,4,B,1010,1110,0.3485692537185727,0.33862680716688937,-0.00994244655168336
glass,glass,clustering,4,B,1011,1111,0.3729751881544479,0.33862680716688937,-0.03434838098755855
glass,glass,clustering,4,C,0000,0010,0.38704406222431487,0.37869380557968985,-0.00835025664462502
glass,glass,clustering,4,C,0001,0011,0.4187686201378719,0.4269997708390346,0.008231150701162704
glass,glass,clustering,4,C,0100,0110,0.2711092377577678,0.3202604018585954,0.04915116410082759
glass,glass,clustering,4,C,0101,0111,0.2711092377577678,0.3131437274953978,0.04203448973763002
glass,glass,clustering,4,C,1000,1010,0.3960272232724408,0.3485692537185727,-0.04745796955386805
glass,glass,clustering,4,C,1001,1011,0.37297518815444797,0.3729751881544479,-5.551115123125783e-17
glass,glass,clustering,4,C,1100,1110,0.25370322569995596,0.33862680716688937,0.0849235814669334
glass,glass,clustering,4,C,1101,1111,0.2991866056848531,0.33862680716688937,0.03944020148203625
glass,glass,clustering,4,D,0000,0001,0.38704406222431487,0.4187686201378719,0.03172455791355705
glass,glass,clustering,4,D,0010,0011,0.37869380557968985,0.4269997708390346,0.048305965259344774
glass,glass,clustering,4,D,0100,0101,0.2711092377577678,0.2711092377577678,0.0
glass,glass,clustering,4,D,0110,0111,0.3202604018585954,0.3131437274953978,-0.007116674363197573
glass,glass,clustering,4,D,1000,1001,0.3960272232724408,0.37297518815444797,-0.02305203511799281
glass,glass,clustering,4,D,1010,1011,0.3485692537185727,0.3729751881544479,0.024405934435875187
glass,glass,clustering,4,D,1100,1101,0.25370322569995596,0.2991866056848531,0.045483379984897154
glass,glass,clustering,4,D,1110,1111,0.33862680716688937,0.33862680716688937,0.0
hubble_deep_field,hubble_deep_field,image_restoration,4,A,0000,1000,0.5565524888174966,0.6251365560665418,0.0685840672490452
hubble_deep_field,hubble_deep_field,image_restoration,4,A,0001,1001,0.48674523987243395,0.6130816135916664,0.1263363737192324
hubble_deep_field,hubble_deep_field,image_restoration,4,A,0010,1010,0.6795908385255717,0.6364708736196925,-0.043119964905879216
hubble_deep_field,hubble_deep_field,image_restoration,4,A,0011,1011,0.6660300056553674,0.6404945965043418,-0.02553540915102559
hubble_deep_field,hubble_deep_field,image_restoration,4,A,0100,1100,0.6647272502560059,0.6284664778600376,-0.036260772395968255
hubble_deep_field,hubble_deep_field,image_restoration,4,A,0101,1101,0.6687192658637452,0.6335766926341629,-0.03514257322958225
hubble_deep_field,hubble_deep_field,image_restoration,4,A,0110,1110,0.6480872986945296,0.6204553657522791,-0.027631932942250526
hubble_deep_field,hubble_deep_field,image_restoration,4,A,0111,1111,0.6601035652514204,0.6271424544089202,-0.032961110842500196
hubble_deep_field,hubble_deep_field,image_restoration,4,B,0000,0100,0.5565524888174966,0.6647272502560059,0.10817476143850924
hubble_deep_field,hubble_deep_field,image_restoration,4,B,0001,0101,0.48674523987243395,0.6687192658637452,0.18197402599131124
hubble_deep_field,hubble_deep_field,image_restoration,4,B,0010,0110,0.6795908385255717,0.6480872986945296,-0.03150353983104204
hubble_deep_field,hubble_deep_field,image_restoration,4,B,0011,0111,0.6660300056553674,0.6601035652514204,-0.005926440403946964
hubble_deep_field,hubble_deep_field,image_restoration,4,B,1000,1100,0.6251365560665418,0.6284664778600376,0.0033299217934957825
hubble_deep_field,hubble_deep_field,image_restoration,4,B,1001,1101,0.6130816135916664,0.6335766926341629,0.02049507904249659
hubble_deep_field,hubble_deep_field,image_restoration,4,B,1010,1110,0.6364708736196925,0.6204553657522791,-0.016015507867413348
hubble_deep_field,hubble_deep_field,image_restoration,4,B,1011,1111,0.6404945965043418,0.6271424544089202,-0.01335214209542157
hubble_deep_field,hubble_deep_field,image_restoration,4,C,0000,0010,0.5565524888174966,0.6795908385255717,0.12303834970807503
hubble_deep_field,hubble_deep_field,image_restoration,4,C,0001,0011,0.48674523987243395,0.6660300056553674,0.17928476578293345
hubble_deep_field,hubble_deep_field,image_restoration,4,C,0100,0110,0.6647272502560059,0.6480872986945296,-0.01663995156147624
hubble_deep_field,hubble_deep_field,image_restoration,4,C,0101,0111,0.6687192658637452,0.6601035652514204,-0.00861570061232475
hubble_deep_field,hubble_deep_field,image_restoration,4,C,1000,1010,0.6251365560665418,0.6364708736196925,0.011334317553150619
hubble_deep_field,hubble_deep_field,image_restoration,4,C,1001,1011,0.6130816135916664,0.6404945965043418,0.027412982912675465
hubble_deep_field,hubble_deep_field,image_restoration,4,C,1100,1110,0.6284664778600376,0.6204553657522791,-0.008011112107758511
hubble_deep_field,hubble_deep_field,image_restoration,4,C,1101,1111,0.6335766926341629,0.6271424544089202,-0.006434238225242694
hubble_deep_field,hubble_deep_field,image_restoration,4,D,0000,0001,0.5565524888174966,0.48674523987243395,-0.06980724894506268
hubble_deep_field,hubble_deep_field,image_restoration,4,D,0010,0011,0.6795908385255717,0.6660300056553674,-0.013560832870204265
hubble_deep_field,hubble_deep_field,image_restoration,4,D,0100,0101,0.6647272502560059,0.6687192658637452,0.003992015607739319
hubble_deep_field,hubble_deep_field,image_restoration,4,D,0110,0111,0.6480872986945296,0.6601035652514204,0.012016266556890809
hubble_deep_field,hubble_deep_field,image_restoration,4,D,1000,1001,0.6251365560665418,0.6130816135916664,-0.012054942474875485
hubble_deep_field,hubble_deep_field,image_restoration,4,D,1010,1011,0.6364708736196925,0.6404945965043418,0.004023722884649361
hubble_deep_field,hubble_deep_field,image_restoration,4,D,1100,1101,0.6284664778600376,0.6335766926341629,0.005110214774125321
hubble_deep_field,hubble_deep_field,image_restoration,4,D,1110,1111,0.6204553657522791,0.6271424544089202,0.006687088656641138
ionosphere,ionosphere,classification,4,A,0000,1000,0.7721445221445222,0.7902097902097902,0.01806526806526798
ionosphere,ionosphere,classification,4,A,0001,1001,0.7517482517482518,0.754079254079254,0.002331002331002252
ionosphere,ionosphere,classification,4,A,0010,1010,0.8059440559440559,0.8135198135198135,0.007575757575757569
ionosphere,ionosphere,classification,4,A,0011,1011,0.7907925407925408,0.7983682983682984,0.007575757575757569
ionosphere,ionosphere,classification,4,A,0100,1100,0.831002331002331,0.8234265734265734,-0.007575757575757569
ionosphere,ionosphere,classification,4,A,0101,1101,0.7645687645687647,0.7773892773892774,0.012820512820512775
ionosphere,ionosphere,classification,4,A,0110,1110,0.8187645687645688,0.8467365967365967,0.027972027972027913
ionosphere,ionosphere,classification,4,A,0111,1111,0.8187645687645688,0.8467365967365967,0.027972027972027913
ionosphere,ionosphere,classification,4,B,0000,0100,0.7721445221445222,0.831002331002331,0.05885780885780878
ionosphere,ionosphere,classification,4,B,0001,0101,0.7517482517482518,0.7645687645687647,0.012820512820512886
ionosphere,ionosphere,classification,4,B,0010,0110,0.8059440559440559,0.8187645687645688,0.012820512820512886
ionosphere,ionosphere,classification,4,B,0011,0111,0.7907925407925408,0.8187645687645688,0.027972027972028024
ionosphere,ionosphere,classification,4,B,1000,1100,0.7902097902097902,0.8234265734265734,0.03321678321678323
ionosphere,ionosphere,classification,4,B,1001,1101,0.754079254079254,0.7773892773892774,0.02331002331002341
ionosphere,ionosphere,classification,4,B,1010,1110,0.8135198135198135,0.8467365967365967,0.03321678321678323
ionosphere,ionosphere,classification,4,B,1011,1111,0.7983682983682984,0.8467365967365967,0.04836829836829837
ionosphere,ionosphere,classification,4,C,0000,0010,0.7721445221445222,0.8059440559440559,0.03379953379953371
ionosphere,ionosphere,classification,4,C,0001,0011,0.7517482517482518,0.7907925407925408,0.03904428904428903
ionosphere,ionosphere,classification,4,C,0100,0110,0.831002331002331,0.8187645687645688,-0.012237762237762184
ionosphere,ionosphere,classification,4,C,0101,0111,0.7645687645687647,0.8187645687645688,0.054195804195804165
ionosphere,ionosphere,classification,4,C,1000,1010,0.7902097902097902,0.8135198135198135,0.023310023310023298
ionosphere,ionosphere,classification,4,C,1001,1011,0.754079254079254,0.7983682983682984,0.044289044289044344
ionosphere,ionosphere,classification,4,C,1100,1110,0.8234265734265734,0.8467365967365967,0.023310023310023298
ionosphere,ionosphere,classification,4,C,1101,1111,0.7773892773892774,0.8467365967365967,0.0693473193473193
ionosphere,ionosphere,classification,4,D,0000,0001,0.7721445221445222,0.7517482517482518,-0.020396270396270455
ionosphere,ionosphere,classification,4,D,0010,0011,0.8059440559440559,0.7907925407925408,-0.015151515151515138
ionosphere,ionosphere,classification,4,D,0100,0101,0.831002331002331,0.7645687645687647,-0.06643356643356635
ionosphere,ionosphere,classification,4,D,0110,0111,0.8187645687645688,0.8187645687645688,0.0
ionosphere,ionosphere,classification,4,D,1000,1001,0.7902097902097902,0.754079254079254,-0.036130536130536184
ionosphere,ionosphere,classification,4,D,1010,1011,0.8135198135198135,0.7983682983682984,-0.015151515151515138
ionosphere,ionosphere,classification,4,D,1100,1101,0.8234265734265734,0.7773892773892774,-0.046037296037296005
ionosphere,ionosphere,classification,4,D,1110,1111,0.8467365967365967,0.8467365967365967,0.0
nile,nile,forecasting,4,A,0000,1000,0.7468928980264946,0.7024108446804382,-0.04448205334605637
nile,nile,forecasting,4,A,0001,1001,0.7513064844764189,0.7158010998554833,-0.035505384620935554
nile,nile,forecasting,4,A,0010,1010,0.7545081636245585,0.7007083246828529,-0.05379983894170559
nile,nile,forecasting,4,A,0011,1011,0.7587885448816651,0.7140040948889966,-0.04478444999266851
nile,nile,forecasting,4,A,0100,1100,0.7634474143048099,0.7103276400880367,-0.05311977421677316
nile,nile,forecasting,4,A,0101,1101,0.7649819307764885,0.7380929519469546,-0.026888978829533894
nile,nile,forecasting,4,A,0110,1110,0.7667106652983267,0.7176828133884199,-0.04902785190990677
nile,nile,forecasting,4,A,0111,1111,0.768931952715793,0.7344445344353595,-0.034487418280433446
nile,nile,forecasting,4,B,0000,0100,0.7468928980264946,0.7634474143048099,0.01655451627831528
nile,nile,forecasting,4,B,0001,0101,0.7513064844764189,0.7649819307764885,0.01367544630006956
nile,nile,forecasting,4,B,0010,0110,0.7545081636245585,0.7667106652983267,0.012202501673768129
nile,nile,forecasting,4,B,0011,0111,0.7587885448816651,0.768931952715793,0.010143407834127816
nile,nile,forecasting,4,B,1000,1100,0.7024108446804382,0.7103276400880367,0.007916795407598487
nile,nile,forecasting,4,B,1001,1101,0.7158010998554833,0.7380929519469546,0.02229185209147122
nile,nile,forecasting,4,B,1010,1110,0.7007083246828529,0.7176828133884199,0.016974488705566948
nile,nile,forecasting,4,B,1011,1111,0.7140040948889966,0.7344445344353595,0.020440439546362876
nile,nile,forecasting,4,C,0000,0010,0.7468928980264946,0.7545081636245585,0.007615265598063914
nile,nile,forecasting,4,C,0001,0011,0.7513064844764189,0.7587885448816651,0.007482060405246238
nile,nile,forecasting,4,C,0100,0110,0.7634474143048099,0.7667106652983267,0.003263250993516764
nile,nile,forecasting,4,C,0101,0111,0.7649819307764885,0.768931952715793,0.003950021939304493
nile,nile,forecasting,4,C,1000,1010,0.7024108446804382,0.7007083246828529,-0.0017025199975853056
nile,nile,forecasting,4,C,1001,1011,0.7158010998554833,0.7140040948889966,-0.001797004966486715
nile,nile,forecasting,4,C,1100,1110,0.7103276400880367,0.7176828133884199,0.007355173300383155
nile,nile,forecasting,4,C,1101,1111,0.7380929519469546,0.7344445344353595,-0.003648417511595059
nile,nile,forecasting,4,D,0000,0001,0.7468928980264946,0.7513064844764189,0.004413586449924289
nile,nile,forecasting,4,D,0010,0011,0.7545081636245585,0.7587885448816651,0.0042803812571066135
nile,nile,forecasting,4,D,0100,0101,0.7634474143048099,0.7649819307764885,0.0015345164716785709
nile,nile,forecasting,4,D,0110,0111,0.7667106652983267,0.768931952715793,0.0022212874174663
nile,nile,forecasting,4,D,1000,1001,0.7024108446804382,0.7158010998554833,0.013390255175045107
nile,nile,forecasting,4,D,1010,1011,0.7007083246828529,0.7140040948889966,0.013295770206143698
nile,nile,forecasting,4,D,1100,1101,0.7103276400880367,0.7380929519469546,0.02776531185891784
nile,nile,forecasting,4,D,1110,1111,0.7176828133884199,0.7344445344353595,0.016761721046939626
rocket,rocket,image_restoration,4,A,0000,1000,0.5083411545088529,0.679091727311213,0.17075057280236017
rocket,rocket,image_restoration,4,A,0001,1001,0.43013095324066125,0.6397859196069555,0.20965496636629427
rocket,rocket,image_restoration,4,A,0010,1010,0.7426400626488688,0.7424157100336223,-0.00022435261524655914
rocket,rocket,image_restoration,4,A,0011,1011,0.7146848523679736,0.7357167232194253,0.02103187085145164
rocket,rocket,image_restoration,4,A,0100,1100,0.7162112733190567,0.7260663723575109,0.009855099038454274
rocket,rocket,image_restoration,4,A,0101,1101,0.6881545190074173,0.7159378820910134,0.02778336308359608
rocket,rocket,image_restoration,4,A,0110,1110,0.7599293028768836,0.7448539409020066,-0.015075361974877022
rocket,rocket,image_restoration,4,A,0111,1111,0.7607078400836917,0.7458202578851357,-0.014887582198556015
rocket,rocket,image_restoration,4,B,0000,0100,0.5083411545088529,0.7162112733190567,0.20787011881020379
rocket,rocket,image_restoration,4,B,0001,0101,0.43013095324066125,0.6881545190074173,0.25802356576675606
rocket,rocket,image_restoration,4,B,0010,0110,0.7426400626488688,0.7599293028768836,0.017289240228014813
rocket,rocket,image_restoration,4,B,0011,0111,0.7146848523679736,0.7607078400836917,0.04602298771571811
rocket,rocket,image_restoration,4,B,1000,1100,0.679091727311213,0.7260663723575109,0.04697464504629789
rocket,rocket,image_restoration,4,B,1001,1101,0.6397859196069555,0.7159378820910134,0.07615196248405787
rocket,rocket,image_restoration,4,B,1010,1110,0.7424157100336223,0.7448539409020066,0.00243823086838435
rocket,rocket,image_restoration,4,B,1011,1111,0.7357167232194253,0.7458202578851357,0.010103534665710456
rocket,rocket,image_restoration,4,C,0000,0010,0.5083411545088529,0.7426400626488688,0.23429890814001597
rocket,rocket,image_restoration,4,C,0001,0011,0.43013095324066125,0.7146848523679736,0.2845538991273124
rocket,rocket,image_restoration,4,C,0100,0110,0.7162112733190567,0.7599293028768836,0.043718029557827
rocket,rocket,image_restoration,4,C,0101,0111,0.6881545190074173,0.7607078400836917,0.07255332107627444
rocket,rocket,image_restoration,4,C,1000,1010,0.679091727311213,0.7424157100336223,0.06332398272240924
rocket,rocket,image_restoration,4,C,1001,1011,0.6397859196069555,0.7357167232194253,0.09593080361246975
rocket,rocket,image_restoration,4,C,1100,1110,0.7260663723575109,0.7448539409020066,0.018787568544495703
rocket,rocket,image_restoration,4,C,1101,1111,0.7159378820910134,0.7458202578851357,0.02988237579412234
rocket,rocket,image_restoration,4,D,0000,0001,0.5083411545088529,0.43013095324066125,-0.07821020126819161
rocket,rocket,image_restoration,4,D,0010,0011,0.7426400626488688,0.7146848523679736,-0.027955210280895204
rocket,rocket,image_restoration,4,D,0100,0101,0.7162112733190567,0.6881545190074173,-0.028056754311639343
rocket,rocket,image_restoration,4,D,0110,0111,0.7599293028768836,0.7607078400836917,0.0007785372068080942
rocket,rocket,image_restoration,4,D,1000,1001,0.679091727311213,0.6397859196069555,-0.03930580770425751
rocket,rocket,image_restoration,4,D,1010,1011,0.7424157100336223,0.7357167232194253,-0.0066989868141970055
rocket,rocket,image_restoration,4,D,1100,1101,0.7260663723575109,0.7159378820910134,-0.010128490266497536
rocket,rocket,image_restoration,4,D,1110,1111,0.7448539409020066,0.7458202578851357,0.0009663169831291007
scifact,scifact,retrieval,4,A,0000,1000,0.37270262738981463,0.40789532147187346,0.03519269408205883
scifact,scifact,retrieval,4,A,0001,1001,0.6094634528102678,0.6212547598637264,0.011791307053458544
scifact,scifact,retrieval,4,A,0010,1010,0.4895441058375042,0.5222612764301704,0.03271717059266621
scifact,scifact,retrieval,4,A,0011,1011,0.6791859432466931,0.6674581581093648,-0.011727785137328306
scifact,scifact,retrieval,4,A,0100,1100,0.5246495779519533,0.5469629089126593,0.02231333096070598
scifact,scifact,retrieval,4,A,0101,1101,0.6158943234389972,0.6173120164955426,0.0014176930565453771
scifact,scifact,retrieval,4,A,0110,1110,0.6401647801011296,0.6246799376892718,-0.01548484241185788
scifact,scifact,retrieval,4,A,0111,1111,0.6821214136920579,0.6794501242916556,-0.002671289400402288
scifact,scifact,retrieval,4,B,0000,0100,0.37270262738981463,0.5246495779519533,0.1519469505621387
scifact,scifact,retrieval,4,B,0001,0101,0.6094634528102678,0.6158943234389972,0.006430870628729379
scifact,scifact,retrieval,4,B,0010,0110,0.4895441058375042,0.6401647801011296,0.15062067426362546
scifact,scifact,retrieval,4,B,0011,0111,0.6791859432466931,0.6821214136920579,0.002935470445364796
scifact,scifact,retrieval,4,B,1000,1100,0.40789532147187346,0.5469629089126593,0.13906758744078584
scifact,scifact,retrieval,4,B,1001,1101,0.6212547598637264,0.6173120164955426,-0.003942743368183788
scifact,scifact,retrieval,4,B,1010,1110,0.5222612764301704,0.6246799376892718,0.10241866125910137
scifact,scifact,retrieval,4,B,1011,1111,0.6674581581093648,0.6794501242916556,0.011991966182290814
scifact,scifact,retrieval,4,C,0000,0010,0.37270262738981463,0.4895441058375042,0.11684147844768955
scifact,scifact,retrieval,4,C,0001,0011,0.6094634528102678,0.6791859432466931,0.06972249043642531
scifact,scifact,retrieval,4,C,0100,0110,0.5246495779519533,0.6401647801011296,0.11551520214917632
scifact,scifact,retrieval,4,C,0101,0111,0.6158943234389972,0.6821214136920579,0.06622709025306073
scifact,scifact,retrieval,4,C,1000,1010,0.40789532147187346,0.5222612764301704,0.11436595495829693
scifact,scifact,retrieval,4,C,1001,1011,0.6212547598637264,0.6674581581093648,0.04620339824563846
scifact,scifact,retrieval,4,C,1100,1110,0.5469629089126593,0.6246799376892718,0.07771702877661246
scifact,scifact,retrieval,4,C,1101,1111,0.6173120164955426,0.6794501242916556,0.06213810779611306
scifact,scifact,retrieval,4,D,0000,0001,0.37270262738981463,0.6094634528102678,0.23676082542045318
scifact,scifact,retrieval,4,D,0010,0011,0.4895441058375042,0.6791859432466931,0.18964183740918894
scifact,scifact,retrieval,4,D,0100,0101,0.5246495779519533,0.6158943234389972,0.09124474548704387
scifact,scifact,retrieval,4,D,0110,0111,0.6401647801011296,0.6821214136920579,0.04195663359092827
scifact,scifact,retrieval,4,D,1000,1001,0.40789532147187346,0.6212547598637264,0.2133594383918529
scifact,scifact,retrieval,4,D,1010,1011,0.5222612764301704,0.6674581581093648,0.14519688167919442
scifact,scifact,retrieval,4,D,1100,1101,0.5469629089126593,0.6173120164955426,0.07034910758288326
scifact,scifact,retrieval,4,D,1110,1111,0.6246799376892718,0.6794501242916556,0.054770186602383863
seeds,seeds,clustering,4,A,0000,1000,0.710063757776045,0.5040864060579315,-0.2059773517181135
seeds,seeds,clustering,4,A,0001,1001,0.6949250270680577,0.5040864060579315,-0.19083862101012616
seeds,seeds,clustering,4,A,0010,1010,0.710063757776045,0.5040864060579315,-0.2059773517181135
seeds,seeds,clustering,4,A,0011,1011,0.6949250270680577,0.5040864060579315,-0.19083862101012616
seeds,seeds,clustering,4,A,0100,1100,0.7307315088111603,0.7407650572772738,0.010033548466113484
seeds,seeds,clustering,4,A,0101,1101,0.727864144698467,0.7390828631709524,0.011218718472485345
seeds,seeds,clustering,4,A,0110,1110,0.7307315088111603,0.7284035084117805,-0.0023280003993798593
seeds,seeds,clustering,4,A,0111,1111,0.7384069651104698,0.7193354017949463,-0.01907156331552351
seeds,seeds,clustering,4,B,0000,0100,0.710063757776045,0.7307315088111603,0.02066775103511531
seeds,seeds,clustering,4,B,0001,0101,0.6949250270680577,0.727864144698467,0.032939117630409354
seeds,seeds,clustering,4,B,0010,0110,0.710063757776045,0.7307315088111603,0.02066775103511531
seeds,seeds,clustering,4,B,0011,0111,0.6949250270680577,0.7384069651104698,0.04348193804241207
seeds,seeds,clustering,4,B,1000,1100,0.5040864060579315,0.7407650572772738,0.23667865121934228
seeds,seeds,clustering,4,B,1001,1101,0.5040864060579315,0.7390828631709524,0.23499645711302086
seeds,seeds,clustering,4,B,1010,1110,0.5040864060579315,0.7284035084117805,0.22431710235384894
seeds,seeds,clustering,4,B,1011,1111,0.5040864060579315,0.7193354017949463,0.21524899573701473
seeds,seeds,clustering,4,C,0000,0010,0.710063757776045,0.710063757776045,0.0
seeds,seeds,clustering,4,C,0001,0011,0.6949250270680577,0.6949250270680577,0.0
seeds,seeds,clustering,4,C,0100,0110,0.7307315088111603,0.7307315088111603,0.0
seeds,seeds,clustering,4,C,0101,0111,0.727864144698467,0.7384069651104698,0.010542820412002718
seeds,seeds,clustering,4,C,1000,1010,0.5040864060579315,0.5040864060579315,0.0
seeds,seeds,clustering,4,C,1001,1011,0.5040864060579315,0.5040864060579315,0.0
seeds,seeds,clustering,4,C,1100,1110,0.7407650572772738,0.7284035084117805,-0.012361548865493344
seeds,seeds,clustering,4,C,1101,1111,0.7390828631709524,0.7193354017949463,-0.019747461376006137
seeds,seeds,clustering,4,D,0000,0001,0.710063757776045,0.6949250270680577,-0.015138730707987325
seeds,seeds,clustering,4,D,0010,0011,0.710063757776045,0.6949250270680577,-0.015138730707987325
seeds,seeds,clustering,4,D,0100,0101,0.7307315088111603,0.727864144698467,-0.0028673641126932825
seeds,seeds,clustering,4,D,0110,0111,0.7307315088111603,0.7384069651104698,0.0076754562993094355
seeds,seeds,clustering,4,D,1000,1001,0.5040864060579315,0.5040864060579315,0.0
seeds,seeds,clustering,4,D,1010,1011,0.5040864060579315,0.5040864060579315,0.0
seeds,seeds,clustering,4,D,1100,1101,0.7407650572772738,0.7390828631709524,-0.0016821941063214219
seeds,seeds,clustering,4,D,1110,1111,0.7284035084117805,0.7193354017949463,-0.009068106616834215
spambase,spambase,classification,4,A,0000,1000,0.9193196086638067,0.9365255833420529,0.01720597467824625
spambase,spambase,classification,4,A,0001,1001,0.9073911792403474,0.9107094276446583,0.0033182484043109417
spambase,spambase,classification,4,A,0010,1010,0.9319634822643089,0.9372554148791462,0.005291932614837291
spambase,spambase,classification,4,A,0011,1011,0.9150936486345087,0.9216869833629799,0.006593334728471234
spambase,spambase,classification,4,A,0100,1100,0.9203136444490949,0.943819974887517,0.023506330438422096
spambase,spambase,classification,4,A,0101,1101,0.9113529350214502,0.9381775138641834,0.02682457884273315
spambase,spambase,classification,4,A,0110,1110,0.9309694464790206,0.9418894527571413,0.01092000627812073
spambase,spambase,classification,4,A,0111,1111,0.921365229674584,0.9408810296118029,0.01951579993721886
spambase,spambase,classification,4,B,0000,0100,0.9193196086638067,0.9203136444490949,0.0009940357852882276
spambase,spambase,classification,4,B,0001,0101,0.9073911792403474,0.9113529350214502,0.003961755781102805
spambase,spambase,classification,4,B,0010,0110,0.9319634822643089,0.9309694464790206,-0.0009940357852883386
spambase,spambase,classification,4,B,0011,0111,0.9150936486345087,0.921365229674584,0.0062715810400753025
spambase,spambase,classification,4,B,1000,1100,0.9365255833420529,0.943819974887517,0.007294391545464074
spambase,spambase,classification,4,B,1001,1101,0.9107094276446583,0.9381775138641834,0.027468086219525012
spambase,spambase,classification,4,B,1010,1110,0.9372554148791462,0.9418894527571413,0.004634037877995101
spambase,spambase,classification,4,B,1011,1111,0.9216869833629799,0.9408810296118029,0.019194046248822927
spambase,spambase,classification,4,C,0000,0010,0.9193196086638067,0.9319634822643089,0.012643873600502231
spambase,spambase,classification,4,C,0001,0011,0.9073911792403474,0.9150936486345087,0.007702469394161304
spambase,spambase,classification,4,C,0100,0110,0.9203136444490949,0.9309694464790206,0.010655802029925665
spambase,spambase,classification,4,C,0101,0111,0.9113529350214502,0.921365229674584,0.010012294653133802
spambase,spambase,classification,4,C,1000,1010,0.9365255833420529,0.9372554148791462,0.0007298315370932729
spambase,spambase,classification,4,C,1001,1011,0.9107094276446583,0.9216869833629799,0.010977555718321597
spambase,spambase,classification,4,C,1100,1110,0.943819974887517,0.9418894527571413,-0.0019305221303757003
spambase,spambase,classification,4,C,1101,1111,0.9381775138641834,0.9408810296118029,0.0027035157476195115
spambase,spambase,classification,4,D,0000,0001,0.9193196086638067,0.9073911792403474,-0.011928429423459286
spambase,spambase,classification,4,D,0010,0011,0.9319634822643089,0.9150936486345087,-0.016869833629800213
spambase,spambase,classification,4,D,0100,0101,0.9203136444490949,0.9113529350214502,-0.008960709427644709
spambase,spambase,classification,4,D,0110,0111,0.9309694464790206,0.921365229674584,-0.009604216804436572
spambase,spambase,classification,4,D,1000,1001,0.9365255833420529,0.9107094276446583,-0.025816155697394594
spambase,spambase,classification,4,D,1010,1011,0.9372554148791462,0.9216869833629799,-0.01556843151616627
spambase,spambase,classification,4,D,1100,1101,0.943819974887517,0.9381775138641834,-0.005642461023333656
spambase,spambase,classification,4,D,1110,1111,0.9418894527571413,0.9408810296118029,-0.001008423145338444
sunspots,sunspots,forecasting,4,A,0000,1000,0.6780682464537363,0.6789889665736186,0.0009207201198823123
sunspots,sunspots,forecasting,4,A,0001,1001,0.6750676323750054,0.6759867821628556,0.0009191497878501265
sunspots,sunspots,forecasting,4,A,0010,1010,0.6609402541783468,0.6545538001375085,-0.006386454040838263
sunspots,sunspots,forecasting,4,A,0011,1011,0.6542479823676227,0.6479918348713326,-0.00625614749629011
sunspots,sunspots,forecasting,4,A,0100,1100,0.7812193550390497,0.7788160034487467,-0.0024033515903030267
sunspots,sunspots,forecasting,4,A,0101,1101,0.7865730188091018,0.7824621483447425,-0.0041108704643593175
sunspots,sunspots,forecasting,4,A,0110,1110,0.8073853562282595,0.791716440939239,-0.01566891528902048
sunspots,sunspots,forecasting,4,A,0111,1111,0.7878651540316957,0.7695839172218543,-0.018281236809841395
sunspots,sunspots,forecasting,4,B,0000,0100,0.6780682464537363,0.7812193550390497,0.1031511085853134
sunspots,sunspots,forecasting,4,B,0001,0101,0.6750676323750054,0.7865730188091018,0.11150538643409635
sunspots,sunspots,forecasting,4,B,0010,0110,0.6609402541783468,0.8073853562282595,0.14644510204991268
sunspots,sunspots,forecasting,4,B,0011,0111,0.6542479823676227,0.7878651540316957,0.13361717166407294
sunspots,sunspots,forecasting,4,B,1000,1100,0.6789889665736186,0.7788160034487467,0.09982703687512806
sunspots,sunspots,forecasting,4,B,1001,1101,0.6759867821628556,0.7824621483447425,0.10647536618188691
sunspots,sunspots,forecasting,4,B,1010,1110,0.6545538001375085,0.791716440939239,0.13716264080173046
sunspots,sunspots,forecasting,4,B,1011,1111,0.6479918348713326,0.7695839172218543,0.12159208235052166
sunspots,sunspots,forecasting,4,C,0000,0010,0.6780682464537363,0.6609402541783468,-0.017127992275389525
sunspots,sunspots,forecasting,4,C,0001,0011,0.6750676323750054,0.6542479823676227,-0.02081965000738273
sunspots,sunspots,forecasting,4,C,0100,0110,0.7812193550390497,0.8073853562282595,0.026166001189209753
sunspots,sunspots,forecasting,4,C,0101,0111,0.7865730188091018,0.7878651540316957,0.0012921352225938598
sunspots,sunspots,forecasting,4,C,1000,1010,0.6789889665736186,0.6545538001375085,-0.0244351664361101
sunspots,sunspots,forecasting,4,C,1001,1011,0.6759867821628556,0.6479918348713326,-0.027994947291522965
sunspots,sunspots,forecasting,4,C,1100,1110,0.7788160034487467,0.791716440939239,0.0129004374904923
sunspots,sunspots,forecasting,4,C,1101,1111,0.7824621483447425,0.7695839172218543,-0.012878231122888217
sunspots,sunspots,forecasting,4,D,0000,0001,0.6780682464537363,0.6750676323750054,-0.0030006140787308677
sunspots,sunspots,forecasting,4,D,0010,0011,0.6609402541783468,0.6542479823676227,-0.006692271810724071
sunspots,sunspots,forecasting,4,D,0100,0101,0.7812193550390497,0.7865730188091018,0.005353663770052086
sunspots,sunspots,forecasting,4,D,0110,0111,0.8073853562282595,0.7878651540316957,-0.019520202196563807
sunspots,sunspots,forecasting,4,D,1000,1001,0.6789889665736186,0.6759867821628556,-0.0030021844107630535
sunspots,sunspots,forecasting,4,D,1010,1011,0.6545538001375085,0.6479918348713326,-0.006561965266175918
sunspots,sunspots,forecasting,4,D,1100,1101,0.7788160034487467,0.7824621483447425,0.0036461448959957954
sunspots,sunspots,forecasting,4,D,1110,1111,0.791716440939239,0.7695839172218543,-0.022132523717384722
wine,wine,clustering,4,A,0000,1000,0.42875685976453537,0.843410029759392,0.4146531699948567
wine,wine,clustering,4,A,0001,1001,0.42875685976453537,0.8506569957163777,0.4219001359518423
wine,wine,clustering,4,A,0010,1010,0.42875685976453537,0.8506569957163777,0.4219001359518423
wine,wine,clustering,4,A,0011,1011,0.42875685976453537,0.8506569957163777,0.4219001359518423
wine,wine,clustering,4,A,0100,1100,0.8925851652969188,0.8335668799331365,-0.059018285363782286
wine,wine,clustering,4,A,0101,1101,0.8758935341223069,0.8925851652969188,0.01669163117461192
wine,wine,clustering,4,A,0110,1110,0.8925851652969188,0.8781585673455438,-0.01442659795137502
wine,wine,clustering,4,A,0111,1111,0.8758935341223069,0.8466098147676714,-0.029283719354635473
wine,wine,clustering,4,B,0000,0100,0.42875685976453537,0.8925851652969188,0.4638283055323834
wine,wine,clustering,4,B,0001,0101,0.42875685976453537,0.8758935341223069,0.4471366743577715
wine,wine,clustering,4,B,0010,0110,0.42875685976453537,0.8925851652969188,0.4638283055323834
wine,wine,clustering,4,B,0011,0111,0.42875685976453537,0.8758935341223069,0.4471366743577715
wine,wine,clustering,4,B,1000,1100,0.843410029759392,0.8335668799331365,-0.00984314982625556
wine,wine,clustering,4,B,1001,1101,0.8506569957163777,0.8925851652969188,0.04192816958054113
wine,wine,clustering,4,B,1010,1110,0.8506569957163777,0.8781585673455438,0.02750157162916611
wine,wine,clustering,4,B,1011,1111,0.8506569957163777,0.8466098147676714,-0.004047180948706264
wine,wine,clustering,4,C,0000,0010,0.42875685976453537,0.42875685976453537,0.0
wine,wine,clustering,4,C,0001,0011,0.42875685976453537,0.42875685976453537,0.0
wine,wine,clustering,4,C,0100,0110,0.8925851652969188,0.8925851652969188,0.0
wine,wine,clustering,4,C,0101,0111,0.8758935341223069,0.8758935341223069,0.0
wine,wine,clustering,4,C,1000,1010,0.843410029759392,0.8506569957163777,0.007246965956985596
wine,wine,clustering,4,C,1001,1011,0.8506569957163777,0.8506569957163777,0.0
wine,wine,clustering,4,C,1100,1110,0.8335668799331365,0.8781585673455438,0.044591687412407266
wine,wine,clustering,4,C,1101,1111,0.8925851652969188,0.8466098147676714,-0.045975350529247394
wine,wine,clustering,4,D,0000,0001,0.42875685976453537,0.42875685976453537,0.0
wine,wine,clustering,4,D,0010,0011,0.42875685976453537,0.42875685976453537,0.0
wine,wine,clustering,4,D,0100,0101,0.8925851652969188,0.8758935341223069,-0.01669163117461192
wine,wine,clustering,4,D,0110,0111,0.8925851652969188,0.8758935341223069,-0.01669163117461192
wine,wine,clustering,4,D,1000,1001,0.843410029759392,0.8506569957163777,0.007246965956985596
wine,wine,clustering,4,D,1010,1011,0.8506569957163777,0.8506569957163777,0.0
wine,wine,clustering,4,D,1100,1101,0.8335668799331365,0.8925851652969188,0.059018285363782286
wine,wine,clustering,4,D,1110,1111,0.8781585673455438,0.8466098147676714,-0.031548752577872374
yacht,yacht,regression,4,A,0000,1000,0.6237071542720739,0.6646381011498231,0.04093094687774923
yacht,yacht,regression,4,A,0001,1001,0.5311665690665313,0.5552457804333163,0.024079211366785036
yacht,yacht,regression,4,A,0010,1010,0.619796558572199,0.8030836192348151,0.18328706066261613
yacht,yacht,regression,4,A,0011,1011,0.6211246681391436,0.762041511128517,0.14091684298937346
yacht,yacht,regression,4,A,0100,1100,0.6162860970093433,0.8002902327396718,0.18400413573032848
yacht,yacht,regression,4,A,0101,1101,0.6197379766269202,0.7795105280890876,0.1597725514621674
yacht,yacht,regression,4,A,0110,1110,0.7577767461338685,0.9158654021240814,0.15808865599021293
yacht,yacht,regression,4,A,0111,1111,0.7614214375460573,0.8978786434496997,0.1364572059036424
yacht,yacht,regression,4,B,0000,0100,0.6237071542720739,0.6162860970093433,-0.007421057262730568
yacht,yacht,regression,4,B,0001,0101,0.5311665690665313,0.6197379766269202,0.08857140756038895
yacht,yacht,regression,4,B,0010,0110,0.619796558572199,0.7577767461338685,0.13798018756166952
yacht,yacht,regression,4,B,0011,0111,0.6211246681391436,0.7614214375460573,0.1402967694069137
yacht,yacht,regression,4,B,1000,1100,0.6646381011498231,0.8002902327396718,0.13565213158984868
yacht,yacht,regression,4,B,1001,1101,0.5552457804333163,0.7795105280890876,0.2242647476557713
yacht,yacht,regression,4,B,1010,1110,0.8030836192348151,0.9158654021240814,0.11278178288926632
yacht,yacht,regression,4,B,1011,1111,0.762041511128517,0.8978786434496997,0.13583713232118266
yacht,yacht,regression,4,C,0000,0010,0.6237071542720739,0.619796558572199,-0.0039105956998749525
yacht,yacht,regression,4,C,0001,0011,0.5311665690665313,0.6211246681391436,0.08995809907261232
yacht,yacht,regression,4,C,0100,0110,0.6162860970093433,0.7577767461338685,0.14149064912452514
yacht,yacht,regression,4,C,0101,0111,0.6197379766269202,0.7614214375460573,0.14168346091913708
yacht,yacht,regression,4,C,1000,1010,0.6646381011498231,0.8030836192348151,0.13844551808499195
yacht,yacht,regression,4,C,1001,1011,0.5552457804333163,0.762041511128517,0.20679573069520074
yacht,yacht,regression,4,C,1100,1110,0.8002902327396718,0.9158654021240814,0.11557516938440959
yacht,yacht,regression,4,C,1101,1111,0.7795105280890876,0.8978786434496997,0.11836811536061209
yacht,yacht,regression,4,D,0000,0001,0.6237071542720739,0.5311665690665313,-0.09254058520554265
yacht,yacht,regression,4,D,0010,0011,0.619796558572199,0.6211246681391436,0.0013281095669446241
yacht,yacht,regression,4,D,0100,0101,0.6162860970093433,0.6197379766269202,0.0034518796175768696
yacht,yacht,regression,4,D,0110,0111,0.7577767461338685,0.7614214375460573,0.0036446914121888163
yacht,yacht,regression,4,D,1000,1001,0.6646381011498231,0.5552457804333163,-0.10939232071650684
yacht,yacht,regression,4,D,1010,1011,0.8030836192348151,0.762041511128517,-0.04104210810629805
yacht,yacht,regression,4,D,1100,1101,0.8002902327396718,0.7795105280890876,-0.020779704650584208
yacht,yacht,regression,4,D,1110,1111,0.9158654021240814,0.8978786434496997,-0.01798675867438171
spambase__d6,spambase,classification,6,A,000000,100000,0.9193196086638067,0.9365255833420529,0.01720597467824625
spambase__d6,spambase,classification,6,A,000001,100001,0.6649615465104113,0.9272718949461127,0.26231034843570145
spambase__d6,spambase,classification,6,A,000010,100010,0.9014701266087685,0.9249476823270901,0.023477555718321663
spambase__d6,spambase,classification,6,A,000011,100011,0.663967510725123,0.9117178507899968,0.24775034006487384
spambase__d6,spambase,classification,6,A,000100,100100,0.9073911792403474,0.9107094276446583,0.0033182484043109417
spambase__d6,spambase,classification,6,A,000101,100101,0.6649615465104113,0.9074055666003976,0.24244402008998633
spambase__d6,spambase,classification,6,A,000110,100110,0.8862522235010987,0.9054031076697708,0.019150884168672166
spambase__d6,spambase,classification,6,A,000111,100111,0.663967510725123,0.9001111750549335,0.2361436643298106
spambase__d6,spambase,classification,6,A,001000,101000,0.9319634822643089,0.9372554148791462,0.005291932614837291
spambase__d6,spambase,classification,6,A,001001,101001,0.6791657947054515,0.9270076906979177,0.2478418959924662
spambase__d6,spambase,classification,6,A,001010,101010,0.9094799623312755,0.9289813749084441,0.019501412577168642
spambase__d6,spambase,classification,6,A,001011,101011,0.6791657947054515,0.9243617243904991,0.24519592968504766
spambase__d6,spambase,classification,6,A,001100,101100,0.9150936486345087,0.9216869833629799,0.006593334728471234
spambase__d6,spambase,classification,6,A,001101,101101,0.6791657947054515,0.9183831223187193,0.23921732761326786
spambase__d6,spambase,classification,6,A,001110,101110,0.8949487286805482,0.9157515433713508,0.020802814690802585
spambase__d6,spambase,classification,6,A,001111,101111,0.6791657947054515,0.9068196086638066,0.22765381395835516
spambase__d6,spambase,classification,6,A,010000,110000,0.9203136444490949,0.943819974887517,0.023506330438422096
spambase__d6,spambase,classification,6,A,010001,110001,0.9179894318300722,0.9385280422726797,0.02053861044260752
spambase__d6,spambase,classification,6,A,010010,110010,0.9050957413414251,0.9295961075651356,0.024500366223710435
spambase__d6,spambase,classification,6,A,010011,110011,0.9007978445118761,0.9299034738934813,0.029105629381605214
spambase__d6,spambase,classification,6,A,010100,110100,0.9113529350214502,0.9381775138641834,0.02682457884273315
spambase__d6,spambase,classification,6,A,010101,110101,0.9113529350214502,0.9342013707230303,0.022848435701580128
spambase__d6,spambase,classification,6,A,010110,110110,0.8967929266506225,0.9239392591817517,0.02714633253112919
spambase__d6,spambase,classification,6,A,010111,110111,0.8954771371769383,0.9209571518258868,0.025480014648948446
spambase__d6,spambase,classification,6,A,011000,111000,0.9309694464790206,0.9418894527571413,0.01092000627812073
spambase__d6,spambase,classification,6,A,011001,111001,0.9289957622684943,0.9375915559275924,0.008595793659098017
spambase__d6,spambase,classification,6,A,011010,111010,0.9127838233755363,0.9316273412158627,0.01884351784032634
spambase__d6,spambase,classification,6,A,011011,111011,0.9094799623312755,0.9332648843779429,0.02378492204666738
spambase__d6,spambase,classification,6,A,011100,111100,0.921365229674584,0.9408810296118029,0.01951579993721886
spambase__d6,spambase,classification,6,A,011101,111101,0.9200350528408496,0.9392147117296222,0.0191796588887726
spambase__d6,spambase,classification,6,A,011110,111110,0.9044953960447839,0.9322708485926545,0.027775452547870616
spambase__d6,spambase,classification,6,A,011111,111111,0.9038375013079418,0.9299466359736319,0.026109134665690092
spambase__d6,spambase,classification,6,B,000000,010000,0.9193196086638067,0.9203136444490949,0.0009940357852882276
spambase__d6,spambase,classification,6,B,000001,010001,0.6649615465104113,0.9179894318300722,0.2530278853196609
spambase__d6,spambase,classification,6,B,000010,010010,0.9014701266087685,0.9050957413414251,0.003625614732656657
spambase__d6,spambase,classification,6,B,000011,010011,0.663967510725123,0.9007978445118761,0.2368303337867531
spambase__d6,spambase,classification,6,B,000100,010100,0.9073911792403474,0.9113529350214502,0.003961755781102805
spambase__d6,spambase,classification,6,B,000101,010101,0.6649615465104113,0.9113529350214502,0.24639138851103892
spambase__d6,spambase,classification,6,B,000110,010110,0.8862522235010987,0.8967929266506225,0.010540703149523822
spambase__d6,spambase,classification,6,B,000111,010111,0.663967510725123,0.8954771371769383,0.2315096264518154
spambase__d6,spambase,classification,6,B,001000,011000,0.9319634822643089,0.9309694464790206,-0.0009940357852883386
spambase__d6,spambase,classification,6,B,001001,011001,0.6791657947054515,0.9289957622684943,0.24982996756304288
spambase__d6,spambase,classification,6,B,001010,011010,0.9094799623312755,0.9127838233755363,0.0033038610442608363
spambase__d6,spambase,classification,6,B,001011,011011,0.6791657947054515,0.9094799623312755,0.23031416762582402
spambase__d6,spambase,classification,6,B,001100,011100,0.9150936486345087,0.921365229674584,0.0062715810400753025
spambase__d6,spambase,classification,6,B,001101,011101,0.6791657947054515,0.9200350528408496,0.24086925813539817
spambase__d6,spambase,classification,6,B,001110,011110,0.8949487286805482,0.9044953960447839,0.009546667364235706
spambase__d6,spambase,classification,6,B,001111,011111,0.6791657947054515,0.9038375013079418,0.22467170660249036
spambase__d6,spambase,classification,6,B,100000,110000,0.9365255833420529,0.943819974887517,0.007294391545464074
spambase__d6,spambase,classification,6,B,100001,110001,0.9272718949461127,0.9385280422726797,0.01125614732656699
spambase__d6,spambase,classification,6,B,100010,110010,0.9249476823270901,0.9295961075651356,0.004648425238045428
spambase__d6,spambase,classification,6,B,100011,110011,0.9117178507899968,0.9299034738934813,0.018185623103484483
spambase__d6,spambase,classification,6,B,100100,110100,0.9107094276446583,0.9381775138641834,0.027468086219525012
spambase__d6,spambase,classification,6,B,100101,110101,0.9074055666003976,0.9342013707230303,0.026795804122632716
spambase__d6,spambase,classification,6,B,100110,110110,0.9054031076697708,0.9239392591817517,0.018536151511980847
spambase__d6,spambase,classification,6,B,100111,110111,0.9001111750549335,0.9209571518258868,0.020845976770953234
spambase__d6,spambase,classification,6,B,101000,111000,0.9372554148791462,0.9418894527571413,0.004634037877995101
spambase__d6,spambase,classification,6,B,101001,111001,0.9270076906979177,0.9375915559275924,0.010583865229674694
spambase__d6,spambase,classification,6,B,101010,111010,0.9289813749084441,0.9316273412158627,0.0026459663074185347
spambase__d6,spambase,classification,6,B,101011,111011,0.9243617243904991,0.9332648843779429,0.008903159987443732
spambase__d6,spambase,classification,6,B,101100,111100,0.9216869833629799,0.9408810296118029,0.019194046248822927
spambase__d6,spambase,classification,6,B,101101,111101,0.9183831223187193,0.9392147117296222,0.020831589410902907
spambase__d6,spambase,classification,6,B,101110,111110,0.9157515433713508,0.9322708485926545,0.016519305221303737
spambase__d6,spambase,classification,6,B,101111,111111,0.9068196086638066,0.9299466359736319,0.0231270273098253
spambase__d6,spambase,classification,6,C,000000,001000,0.9193196086638067,0.9319634822643089,0.012643873600502231
spambase__d6,spambase,classification,6,C,000001,001001,0.6649615465104113,0.6791657947054515,0.014204248195040181
spambase__d6,spambase,classification,6,C,000010,001010,0.9014701266087685,0.9094799623312755,0.00800983572250702
spambase__d6,spambase,classification,6,C,000011,001011,0.663967510725123,0.6791657947054515,0.01519828398032852
spambase__d6,spambase,classification,6,C,000100,001100,0.9073911792403474,0.9150936486345087,0.007702469394161304
spambase__d6,spambase,classification,6,C,000101,001101,0.6649615465104113,0.6791657947054515,0.014204248195040181
spambase__d6,spambase,classification,6,C,000110,001110,0.8862522235010987,0.8949487286805482,0.008696505179449532
spambase__d6,spambase,classification,6,C,000111,001111,0.663967510725123,0.6791657947054515,0.01519828398032852
spambase__d6,spambase,classification,6,C,010000,011000,0.9203136444490949,0.9309694464790206,0.010655802029925665
spambase__d6,spambase,classification,6,C,010001,011001,0.9179894318300722,0.9289957622684943,0.01100633043842214
spambase__d6,spambase,classification,6,C,010010,011010,0.9050957413414251,0.9127838233755363,0.007688082034111199
spambase__d6,spambase,classification,6,C,010011,011011,0.9007978445118761,0.9094799623312755,0.008682117819399426
spambase__d6,spambase,classification,6,C,010100,011100,0.9113529350214502,0.921365229674584,0.010012294653133802
spambase__d6,spambase,classification,6,C,010101,011101,0.9113529350214502,0.9200350528408496,0.008682117819399426
spambase__d6,spambase,classification,6,C,010110,011110,0.8967929266506225,0.9044953960447839,0.007702469394161415
spambase__d6,spambase,classification,6,C,010111,011111,0.8954771371769383,0.9038375013079418,0.008360364131003495
spambase__d6,spambase,classification,6,C,100000,101000,0.9365255833420529,0.9372554148791462,0.0007298315370932729
spambase__d6,spambase,classification,6,C,100001,101001,0.9272718949461127,0.9270076906979177,-0.0002642042481950657
spambase__d6,spambase,classification,6,C,100010,101010,0.9249476823270901,0.9289813749084441,0.004033692581353998
spambase__d6,spambase,classification,6,C,100011,101011,0.9117178507899968,0.9243617243904991,0.012643873600502342
spambase__d6,spambase,classification,6,C,100100,101100,0.9107094276446583,0.9216869833629799,0.010977555718321597
spambase__d6,spambase,classification,6,C,100101,101101,0.9074055666003976,0.9183831223187193,0.010977555718321708
spambase__d6,spambase,classification,6,C,100110,101110,0.9054031076697708,0.9157515433713508,0.01034843570157995
spambase__d6,spambase,classification,6,C,100111,101111,0.9001111750549335,0.9068196086638066,0.006708433608873077
spambase__d6,spambase,classification,6,C,110000,111000,0.943819974887517,0.9418894527571413,-0.0019305221303757003
spambase__d6,spambase,classification,6,C,110001,111001,0.9385280422726797,0.9375915559275924,-0.0009364863450873617
spambase__d6,spambase,classification,6,C,110010,111010,0.9295961075651356,0.9316273412158627,0.0020312336507271045
spambase__d6,spambase,classification,6,C,110011,111011,0.9299034738934813,0.9332648843779429,0.003361410484461591
spambase__d6,spambase,classification,6,C,110100,111100,0.9381775138641834,0.9408810296118029,0.0027035157476195115
spambase__d6,spambase,classification,6,C,110101,111101,0.9342013707230303,0.9392147117296222,0.005013341006591898
spambase__d6,spambase,classification,6,C,110110,111110,0.9239392591817517,0.9322708485926545,0.00833158941090284
spambase__d6,spambase,classification,6,C,110111,111111,0.9209571518258868,0.9299466359736319,0.008989484147745141
spambase__d6,spambase,classification,6,D,000000,000100,0.9193196086638067,0.9073911792403474,-0.011928429423459286
spambase__d6,spambase,classification,6,D,000001,000101,0.6649615465104113,0.6649615465104113,0.0
spambase__d6,spambase,classification,6,D,000010,000110,0.9014701266087685,0.8862522235010987,-0.015217903107669795
spambase__d6,spambase,classification,6,D,000011,000111,0.663967510725123,0.663967510725123,0.0
spambase__d6,spambase,classification,6,D,001000,001100,0.9319634822643089,0.9150936486345087,-0.016869833629800213
spambase__d6,spambase,classification,6,D,001001,001101,0.6791657947054515,0.6791657947054515,0.0
spambase__d6,spambase,classification,6,D,001010,001110,0.9094799623312755,0.8949487286805482,-0.014531233650727282
spambase__d6,spambase,classification,6,D,001011,001111,0.6791657947054515,0.6791657947054515,0.0
spambase__d6,spambase,classification,6,D,010000,010100,0.9203136444490949,0.9113529350214502,-0.008960709427644709
spambase__d6,spambase,classification,6,D,010001,010101,0.9179894318300722,0.9113529350214502,-0.006636496808621994
spambase__d6,spambase,classification,6,D,010010,010110,0.9050957413414251,0.8967929266506225,-0.008302814690802629
spambase__d6,spambase,classification,6,D,010011,010111,0.9007978445118761,0.8954771371769383,-0.005320707334937724
spambase__d6,spambase,classification,6,D,011000,011100,0.9309694464790206,0.921365229674584,-0.009604216804436572
spambase__d6,spambase,classification,6,D,011001,011101,0.9289957622684943,0.9200350528408496,-0.008960709427644709
spambase__d6,spambase,classification,6,D,011010,011110,0.9127838233755363,0.9044953960447839,-0.008288427330752413
spambase__d6,spambase,classification,6,D,011011,011111,0.9094799623312755,0.9038375013079418,-0.005642461023333656
spambase__d6,spambase,classification,6,D,100000,100100,0.9365255833420529,0.9107094276446583,-0.025816155697394594
spambase__d6,spambase,classification,6,D,100001,100101,0.9272718949461127,0.9074055666003976,-0.019866328345715112
spambase__d6,spambase,classification,6,D,100010,100110,0.9249476823270901,0.9054031076697708,-0.01954457465731929
spambase__d6,spambase,classification,6,D,100011,100111,0.9117178507899968,0.9001111750549335,-0.011606675735063243
spambase__d6,spambase,classification,6,D,101000,101100,0.9372554148791462,0.9216869833629799,-0.01556843151616627
spambase__d6,spambase,classification,6,D,101001,101101,0.9270076906979177,0.9183831223187193,-0.008624568379198339
spambase__d6,spambase,classification,6,D,101010,101110,0.9289813749084441,0.9157515433713508,-0.01322983153709334
spambase__d6,spambase,classification,6,D,101011,101111,0.9243617243904991,0.9068196086638066,-0.01754211572669251
spambase__d6,spambase,classification,6,D,110000,110100,0.943819974887517,0.9381775138641834,-0.005642461023333656
spambase__d6,spambase,classification,6,D,110001,110101,0.9385280422726797,0.9342013707230303,-0.004326671549649386
spambase__d6,spambase,classification,6,D,110010,110110,0.9295961075651356,0.9239392591817517,-0.005656848383383872
spambase__d6,spambase,classification,6,D,110011,110111,0.9299034738934813,0.9209571518258868,-0.008946322067594492
spambase__d6,spambase,classification,6,D,111000,111100,0.9418894527571413,0.9408810296118029,-0.001008423145338444
spambase__d6,spambase,classification,6,D,111001,111101,0.9375915559275924,0.9392147117296222,0.0016231558020298742
spambase__d6,spambase,classification,6,D,111010,111110,0.9316273412158627,0.9322708485926545,0.0006435073767918631
spambase__d6,spambase,classification,6,D,111011,111111,0.9332648843779429,0.9299466359736319,-0.0033182484043109417
spambase__d6,spambase,classification,6,E,000000,000010,0.9193196086638067,0.9014701266087685,-0.017849482055038224
spambase__d6,spambase,classification,6,E,000001,000011,0.6649615465104113,0.663967510725123,-0.0009940357852883386
spambase__d6,spambase,classification,6,E,000100,000110,0.9073911792403474,0.8862522235010987,-0.021138955739248733
spambase__d6,spambase,classification,6,E,000101,000111,0.6649615465104113,0.663967510725123,-0.0009940357852883386
spambase__d6,spambase,classification,6,E,001000,001010,0.9319634822643089,0.9094799623312755,-0.022483519933033436
spambase__d6,spambase,classification,6,E,001001,001011,0.6791657947054515,0.6791657947054515,0.0
spambase__d6,spambase,classification,6,E,001100,001110,0.9150936486345087,0.8949487286805482,-0.020144919953960505
spambase__d6,spambase,classification,6,E,001101,001111,0.6791657947054515,0.6791657947054515,0.0
spambase__d6,spambase,classification,6,E,010000,010010,0.9203136444490949,0.9050957413414251,-0.015217903107669795
spambase__d6,spambase,classification,6,E,010001,010011,0.9179894318300722,0.9007978445118761,-0.017191587318196144
spambase__d6,spambase,classification,6,E,010100,010110,0.9113529350214502,0.8967929266506225,-0.014560008370827715
spambase__d6,spambase,classification,6,E,010101,010111,0.9113529350214502,0.8954771371769383,-0.015875797844511874
spambase__d6,spambase,classification,6,E,011000,011010,0.9309694464790206,0.9127838233755363,-0.01818562310348426
spambase__d6,spambase,classification,6,E,011001,011011,0.9289957622684943,0.9094799623312755,-0.01951579993721886
spambase__d6,spambase,classification,6,E,011100,011110,0.921365229674584,0.9044953960447839,-0.0168698336298001
spambase__d6,spambase,classification,6,E,011101,011111,0.9200350528408496,0.9038375013079418,-0.016197551532907806
spambase__d6,spambase,classification,6,E,100000,100010,0.9365255833420529,0.9249476823270901,-0.01157790101496281
spambase__d6,spambase,classification,6,E,100001,100011,0.9272718949461127,0.9117178507899968,-0.015554044156115943
spambase__d6,spambase,classification,6,E,100100,100110,0.9107094276446583,0.9054031076697708,-0.005306319974887508
spambase__d6,spambase,classification,6,E,100101,100111,0.9074055666003976,0.9001111750549335,-0.007294391545464074
spambase__d6,spambase,classification,6,E,101000,101010,0.9372554148791462,0.9289813749084441,-0.008274039970702085
spambase__d6,spambase,classification,6,E,101001,101011,0.9270076906979177,0.9243617243904991,-0.0026459663074185347
spambase__d6,spambase,classification,6,E,101100,101110,0.9216869833629799,0.9157515433713508,-0.0059354399916291545
spambase__d6,spambase,classification,6,E,101101,101111,0.9183831223187193,0.9068196086638066,-0.011563513654912705
spambase__d6,spambase,classification,6,E,110000,110010,0.943819974887517,0.9295961075651356,-0.014223867322381456
spambase__d6,spambase,classification,6,E,110001,110011,0.9385280422726797,0.9299034738934813,-0.00862456837919845
spambase__d6,spambase,classification,6,E,110100,110110,0.9381775138641834,0.9239392591817517,-0.014238254682431672
spambase__d6,spambase,classification,6,E,110101,110111,0.9342013707230303,0.9209571518258868,-0.013244218897143556
spambase__d6,spambase,classification,6,E,111000,111010,0.9418894527571413,0.9316273412158627,-0.010262111541278651
spambase__d6,spambase,classification,6,E,111001,111011,0.9375915559275924,0.9332648843779429,-0.004326671549649497
spambase__d6,spambase,classification,6,E,111100,111110,0.9408810296118029,0.9322708485926545,-0.008610181019148344
spambase__d6,spambase,classification,6,E,111101,111111,0.9392147117296222,0.9299466359736319,-0.009268075755990313
spambase__d6,spambase,classification,6,F,000000,000001,0.9193196086638067,0.6649615465104113,-0.2543580621533954
spambase__d6,spambase,classification,6,F,000010,000011,0.9014701266087685,0.663967510725123,-0.23750261588364552
spambase__d6,spambase,classification,6,F,000100,000101,0.9073911792403474,0.6649615465104113,-0.24242963272993612
spambase__d6,spambase,classification,6,F,000110,000111,0.8862522235010987,0.663967510725123,-0.22228471277597572
spambase__d6,spambase,classification,6,F,001000,001001,0.9319634822643089,0.6791657947054515,-0.25279768755885745
spambase__d6,spambase,classification,6,F,001010,001011,0.9094799623312755,0.6791657947054515,-0.23031416762582402
spambase__d6,spambase,classification,6,F,001100,001101,0.9150936486345087,0.6791657947054515,-0.23592785392905724
spambase__d6,spambase,classification,6,F,001110,001111,0.8949487286805482,0.6791657947054515,-0.21578293397509674
spambase__d6,spambase,classification,6,F,010000,010001,0.9203136444490949,0.9179894318300722,-0.002324212619022714
spambase__d6,spambase,classification,6,F,010010,010011,0.9050957413414251,0.9007978445118761,-0.004297896829549064
spambase__d6,spambase,classification,6,F,010100,010101,0.9113529350214502,0.9113529350214502,0.0
spambase__d6,spambase,classification,6,F,010110,010111,0.8967929266506225,0.8954771371769383,-0.001315789473684159
spambase__d6,spambase,classification,6,F,011000,011001,0.9309694464790206,0.9289957622684943,-0.0019736842105262387
spambase__d6,spambase,classification,6,F,011010,011011,0.9127838233755363,0.9094799623312755,-0.0033038610442608363
spambase__d6,spambase,classification,6,F,011100,011101,0.921365229674584,0.9200350528408496,-0.0013301768337343756
spambase__d6,spambase,classification,6,F,011110,011111,0.9044953960447839,0.9038375013079418,-0.0006578947368420796
spambase__d6,spambase,classification,6,F,100000,100001,0.9365255833420529,0.9272718949461127,-0.009253688395940207
spambase__d6,spambase,classification,6,F,100010,100011,0.9249476823270901,0.9117178507899968,-0.01322983153709334
spambase__d6,spambase,classification,6,F,100100,100101,0.9107094276446583,0.9074055666003976,-0.0033038610442607252
spambase__d6,spambase,classification,6,F,100110,100111,0.9054031076697708,0.9001111750549335,-0.005291932614837291
spambase__d6,spambase,classification,6,F,101000,101001,0.9372554148791462,0.9270076906979177,-0.010247724181228546
spambase__d6,spambase,classification,6,F,101010,101011,0.9289813749084441,0.9243617243904991,-0.004619650517944995
spambase__d6,spambase,classification,6,F,101100,101101,0.9216869833629799,0.9183831223187193,-0.0033038610442606142
spambase__d6,spambase,classification,6,F,101110,101111,0.9157515433713508,0.9068196086638066,-0.008931934707544165
spambase__d6,spambase,classification,6,F,110000,110001,0.943819974887517,0.9385280422726797,-0.005291932614837291
spambase__d6,spambase,classification,6,F,110010,110011,0.9295961075651356,0.9299034738934813,0.0003073663283457151
spambase__d6,spambase,classification,6,F,110100,110101,0.9381775138641834,0.9342013707230303,-0.003976143141153021
spambase__d6,spambase,classification,6,F,110110,110111,0.9239392591817517,0.9209571518258868,-0.0029821073558649047
spambase__d6,spambase,classification,6,F,111000,111001,0.9418894527571413,0.9375915559275924,-0.004297896829548953
spambase__d6,spambase,classification,6,F,111010,111011,0.9316273412158627,0.9332648843779429,0.0016375431620802017
spambase__d6,spambase,classification,6,F,111100,111101,0.9408810296118029,0.9392147117296222,-0.0016663178821806346
spambase__d6,spambase,classification,6,F,111110,111111,0.9322708485926545,0.9299466359736319,-0.002324212619022603
concrete__d6,concrete,regression,6,A,000000,100000,0.7319358955511462,0.7092854245639065,-0.022650470987239713
concrete__d6,concrete,regression,6,A,000001,100001,0.7319358955511462,0.7092854245639065,-0.022650470987239713
concrete__d6,concrete,regression,6,A,000010,100010,0.7319358955511462,0.7092854245639065,-0.022650470987239713
concrete__d6,concrete,regression,6,A,000011,100011,0.7319358955511462,0.7092854245639065,-0.022650470987239713
concrete__d6,concrete,regression,6,A,000100,100100,0.7319350472334856,0.7092892272630794,-0.022645819970406156
concrete__d6,concrete,regression,6,A,000101,100101,0.7319350472334856,0.7092892272630794,-0.022645819970406156
concrete__d6,concrete,regression,6,A,000110,100110,0.7319350472334856,0.7092892272630794,-0.022645819970406156
concrete__d6,concrete,regression,6,A,000111,100111,0.7319350472334856,0.7092892272630794,-0.022645819970406156
concrete__d6,concrete,regression,6,A,001000,101000,0.7806002585049037,0.7463397947789713,-0.03426046372593239
concrete__d6,concrete,regression,6,A,001001,101001,0.7806002585049037,0.7463397947789713,-0.03426046372593239
concrete__d6,concrete,regression,6,A,001010,101010,0.7598987104398707,0.7341464240408541,-0.02575228639901661
concrete__d6,concrete,regression,6,A,001011,101011,0.7598987104398707,0.7341464240408541,-0.02575228639901661
concrete__d6,concrete,regression,6,A,001100,101100,0.7801523964943704,0.7448190048129956,-0.03533339168137484
concrete__d6,concrete,regression,6,A,001101,101101,0.7801523964943704,0.7448190048129956,-0.03533339168137484
concrete__d6,concrete,regression,6,A,001110,101110,0.7603382000823533,0.7341108386040064,-0.026227361478346922
concrete__d6,concrete,regression,6,A,001111,101111,0.7603382000823533,0.7341108386040064,-0.026227361478346922
concrete__d6,concrete,regression,6,A,010000,110000,0.731813071235355,0.7091613202080439,-0.022651751027311096
concrete__d6,concrete,regression,6,A,010001,110001,0.7316276583659258,0.7088746382237141,-0.0227530201422117
concrete__d6,concrete,regression,6,A,010010,110010,0.731813071235355,0.7091613202080439,-0.022651751027311096
concrete__d6,concrete,regression,6,A,010011,110011,0.7316276583659258,0.7088746382237141,-0.0227530201422117
concrete__d6,concrete,regression,6,A,010100,110100,0.7306448454427951,0.7080547489871553,-0.022590096455639808
concrete__d6,concrete,regression,6,A,010101,110101,0.7292652368066833,0.705979912838621,-0.023285323968062266
concrete__d6,concrete,regression,6,A,010110,110110,0.7306448454427951,0.7080547489871553,-0.022590096455639808
concrete__d6,concrete,regression,6,A,010111,110111,0.7292652368066833,0.705979912838621,-0.023285323968062266
concrete__d6,concrete,regression,6,A,011000,111000,0.7815011464809225,0.7463348252859766,-0.03516632119494589
concrete__d6,concrete,regression,6,A,011001,111001,0.7810082721288728,0.7452968936303142,-0.035711378498558655
concrete__d6,concrete,regression,6,A,011010,111010,0.7606177285327933,0.7354950417727155,-0.025122686760077784
concrete__d6,concrete,regression,6,A,011011,111011,0.7617050608698434,0.7358521813691165,-0.0258528795007269
concrete__d6,concrete,regression,6,A,011100,111100,0.7827775164026306,0.7525522747654868,-0.030225241637143796
concrete__d6,concrete,regression,6,A,011101,111101,0.781457972372694,0.7507105541068491,-0.030747418265844928
concrete__d6,concrete,regression,6,A,011110,111110,0.7627915491852104,0.7413423390603321,-0.021449210124878326
concrete__d6,concrete,regression,6,A,011111,111111,0.7642655882869125,0.7413250610225418,-0.02294052726437068
concrete__d6,concrete,regression,6,B,000000,010000,0.7319358955511462,0.731813071235355,-0.00012282431579124786
concrete__d6,concrete,regression,6,B,000001,010001,0.7319358955511462,0.7316276583659258,-0.0003082371852204391
concrete__d6,concrete,regression,6,B,000010,010010,0.7319358955511462,0.731813071235355,-0.00012282431579124786
concrete__d6,concrete,regression,6,B,000011,010011,0.7319358955511462,0.7316276583659258,-0.0003082371852204391
concrete__d6,concrete,regression,6,B,000100,010100,0.7319350472334856,0.7306448454427951,-0.0012902017906905039
concrete__d6,concrete,regression,6,B,000101,010101,0.7319350472334856,0.7292652368066833,-0.002669810426802255
concrete__d6,concrete,regression,6,B,000110,010110,0.7319350472334856,0.7306448454427951,-0.0012902017906905039
concrete__d6,concrete,regression,6,B,000111,010111,0.7319350472334856,0.7292652368066833,-0.002669810426802255
concrete__d6,concrete,regression,6,B,001000,011000,0.7806002585049037,0.7815011464809225,0.0009008879760188382
concrete__d6,concrete,regression,6,B,001001,011001,0.7806002585049037,0.7810082721288728,0.000408013623969139
concrete__d6,concrete,regression,6,B,001010,011010,0.7598987104398707,0.7606177285327933,0.0007190180929226297
concrete__d6,concrete,regression,6,B,001011,011011,0.7598987104398707,0.7617050608698434,0.0018063504299726807
concrete__d6,concrete,regression,6,B,001100,011100,0.7801523964943704,0.7827775164026306,0.0026251199082601984
concrete__d6,concrete,regression,6,B,001101,011101,0.7801523964943704,0.781457972372694,0.0013055758783235838
concrete__d6,concrete,regression,6,B,001110,011110,0.7603382000823533,0.7627915491852104,0.0024533491028571053
concrete__d6,concrete,regression,6,B,001111,011111,0.7603382000823533,0.7642655882869125,0.003927388204559179
concrete__d6,concrete,regression,6,B,100000,110000,0.7092854245639065,0.7091613202080439,-0.0001241043558626309
concrete__d6,concrete,regression,6,B,100001,110001,0.7092854245639065,0.7088746382237141,-0.0004107863401924261
concrete__d6,concrete,regression,6,B,100010,110010,0.7092854245639065,0.7091613202080439,-0.0001241043558626309
concrete__d6,concrete,regression,6,B,100011,110011,0.7092854245639065,0.7088746382237141,-0.0004107863401924261
concrete__d6,concrete,regression,6,B,100100,110100,0.7092892272630794,0.7080547489871553,-0.0012344782759241557
concrete__d6,concrete,regression,6,B,100101,110101,0.7092892272630794,0.705979912838621,-0.003309314424458365
concrete__d6,concrete,regression,6,B,100110,110110,0.7092892272630794,0.7080547489871553,-0.0012344782759241557
concrete__d6,concrete,regression,6,B,100111,110111,0.7092892272630794,0.705979912838621,-0.003309314424458365
concrete__d6,concrete,regression,6,B,101000,111000,0.7463397947789713,0.7463348252859766,-4.969492994666425e-06
concrete__d6,concrete,regression,6,B,101001,111001,0.7463397947789713,0.7452968936303142,-0.0010429011486571271
concrete__d6,concrete,regression,6,B,101010,111010,0.7341464240408541,0.7354950417727155,0.0013486177318614567
concrete__d6,concrete,regression,6,B,101011,111011,0.7341464240408541,0.7358521813691165,0.0017057573282623917
concrete__d6,concrete,regression,6,B,101100,111100,0.7448190048129956,0.7525522747654868,0.00773326995249124
concrete__d6,concrete,regression,6,B,101101,111101,0.7448190048129956,0.7507105541068491,0.005891549293853493
concrete__d6,concrete,regression,6,B,101110,111110,0.7341108386040064,0.7413423390603321,0.007231500456325701
concrete__d6,concrete,regression,6,B,101111,111111,0.7341108386040064,0.7413250610225418,0.007214222418535421
concrete__d6,concrete,regression,6,C,000000,001000,0.7319358955511462,0.7806002585049037,0.04866436295375742
concrete__d6,concrete,regression,6,C,000001,001001,0.7319358955511462,0.7806002585049037,0.04866436295375742
concrete__d6,concrete,regression,6,C,000010,001010,0.7319358955511462,0.7598987104398707,0.02796281488872443
concrete__d6,concrete,regression,6,C,000011,001011,0.7319358955511462,0.7598987104398707,0.02796281488872443
concrete__d6,concrete,regression,6,C,000100,001100,0.7319350472334856,0.7801523964943704,0.048217349260884834
concrete__d6,concrete,regression,6,C,000101,001101,0.7319350472334856,0.7801523964943704,0.048217349260884834
concrete__d6,concrete,regression,6,C,000110,001110,0.7319350472334856,0.7603382000823533,0.02840315284886774
concrete__d6,concrete,regression,6,C,000111,001111,0.7319350472334856,0.7603382000823533,0.02840315284886774
concrete__d6,concrete,regression,6,C,010000,011000,0.731813071235355,0.7815011464809225,0.04968807524556751
concrete__d6,concrete,regression,6,C,010001,011001,0.7316276583659258,0.7810082721288728,0.049380613762947
concrete__d6,concrete,regression,6,C,010010,011010,0.731813071235355,0.7606177285327933,0.028804657297438307
concrete__d6,concrete,regression,6,C,010011,011011,0.7316276583659258,0.7617050608698434,0.03007740250391755
concrete__d6,concrete,regression,6,C,010100,011100,0.7306448454427951,0.7827775164026306,0.052132670959835536
concrete__d6,concrete,regression,6,C,010101,011101,0.7292652368066833,0.781457972372694,0.05219273556601067
concrete__d6,concrete,regression,6,C,010110,011110,0.7306448454427951,0.7627915491852104,0.03214670374241535
concrete__d6,concrete,regression,6,C,010111,011111,0.7292652368066833,0.7642655882869125,0.035000351480229175
concrete__d6,concrete,regression,6,C,100000,101000,0.7092854245639065,0.7463397947789713,0.03705437021506475
concrete__d6,concrete,regression,6,C,100001,101001,0.7092854245639065,0.7463397947789713,0.03705437021506475
concrete__d6,concrete,regression,6,C,100010,101010,0.7092854245639065,0.7341464240408541,0.024860999476947532
concrete__d6,concrete,regression,6,C,100011,101011,0.7092854245639065,0.7341464240408541,0.024860999476947532
concrete__d6,concrete,regression,6,C,100100,101100,0.7092892272630794,0.7448190048129956,0.03552977754991615
concrete__d6,concrete,regression,6,C,100101,101101,0.7092892272630794,0.7448190048129956,0.03552977754991615
concrete__d6,concrete,regression,6,C,100110,101110,0.7092892272630794,0.7341108386040064,0.024821611340926975
concrete__d6,concrete,regression,6,C,100111,101111,0.7092892272630794,0.7341108386040064,0.024821611340926975
concrete__d6,concrete,regression,6,C,110000,111000,0.7091613202080439,0.7463348252859766,0.03717350507793271
concrete__d6,concrete,regression,6,C,110001,111001,0.7088746382237141,0.7452968936303142,0.036422255406600046
concrete__d6,concrete,regression,6,C,110010,111010,0.7091613202080439,0.7354950417727155,0.02633372156467162
concrete__d6,concrete,regression,6,C,110011,111011,0.7088746382237141,0.7358521813691165,0.02697754314540235
concrete__d6,concrete,regression,6,C,110100,111100,0.7080547489871553,0.7525522747654868,0.04449752577833155
concrete__d6,concrete,regression,6,C,110101,111101,0.705979912838621,0.7507105541068491,0.04473064126822801
concrete__d6,concrete,regression,6,C,110110,111110,0.7080547489871553,0.7413423390603321,0.03328759007317683
concrete__d6,concrete,regression,6,C,110111,111111,0.705979912838621,0.7413250610225418,0.03534514818392076
concrete__d6,concrete,regression,6,D,000000,000100,0.7319358955511462,0.7319350472334856,-8.483176606732812e-07
concrete__d6,concrete,regression,6,D,000001,000101,0.7319358955511462,0.7319350472334856,-8.483176606732812e-07
concrete__d6,concrete,regression,6,D,000010,000110,0.7319358955511462,0.7319350472334856,-8.483176606732812e-07
concrete__d6,concrete,regression,6,D,000011,000111,0.7319358955511462,0.7319350472334856,-8.483176606732812e-07
concrete__d6,concrete,regression,6,D,001000,001100,0.7806002585049037,0.7801523964943704,-0.000447862010533262
concrete__d6,concrete,regression,6,D,001001,001101,0.7806002585049037,0.7801523964943704,-0.000447862010533262
concrete__d6,concrete,regression,6,D,001010,001110,0.7598987104398707,0.7603382000823533,0.0004394896424826378
concrete__d6,concrete,regression,6,D,001011,001111,0.7598987104398707,0.7603382000823533,0.0004394896424826378
concrete__d6,concrete,regression,6,D,010000,010100,0.731813071235355,0.7306448454427951,-0.0011682257925599293
concrete__d6,concrete,regression,6,D,010001,010101,0.7316276583659258,0.7292652368066833,-0.002362421559242489
concrete__d6,concrete,regression,6,D,010010,010110,0.731813071235355,0.7306448454427951,-0.0011682257925599293
concrete__d6,concrete,regression,6,D,010011,010111,0.7316276583659258,0.7292652368066833,-0.002362421559242489
concrete__d6,concrete,regression,6,D,011000,011100,0.7815011464809225,0.7827775164026306,0.0012763699217080982
concrete__d6,concrete,regression,6,D,011001,011101,0.7810082721288728,0.781457972372694,0.0004497002438211828
concrete__d6,concrete,regression,6,D,011010,011110,0.7606177285327933,0.7627915491852104,0.0021738206524171133
concrete__d6,concrete,regression,6,D,011011,011111,0.7617050608698434,0.7642655882869125,0.002560527417069136
concrete__d6,concrete,regression,6,D,100000,100100,0.7092854245639065,0.7092892272630794,3.8026991728834503e-06
concrete__d6,concrete,regression,6,D,100001,100101,0.7092854245639065,0.7092892272630794,3.8026991728834503e-06
concrete__d6,concrete,regression,6,D,100010,100110,0.7092854245639065,0.7092892272630794,3.8026991728834503e-06
concrete__d6,concrete,regression,6,D,100011,100111,0.7092854245639065,0.7092892272630794,3.8026991728834503e-06
concrete__d6,concrete,regression,6,D,101000,101100,0.7463397947789713,0.7448190048129956,-0.0015207899659757107
concrete__d6,concrete,regression,6,D,101001,101101,0.7463397947789713,0.7448190048129956,-0.0015207899659757107
concrete__d6,concrete,regression,6,D,101010,101110,0.7341464240408541,0.7341108386040064,-3.558543684767379e-05
concrete__d6,concrete,regression,6,D,101011,101111,0.7341464240408541,0.7341108386040064,-3.558543684767379e-05
concrete__d6,concrete,regression,6,D,110000,110100,0.7091613202080439,0.7080547489871553,-0.0011065712208886413
concrete__d6,concrete,regression,6,D,110001,110101,0.7088746382237141,0.705979912838621,-0.0028947253850930554
concrete__d6,concrete,regression,6,D,110010,110110,0.7091613202080439,0.7080547489871553,-0.0011065712208886413
concrete__d6,concrete,regression,6,D,110011,110111,0.7088746382237141,0.705979912838621,-0.0028947253850930554
concrete__d6,concrete,regression,6,D,111000,111100,0.7463348252859766,0.7525522747654868,0.006217449479510195
concrete__d6,concrete,regression,6,D,111001,111101,0.7452968936303142,0.7507105541068491,0.0054136604765349094
concrete__d6,concrete,regression,6,D,111010,111110,0.7354950417727155,0.7413423390603321,0.005847297287616571
concrete__d6,concrete,regression,6,D,111011,111111,0.7358521813691165,0.7413250610225418,0.005472879653425355
concrete__d6,concrete,regression,6,E,000000,000010,0.7319358955511462,0.7319358955511462,0.0
concrete__d6,concrete,regression,6,E,000001,000011,0.7319358955511462,0.7319358955511462,0.0
concrete__d6,concrete,regression,6,E,000100,000110,0.7319350472334856,0.7319350472334856,0.0
concrete__d6,concrete,regression,6,E,000101,000111,0.7319350472334856,0.7319350472334856,0.0
concrete__d6,concrete,regression,6,E,001000,001010,0.7806002585049037,0.7598987104398707,-0.020701548065032993
concrete__d6,concrete,regression,6,E,001001,001011,0.7806002585049037,0.7598987104398707,-0.020701548065032993
concrete__d6,concrete,regression,6,E,001100,001110,0.7801523964943704,0.7603382000823533,-0.019814196412017093
concrete__d6,concrete,regression,6,E,001101,001111,0.7801523964943704,0.7603382000823533,-0.019814196412017093
concrete__d6,concrete,regression,6,E,010000,010010,0.731813071235355,0.731813071235355,0.0
concrete__d6,concrete,regression,6,E,010001,010011,0.7316276583659258,0.7316276583659258,0.0
concrete__d6,concrete,regression,6,E,010100,010110,0.7306448454427951,0.7306448454427951,0.0
concrete__d6,concrete,regression,6,E,010101,010111,0.7292652368066833,0.7292652368066833,0.0
concrete__d6,concrete,regression,6,E,011000,011010,0.7815011464809225,0.7606177285327933,-0.0208834179481292
concrete__d6,concrete,regression,6,E,011001,011011,0.7810082721288728,0.7617050608698434,-0.01930321125902945
concrete__d6,concrete,regression,6,E,011100,011110,0.7827775164026306,0.7627915491852104,-0.019985967217420186
concrete__d6,concrete,regression,6,E,011101,011111,0.781457972372694,0.7642655882869125,-0.017192384085781498
concrete__d6,concrete,regression,6,E,100000,100010,0.7092854245639065,0.7092854245639065,0.0
concrete__d6,concrete,regression,6,E,100001,100011,0.7092854245639065,0.7092854245639065,0.0
concrete__d6,concrete,regression,6,E,100100,100110,0.7092892272630794,0.7092892272630794,0.0
concrete__d6,concrete,regression,6,E,100101,100111,0.7092892272630794,0.7092892272630794,0.0
concrete__d6,concrete,regression,6,E,101000,101010,0.7463397947789713,0.7341464240408541,-0.012193370738117215
concrete__d6,concrete,regression,6,E,101001,101011,0.7463397947789713,0.7341464240408541,-0.012193370738117215
concrete__d6,concrete,regression,6,E,101100,101110,0.7448190048129956,0.7341108386040064,-0.010708166208989178
concrete__d6,concrete,regression,6,E,101101,101111,0.7448190048129956,0.7341108386040064,-0.010708166208989178
concrete__d6,concrete,regression,6,E,110000,110010,0.7091613202080439,0.7091613202080439,0.0
concrete__d6,concrete,regression,6,E,110001,110011,0.7088746382237141,0.7088746382237141,0.0
concrete__d6,concrete,regression,6,E,110100,110110,0.7080547489871553,0.7080547489871553,0.0
concrete__d6,concrete,regression,6,E,110101,110111,0.705979912838621,0.705979912838621,0.0
concrete__d6,concrete,regression,6,E,111000,111010,0.7463348252859766,0.7354950417727155,-0.010839783513261092
concrete__d6,concrete,regression,6,E,111001,111011,0.7452968936303142,0.7358521813691165,-0.009444712261197696
concrete__d6,concrete,regression,6,E,111100,111110,0.7525522747654868,0.7413423390603321,-0.011209935705154717
concrete__d6,concrete,regression,6,E,111101,111111,0.7507105541068491,0.7413250610225418,-0.00938549308430725
concrete__d6,concrete,regression,6,F,000000,000001,0.7319358955511462,0.7319358955511462,0.0
concrete__d6,concrete,regression,6,F,000010,000011,0.7319358955511462,0.7319358955511462,0.0
concrete__d6,concrete,regression,6,F,000100,000101,0.7319350472334856,0.7319350472334856,0.0
concrete__d6,concrete,regression,6,F,000110,000111,0.7319350472334856,0.7319350472334856,0.0
concrete__d6,concrete,regression,6,F,001000,001001,0.7806002585049037,0.7806002585049037,0.0
concrete__d6,concrete,regression,6,F,001010,001011,0.7598987104398707,0.7598987104398707,0.0
concrete__d6,concrete,regression,6,F,001100,001101,0.7801523964943704,0.7801523964943704,0.0
concrete__d6,concrete,regression,6,F,001110,001111,0.7603382000823533,0.7603382000823533,0.0
concrete__d6,concrete,regression,6,F,010000,010001,0.731813071235355,0.7316276583659258,-0.00018541286942919122
concrete__d6,concrete,regression,6,F,010010,010011,0.731813071235355,0.7316276583659258,-0.00018541286942919122
concrete__d6,concrete,regression,6,F,010100,010101,0.7306448454427951,0.7292652368066833,-0.001379608636111751
concrete__d6,concrete,regression,6,F,010110,010111,0.7306448454427951,0.7292652368066833,-0.001379608636111751
concrete__d6,concrete,regression,6,F,011000,011001,0.7815011464809225,0.7810082721288728,-0.0004928743520496992
concrete__d6,concrete,regression,6,F,011010,011011,0.7606177285327933,0.7617050608698434,0.001087332337050051
concrete__d6,concrete,regression,6,F,011100,011101,0.7827775164026306,0.781457972372694,-0.0013195440299366146
concrete__d6,concrete,regression,6,F,011110,011111,0.7627915491852104,0.7642655882869125,0.0014740391017020738
concrete__d6,concrete,regression,6,F,100000,100001,0.7092854245639065,0.7092854245639065,0.0
concrete__d6,concrete,regression,6,F,100010,100011,0.7092854245639065,0.7092854245639065,0.0
concrete__d6,concrete,regression,6,F,100100,100101,0.7092892272630794,0.7092892272630794,0.0
concrete__d6,concrete,regression,6,F,100110,100111,0.7092892272630794,0.7092892272630794,0.0
concrete__d6,concrete,regression,6,F,101000,101001,0.7463397947789713,0.7463397947789713,0.0
concrete__d6,concrete,regression,6,F,101010,101011,0.7341464240408541,0.7341464240408541,0.0
concrete__d6,concrete,regression,6,F,101100,101101,0.7448190048129956,0.7448190048129956,0.0
concrete__d6,concrete,regression,6,F,101110,101111,0.7341108386040064,0.7341108386040064,0.0
concrete__d6,concrete,regression,6,F,110000,110001,0.7091613202080439,0.7088746382237141,-0.0002866819843297952
concrete__d6,concrete,regression,6,F,110010,110011,0.7091613202080439,0.7088746382237141,-0.0002866819843297952
concrete__d6,concrete,regression,6,F,110100,110101,0.7080547489871553,0.705979912838621,-0.0020748361485342093
concrete__d6,concrete,regression,6,F,110110,110111,0.7080547489871553,0.705979912838621,-0.0020748361485342093
concrete__d6,concrete,regression,6,F,111000,111001,0.7463348252859766,0.7452968936303142,-0.0010379316556624607
concrete__d6,concrete,regression,6,F,111010,111011,0.7354950417727155,0.7358521813691165,0.00035713959640093496
concrete__d6,concrete,regression,6,F,111100,111101,0.7525522747654868,0.7507105541068491,-0.0018417206586377466
concrete__d6,concrete,regression,6,F,111110,111111,0.7413423390603321,0.7413250610225418,-1.7278037790280365e-05
wine__d6,wine,clustering,6,A,000000,100000,0.42875685976453537,0.843410029759392,0.4146531699948567
wine__d6,wine,clustering,6,A,000001,100001,0.4233092693447351,0.8506569957163777,0.42734772637164253
wine__d6,wine,clustering,6,A,000010,100010,0.42875685976453537,0.843410029759392,0.4146531699948567
wine__d6,wine,clustering,6,A,000011,100011,0.4233092693447351,0.8506569957163777,0.42734772637164253
wine__d6,wine,clustering,6,A,000100,100100,0.42875685976453537,0.8506569957163777,0.4219001359518423
wine__d6,wine,clustering,6,A,000101,100101,0.42875685976453537,0.8506569957163777,0.4219001359518423
wine__d6,wine,clustering,6,A,000110,100110,0.42875685976453537,0.8506569957163777,0.4219001359518423
wine__d6,wine,clustering,6,A,000111,100111,0.42875685976453537,0.8506569957163777,0.4219001359518423
wine__d6,wine,clustering,6,A,001000,101000,0.42875685976453537,0.8506569957163777,0.4219001359518423
wine__d6,wine,clustering,6,A,001001,101001,0.436351154416145,0.8506569957163777,0.4143058413002326
wine__d6,wine,clustering,6,A,001010,101010,0.42875685976453537,0.9208875779766981,0.4921307182121627
wine__d6,wine,clustering,6,A,001011,101011,0.436351154416145,0.7955214842079456,0.3591703297918005
wine__d6,wine,clustering,6,A,001100,101100,0.42875685976453537,0.8506569957163777,0.4219001359518423
wine__d6,wine,clustering,6,A,001101,101101,0.42875685976453537,0.8506569957163777,0.4219001359518423
wine__d6,wine,clustering,6,A,001110,101110,0.42875685976453537,0.7379929071941221,0.30923604742958677
wine__d6,wine,clustering,6,A,001111,101111,0.42875685976453537,0.9015656221316876,0.4728087623671522
wine__d6,wine,clustering,6,A,010000,110000,0.8925851652969188,0.8335668799331365,-0.059018285363782286
wine__d6,wine,clustering,6,A,010001,110001,0.8758935341223069,0.8781585673455438,0.002265033223236901
wine__d6,wine,clustering,6,A,010010,110010,0.8925851652969188,0.8335668799331365,-0.059018285363782286
wine__d6,wine,clustering,6,A,010011,110011,0.8758935341223069,0.8781585673455438,0.002265033223236901
wine__d6,wine,clustering,6,A,010100,110100,0.8758935341223069,0.8925851652969188,0.01669163117461192
wine__d6,wine,clustering,6,A,010101,110101,0.8758935341223069,0.8466098147676714,-0.029283719354635473
wine__d6,wine,clustering,6,A,010110,110110,0.8758935341223069,0.8925851652969188,0.01669163117461192
wine__d6,wine,clustering,6,A,010111,110111,0.8758935341223069,0.8466098147676714,-0.029283719354635473
wine__d6,wine,clustering,6,A,011000,111000,0.8925851652969188,0.8781585673455438,-0.01442659795137502
wine__d6,wine,clustering,6,A,011001,111001,0.8758935341223069,0.8781585673455438,0.002265033223236901
wine__d6,wine,clustering,6,A,011010,111010,0.9282018683135121,0.10793967693531842,-0.8202621913781938
wine__d6,wine,clustering,6,A,011011,111011,0.21399145657245006,0.2416621559575388,0.02767069938508873
wine__d6,wine,clustering,6,A,011100,111100,0.8758935341223069,0.8466098147676714,-0.029283719354635473
wine__d6,wine,clustering,6,A,011101,111101,0.8758935341223069,0.8466098147676714,-0.029283719354635473
wine__d6,wine,clustering,6,A,011110,111110,0.9282018683135121,0.8086589281892486,-0.11954294012426359
wine__d6,wine,clustering,6,A,011111,111111,0.8985432342138455,0.8872026190731097,-0.01134061514073581
wine__d6,wine,clustering,6,B,000000,010000,0.42875685976453537,0.8925851652969188,0.4638283055323834
wine__d6,wine,clustering,6,B,000001,010001,0.4233092693447351,0.8758935341223069,0.45258426477757174
wine__d6,wine,clustering,6,B,000010,010010,0.42875685976453537,0.8925851652969188,0.4638283055323834
wine__d6,wine,clustering,6,B,000011,010011,0.4233092693447351,0.8758935341223069,0.45258426477757174
wine__d6,wine,clustering,6,B,000100,010100,0.42875685976453537,0.8758935341223069,0.4471366743577715
wine__d6,wine,clustering,6,B,000101,010101,0.42875685976453537,0.8758935341223069,0.4471366743577715
wine__d6,wine,clustering,6,B,000110,010110,0.42875685976453537,0.8758935341223069,0.4471366743577715
wine__d6,wine,clustering,6,B,000111,010111,0.42875685976453537,0.8758935341223069,0.4471366743577715
wine__d6,wine,clustering,6,B,001000,011000,0.42875685976453537,0.8925851652969188,0.4638283055323834
wine__d6,wine,clustering,6,B,001001,011001,0.436351154416145,0.8758935341223069,0.43954237970616183
wine__d6,wine,clustering,6,B,001010,011010,0.42875685976453537,0.9282018683135121,0.4994450085489768
wine__d6,wine,clustering,6,B,001011,011011,0.436351154416145,0.21399145657245006,-0.22235969784369497
wine__d6,wine,clustering,6,B,001100,011100,0.42875685976453537,0.8758935341223069,0.4471366743577715
wine__d6,wine,clustering,6,B,001101,011101,0.42875685976453537,0.8758935341223069,0.4471366743577715
wine__d6,wine,clustering,6,B,001110,011110,0.42875685976453537,0.9282018683135121,0.4994450085489768
wine__d6,wine,clustering,6,B,001111,011111,0.42875685976453537,0.8985432342138455,0.46978637444931015
wine__d6,wine,clustering,6,B,100000,110000,0.843410029759392,0.8335668799331365,-0.00984314982625556
wine__d6,wine,clustering,6,B,100001,110001,0.8506569957163777,0.8781585673455438,0.02750157162916611
wine__d6,wine,clustering,6,B,100010,110010,0.843410029759392,0.8335668799331365,-0.00984314982625556
wine__d6,wine,clustering,6,B,100011,110011,0.8506569957163777,0.8781585673455438,0.02750157162916611
wine__d6,wine,clustering,6,B,100100,110100,0.8506569957163777,0.8925851652969188,0.04192816958054113
wine__d6,wine,clustering,6,B,100101,110101,0.8506569957163777,0.8466098147676714,-0.004047180948706264
wine__d6,wine,clustering,6,B,100110,110110,0.8506569957163777,0.8925851652969188,0.04192816958054113
wine__d6,wine,clustering,6,B,100111,110111,0.8506569957163777,0.8466098147676714,-0.004047180948706264
wine__d6,wine,clustering,6,B,101000,111000,0.8506569957163777,0.8781585673455438,0.02750157162916611
wine__d6,wine,clustering,6,B,101001,111001,0.8506569957163777,0.8781585673455438,0.02750157162916611
wine__d6,wine,clustering,6,B,101010,111010,0.9208875779766981,0.10793967693531842,-0.8129479010413796
wine__d6,wine,clustering,6,B,101011,111011,0.7955214842079456,0.2416621559575388,-0.5538593282504067
wine__d6,wine,clustering,6,B,101100,111100,0.8506569957163777,0.8466098147676714,-0.004047180948706264
wine__d6,wine,clustering,6,B,101101,111101,0.8506569957163777,0.8466098147676714,-0.004047180948706264
wine__d6,wine,clustering,6,B,101110,111110,0.7379929071941221,0.8086589281892486,0.07066602099512642
wine__d6,wine,clustering,6,B,101111,111111,0.9015656221316876,0.8872026190731097,-0.01436300305857785
wine__d6,wine,clustering,6,C,000000,001000,0.42875685976453537,0.42875685976453537,0.0
wine__d6,wine,clustering,6,C,000001,001001,0.4233092693447351,0.436351154416145,0.013041885071409909
wine__d6,wine,clustering,6,C,000010,001010,0.42875685976453537,0.42875685976453537,0.0
wine__d6,wine,clustering,6,C,000011,001011,0.4233092693447351,0.436351154416145,0.013041885071409909
wine__d6,wine,clustering,6,C,000100,001100,0.42875685976453537,0.42875685976453537,0.0
wine__d6,wine,clustering,6,C,000101,001101,0.42875685976453537,0.42875685976453537,0.0
wine__d6,wine,clustering,6,C,000110,001110,0.42875685976453537,0.42875685976453537,0.0
wine__d6,wine,clustering,6,C,000111,001111,0.42875685976453537,0.42875685976453537,0.0
wine__d6,wine,clustering,6,C,010000,011000,0.8925851652969188,0.8925851652969188,0.0
wine__d6,wine,clustering,6,C,010001,011001,0.8758935341223069,0.8758935341223069,0.0
wine__d6,wine,clustering,6,C,010010,011010,0.8925851652969188,0.9282018683135121,0.035616703016593365
wine__d6,wine,clustering,6,C,010011,011011,0.8758935341223069,0.21399145657245006,-0.6619020775498567
wine__d6,wine,clustering,6,C,010100,011100,0.8758935341223069,0.8758935341223069,0.0
wine__d6,wine,clustering,6,C,010101,011101,0.8758935341223069,0.8758935341223069,0.0
wine__d6,wine,clustering,6,C,010110,011110,0.8758935341223069,0.9282018683135121,0.052308334191205286
wine__d6,wine,clustering,6,C,010111,011111,0.8758935341223069,0.8985432342138455,0.02264970009153866
wine__d6,wine,clustering,6,C,100000,101000,0.843410029759392,0.8506569957163777,0.007246965956985596
wine__d6,wine,clustering,6,C,100001,101001,0.8506569957163777,0.8506569957163777,0.0
wine__d6,wine,clustering,6,C,100010,101010,0.843410029759392,0.9208875779766981,0.07747754821730601
wine__d6,wine,clustering,6,C,100011,101011,0.8506569957163777,0.7955214842079456,-0.0551355115084321
wine__d6,wine,clustering,6,C,100100,101100,0.8506569957163777,0.8506569957163777,0.0
wine__d6,wine,clustering,6,C,100101,101101,0.8506569957163777,0.8506569957163777,0.0
wine__d6,wine,clustering,6,C,100110,101110,0.8506569957163777,0.7379929071941221,-0.11266408852225551
wine__d6,wine,clustering,6,C,100111,101111,0.8506569957163777,0.9015656221316876,0.05090862641530991
wine__d6,wine,clustering,6,C,110000,111000,0.8335668799331365,0.8781585673455438,0.044591687412407266
wine__d6,wine,clustering,6,C,110001,111001,0.8781585673455438,0.8781585673455438,0.0
wine__d6,wine,clustering,6,C,110010,111010,0.8335668799331365,0.10793967693531842,-0.7256272029978181
wine__d6,wine,clustering,6,C,110011,111011,0.8781585673455438,0.2416621559575388,-0.636496411388005
wine__d6,wine,clustering,6,C,110100,111100,0.8925851652969188,0.8466098147676714,-0.045975350529247394
wine__d6,wine,clustering,6,C,110101,111101,0.8466098147676714,0.8466098147676714,0.0
wine__d6,wine,clustering,6,C,110110,111110,0.8925851652969188,0.8086589281892486,-0.08392623710767022
wine__d6,wine,clustering,6,C,110111,111111,0.8466098147676714,0.8872026190731097,0.040592804305438324
wine__d6,wine,clustering,6,D,000000,000100,0.42875685976453537,0.42875685976453537,0.0
wine__d6,wine,clustering,6,D,000001,000101,0.4233092693447351,0.42875685976453537,0.005447590419800252
wine__d6,wine,clustering,6,D,000010,000110,0.42875685976453537,0.42875685976453537,0.0
wine__d6,wine,clustering,6,D,000011,000111,0.4233092693447351,0.42875685976453537,0.005447590419800252
wine__d6,wine,clustering,6,D,001000,001100,0.42875685976453537,0.42875685976453537,0.0
wine__d6,wine,clustering,6,D,001001,001101,0.436351154416145,0.42875685976453537,-0.0075942946516096566
wine__d6,wine,clustering,6,D,001010,001110,0.42875685976453537,0.42875685976453537,0.0
wine__d6,wine,clustering,6,D,001011,001111,0.436351154416145,0.42875685976453537,-0.0075942946516096566
wine__d6,wine,clustering,6,D,010000,010100,0.8925851652969188,0.8758935341223069,-0.01669163117461192
wine__d6,wine,clustering,6,D,010001,010101,0.8758935341223069,0.8758935341223069,0.0
wine__d6,wine,clustering,6,D,010010,010110,0.8925851652969188,0.8758935341223069,-0.01669163117461192
wine__d6,wine,clustering,6,D,010011,010111,0.8758935341223069,0.8758935341223069,0.0
wine__d6,wine,clustering,6,D,011000,011100,0.8925851652969188,0.8758935341223069,-0.01669163117461192
wine__d6,wine,clustering,6,D,011001,011101,0.8758935341223069,0.8758935341223069,0.0
wine__d6,wine,clustering,6,D,011010,011110,0.9282018683135121,0.9282018683135121,0.0
wine__d6,wine,clustering,6,D,011011,011111,0.21399145657245006,0.8985432342138455,0.6845517776413954
wine__d6,wine,clustering,6,D,100000,100100,0.843410029759392,0.8506569957163777,0.007246965956985596
wine__d6,wine,clustering,6,D,100001,100101,0.8506569957163777,0.8506569957163777,0.0
wine__d6,wine,clustering,6,D,100010,100110,0.843410029759392,0.8506569957163777,0.007246965956985596
wine__d6,wine,clustering,6,D,100011,100111,0.8506569957163777,0.8506569957163777,0.0
wine__d6,wine,clustering,6,D,101000,101100,0.8506569957163777,0.8506569957163777,0.0
wine__d6,wine,clustering,6,D,101001,101101,0.8506569957163777,0.8506569957163777,0.0
wine__d6,wine,clustering,6,D,101010,101110,0.9208875779766981,0.7379929071941221,-0.18289467078257593
wine__d6,wine,clustering,6,D,101011,101111,0.7955214842079456,0.9015656221316876,0.10604413792374201
wine__d6,wine,clustering,6,D,110000,110100,0.8335668799331365,0.8925851652969188,0.059018285363782286
wine__d6,wine,clustering,6,D,110001,110101,0.8781585673455438,0.8466098147676714,-0.031548752577872374
wine__d6,wine,clustering,6,D,110010,110110,0.8335668799331365,0.8925851652969188,0.059018285363782286
wine__d6,wine,clustering,6,D,110011,110111,0.8781585673455438,0.8466098147676714,-0.031548752577872374
wine__d6,wine,clustering,6,D,111000,111100,0.8781585673455438,0.8466098147676714,-0.031548752577872374
wine__d6,wine,clustering,6,D,111001,111101,0.8781585673455438,0.8466098147676714,-0.031548752577872374
wine__d6,wine,clustering,6,D,111010,111110,0.10793967693531842,0.8086589281892486,0.7007192512539302
wine__d6,wine,clustering,6,D,111011,111111,0.2416621559575388,0.8872026190731097,0.6455404631155709
wine__d6,wine,clustering,6,E,000000,000010,0.42875685976453537,0.42875685976453537,0.0
wine__d6,wine,clustering,6,E,000001,000011,0.4233092693447351,0.4233092693447351,0.0
wine__d6,wine,clustering,6,E,000100,000110,0.42875685976453537,0.42875685976453537,0.0
wine__d6,wine,clustering,6,E,000101,000111,0.42875685976453537,0.42875685976453537,0.0
wine__d6,wine,clustering,6,E,001000,001010,0.42875685976453537,0.42875685976453537,0.0
wine__d6,wine,clustering,6,E,001001,001011,0.436351154416145,0.436351154416145,0.0
wine__d6,wine,clustering,6,E,001100,001110,0.42875685976453537,0.42875685976453537,0.0
wine__d6,wine,clustering,6,E,001101,001111,0.42875685976453537,0.42875685976453537,0.0
wine__d6,wine,clustering,6,E,010000,010010,0.8925851652969188,0.8925851652969188,0.0
wine__d6,wine,clustering,6,E,010001,010011,0.8758935341223069,0.8758935341223069,0.0
wine__d6,wine,clustering,6,E,010100,010110,0.8758935341223069,0.8758935341223069,0.0
wine__d6,wine,clustering,6,E,010101,010111,0.8758935341223069,0.8758935341223069,0.0
wine__d6,wine,clustering,6,E,011000,011010,0.8925851652969188,0.9282018683135121,0.035616703016593365
wine__d6,wine,clustering,6,E,011001,011011,0.8758935341223069,0.21399145657245006,-0.6619020775498567
wine__d6,wine,clustering,6,E,011100,011110,0.8758935341223069,0.9282018683135121,0.052308334191205286
wine__d6,wine,clustering,6,E,011101,011111,0.8758935341223069,0.8985432342138455,0.02264970009153866
wine__d6,wine,clustering,6,E,100000,100010,0.843410029759392,0.843410029759392,0.0
wine__d6,wine,clustering,6,E,100001,100011,0.8506569957163777,0.8506569957163777,0.0
wine__d6,wine,clustering,6,E,100100,100110,0.8506569957163777,0.8506569957163777,0.0
wine__d6,wine,clustering,6,E,100101,100111,0.8506569957163777,0.8506569957163777,0.0
wine__d6,wine,clustering,6,E,101000,101010,0.8506569957163777,0.9208875779766981,0.07023058226032042
wine__d6,wine,clustering,6,E,101001,101011,0.8506569957163777,0.7955214842079456,-0.0551355115084321
wine__d6,wine,clustering,6,E,101100,101110,0.8506569957163777,0.7379929071941221,-0.11266408852225551
wine__d6,wine,clustering,6,E,101101,101111,0.8506569957163777,0.9015656221316876,0.05090862641530991
wine__d6,wine,clustering,6,E,110000,110010,0.8335668799331365,0.8335668799331365,0.0
wine__d6,wine,clustering,6,E,110001,110011,0.8781585673455438,0.8781585673455438,0.0
wine__d6,wine,clustering,6,E,110100,110110,0.8925851652969188,0.8925851652969188,0.0
wine__d6,wine,clustering,6,E,110101,110111,0.8466098147676714,0.8466098147676714,0.0
wine__d6,wine,clustering,6,E,111000,111010,0.8781585673455438,0.10793967693531842,-0.7702188904102254
wine__d6,wine,clustering,6,E,111001,111011,0.8781585673455438,0.2416621559575388,-0.636496411388005
wine__d6,wine,clustering,6,E,111100,111110,0.8466098147676714,0.8086589281892486,-0.03795088657842283
wine__d6,wine,clustering,6,E,111101,111111,0.8466098147676714,0.8872026190731097,0.040592804305438324
wine__d6,wine,clustering,6,F,000000,000001,0.42875685976453537,0.4233092693447351,-0.005447590419800252
wine__d6,wine,clustering,6,F,000010,000011,0.42875685976453537,0.4233092693447351,-0.005447590419800252
wine__d6,wine,clustering,6,F,000100,000101,0.42875685976453537,0.42875685976453537,0.0
wine__d6,wine,clustering,6,F,000110,000111,0.42875685976453537,0.42875685976453537,0.0
wine__d6,wine,clustering,6,F,001000,001001,0.42875685976453537,0.436351154416145,0.0075942946516096566
wine__d6,wine,clustering,6,F,001010,001011,0.42875685976453537,0.436351154416145,0.0075942946516096566
wine__d6,wine,clustering,6,F,001100,001101,0.42875685976453537,0.42875685976453537,0.0
wine__d6,wine,clustering,6,F,001110,001111,0.42875685976453537,0.42875685976453537,0.0
wine__d6,wine,clustering,6,F,010000,010001,0.8925851652969188,0.8758935341223069,-0.01669163117461192
wine__d6,wine,clustering,6,F,010010,010011,0.8925851652969188,0.8758935341223069,-0.01669163117461192
wine__d6,wine,clustering,6,F,010100,010101,0.8758935341223069,0.8758935341223069,0.0
wine__d6,wine,clustering,6,F,010110,010111,0.8758935341223069,0.8758935341223069,0.0
wine__d6,wine,clustering,6,F,011000,011001,0.8925851652969188,0.8758935341223069,-0.01669163117461192
wine__d6,wine,clustering,6,F,011010,011011,0.9282018683135121,0.21399145657245006,-0.7142104117410621
wine__d6,wine,clustering,6,F,011100,011101,0.8758935341223069,0.8758935341223069,0.0
wine__d6,wine,clustering,6,F,011110,011111,0.9282018683135121,0.8985432342138455,-0.029658634099666625
wine__d6,wine,clustering,6,F,100000,100001,0.843410029759392,0.8506569957163777,0.007246965956985596
wine__d6,wine,clustering,6,F,100010,100011,0.843410029759392,0.8506569957163777,0.007246965956985596
wine__d6,wine,clustering,6,F,100100,100101,0.8506569957163777,0.8506569957163777,0.0
wine__d6,wine,clustering,6,F,100110,100111,0.8506569957163777,0.8506569957163777,0.0
wine__d6,wine,clustering,6,F,101000,101001,0.8506569957163777,0.8506569957163777,0.0
wine__d6,wine,clustering,6,F,101010,101011,0.9208875779766981,0.7955214842079456,-0.12536609376875252
wine__d6,wine,clustering,6,F,101100,101101,0.8506569957163777,0.8506569957163777,0.0
wine__d6,wine,clustering,6,F,101110,101111,0.7379929071941221,0.9015656221316876,0.16357271493756542
wine__d6,wine,clustering,6,F,110000,110001,0.8335668799331365,0.8781585673455438,0.044591687412407266
wine__d6,wine,clustering,6,F,110010,110011,0.8335668799331365,0.8781585673455438,0.044591687412407266
wine__d6,wine,clustering,6,F,110100,110101,0.8925851652969188,0.8466098147676714,-0.045975350529247394
wine__d6,wine,clustering,6,F,110110,110111,0.8925851652969188,0.8466098147676714,-0.045975350529247394
wine__d6,wine,clustering,6,F,111000,111001,0.8781585673455438,0.8781585673455438,0.0
wine__d6,wine,clustering,6,F,111010,111011,0.10793967693531842,0.2416621559575388,0.13372247902222037
wine__d6,wine,clustering,6,F,111100,111101,0.8466098147676714,0.8466098147676714,0.0
wine__d6,wine,clustering,6,F,111110,111111,0.8086589281892486,0.8872026190731097,0.07854369088386115
co2__d6,co2,forecasting,6,A,000000,100000,0.9801341121691193,0.9800064970188498,-0.00012761515026948889
co2__d6,co2,forecasting,6,A,000001,100001,0.9803382228338485,0.9803761365793263,3.791374547779114e-05
co2__d6,co2,forecasting,6,A,000010,100010,0.9799044832612974,0.9789626787810285,-0.0009418044802689263
co2__d6,co2,forecasting,6,A,000011,100011,0.9803381935305248,0.9803760791945827,3.788566405793503e-05
co2__d6,co2,forecasting,6,A,000100,100100,0.9786310609223441,0.971155660036673,-0.007475400885671113
co2__d6,co2,forecasting,6,A,000101,100101,0.9803377183379085,0.9803754668541566,3.7748516248048425e-05
co2__d6,co2,forecasting,6,A,000110,100110,0.9704020536269697,0.9509593226500295,-0.01944273097694027
co2__d6,co2,forecasting,6,A,000111,100111,0.9803374291701887,0.9803749022411032,3.747307091450658e-05
co2__d6,co2,forecasting,6,A,001000,101000,0.9801268344268592,0.9802261159285658,9.92815017065718e-05
co2__d6,co2,forecasting,6,A,001001,101001,0.9803419836723275,0.9803764435802375,3.445990790995612e-05
co2__d6,co2,forecasting,6,A,001010,101010,0.9798788295737259,0.979443606668166,-0.0004352229055598622
co2__d6,co2,forecasting,6,A,001011,101011,0.9803419519276437,0.9803763849303794,3.4433002735645424e-05
co2__d6,co2,forecasting,6,A,001100,101100,0.9784873704403354,0.973303373145099,-0.005183997295236442
co2__d6,co2,forecasting,6,A,001101,101101,0.980341474070564,0.9803757734079632,3.4299337399179564e-05
co2__d6,co2,forecasting,6,A,001110,101110,0.9691918601472322,0.9556447176886237,-0.013547142458608552
co2__d6,co2,forecasting,6,A,001111,101111,0.980341160873337,0.9803751962717252,3.4035398388199134e-05
co2__d6,co2,forecasting,6,A,010000,110000,0.9820325121397241,0.9800833411460967,-0.0019491709936273471
co2__d6,co2,forecasting,6,A,010001,110001,0.9828994256274267,0.9829073711940417,7.945566614986355e-06
co2__d6,co2,forecasting,6,A,010010,110010,0.9804342660455195,0.9778037404238471,-0.0026305256216724304
co2__d6,co2,forecasting,6,A,010011,110011,0.9828990993926545,0.9829070527307181,7.953338063582116e-06
co2__d6,co2,forecasting,6,A,010100,110100,0.9758972207946173,0.972858167546772,-0.003039053247845258
co2__d6,co2,forecasting,6,A,010101,110101,0.9828938218877177,0.982901365925342,7.544037624374056e-06
co2__d6,co2,forecasting,6,A,010110,110110,0.9687964712039704,0.9668696374327949,-0.001926833771175529
co2__d6,co2,forecasting,6,A,010111,110111,0.9828905486282898,0.9828976700165438,7.121388253983341e-06
co2__d6,co2,forecasting,6,A,011000,111000,0.9820163345258672,0.9808611144601891,-0.001155220065678142
co2__d6,co2,forecasting,6,A,011001,111001,0.9828913884490709,0.98289328129421,1.892845139184196e-06
co2__d6,co2,forecasting,6,A,011010,111010,0.9803939173841292,0.9789577368774778,-0.0014361805066513966
co2__d6,co2,forecasting,6,A,011011,111011,0.9828910018417234,0.9828928969231555,1.8950814321128107e-06
co2__d6,co2,forecasting,6,A,011100,111100,0.9758778046325418,0.9747065399491269,-0.0011712646834148854
co2__d6,co2,forecasting,6,A,011101,111101,0.9828849804851553,0.9828868936097007,1.9131245454495627e-06
co2__d6,co2,forecasting,6,A,011110,111110,0.9686493442115506,0.9686358551292864,-1.3489082264173113e-05
co2__d6,co2,forecasting,6,A,011111,111111,0.9828810816063112,0.9828830183351115,1.936728800333576e-06
co2__d6,co2,forecasting,6,B,000000,010000,0.9801341121691193,0.9820325121397241,0.0018983999706048138
co2__d6,co2,forecasting,6,B,000001,010001,0.9803382228338485,0.9828994256274267,0.002561202793578188
co2__d6,co2,forecasting,6,B,000010,010010,0.9799044832612974,0.9804342660455195,0.0005297827842221103
co2__d6,co2,forecasting,6,B,000011,010011,0.9803381935305248,0.9828990993926545,0.0025609058621297587
co2__d6,co2,forecasting,6,B,000100,010100,0.9786310609223441,0.9758972207946173,-0.0027338401277268165
co2__d6,co2,forecasting,6,B,000101,010101,0.9803377183379085,0.9828938218877177,0.0025561035498091744
co2__d6,co2,forecasting,6,B,000110,010110,0.9704020536269697,0.9687964712039704,-0.001605582422999352
co2__d6,co2,forecasting,6,B,000111,010111,0.9803374291701887,0.9828905486282898,0.002553119458101105
co2__d6,co2,forecasting,6,B,001000,011000,0.9801268344268592,0.9820163345258672,0.0018895000990080124
co2__d6,co2,forecasting,6,B,001001,011001,0.9803419836723275,0.9828913884490709,0.002549404776743369
co2__d6,co2,forecasting,6,B,001010,011010,0.9798788295737259,0.9803939173841292,0.0005150878104033252
co2__d6,co2,forecasting,6,B,001011,011011,0.9803419519276437,0.9828910018417234,0.0025490499140796707
co2__d6,co2,forecasting,6,B,001100,011100,0.9784873704403354,0.9758778046325418,-0.00260956580779359
co2__d6,co2,forecasting,6,B,001101,011101,0.980341474070564,0.9828849804851553,0.0025435064145912234
co2__d6,co2,forecasting,6,B,001110,011110,0.9691918601472322,0.9686493442115506,-0.0005425159356816645
co2__d6,co2,forecasting,6,B,001111,011111,0.980341160873337,0.9828810816063112,0.0025399207329741547
co2__d6,co2,forecasting,6,B,100000,110000,0.9800064970188498,0.9800833411460967,7.684412724695555e-05
co2__d6,co2,forecasting,6,B,100001,110001,0.9803761365793263,0.9829073711940417,0.002531234614715383
co2__d6,co2,forecasting,6,B,100010,110010,0.9789626787810285,0.9778037404238471,-0.0011589383571813938
co2__d6,co2,forecasting,6,B,100011,110011,0.9803760791945827,0.9829070527307181,0.0025309735361354058
co2__d6,co2,forecasting,6,B,100100,110100,0.971155660036673,0.972858167546772,0.0017025075100990383
co2__d6,co2,forecasting,6,B,100101,110101,0.9803754668541566,0.982901365925342,0.0025258990711855
co2__d6,co2,forecasting,6,B,100110,110110,0.9509593226500295,0.9668696374327949,0.01591031478276539
co2__d6,co2,forecasting,6,B,100111,110111,0.9803749022411032,0.9828976700165438,0.002522767775440582
co2__d6,co2,forecasting,6,B,101000,111000,0.9802261159285658,0.9808611144601891,0.0006349985316232987
co2__d6,co2,forecasting,6,B,101001,111001,0.9803764435802375,0.98289328129421,0.0025168377139725973
co2__d6,co2,forecasting,6,B,101010,111010,0.979443606668166,0.9789577368774778,-0.00048586979068820924
co2__d6,co2,forecasting,6,B,101011,111011,0.9803763849303794,0.9828928969231555,0.002516511992776138
co2__d6,co2,forecasting,6,B,101100,111100,0.973303373145099,0.9747065399491269,0.0014031668040279666
co2__d6,co2,forecasting,6,B,101101,111101,0.9803757734079632,0.9828868936097007,0.0025111202017374934
co2__d6,co2,forecasting,6,B,101110,111110,0.9556447176886237,0.9686358551292864,0.012991137440662714
co2__d6,co2,forecasting,6,B,101111,111111,0.9803751962717252,0.9828830183351115,0.002507822063386289
co2__d6,co2,forecasting,6,C,000000,001000,0.9801341121691193,0.9801268344268592,-7.27774226005895e-06
co2__d6,co2,forecasting,6,C,000001,001001,0.9803382228338485,0.9803419836723275,3.7608384789722393e-06
co2__d6,co2,forecasting,6,C,000010,001010,0.9799044832612974,0.9798788295737259,-2.5653687571569606e-05
co2__d6,co2,forecasting,6,C,000011,001011,0.9803381935305248,0.9803419519276437,3.7583971189691923e-06
co2__d6,co2,forecasting,6,C,000100,001100,0.9786310609223441,0.9784873704403354,-0.00014369048200868484
co2__d6,co2,forecasting,6,C,000101,001101,0.9803377183379085,0.980341474070564,3.7557326555415216e-06
co2__d6,co2,forecasting,6,C,000110,001110,0.9704020536269697,0.9691918601472322,-0.001210193479737498
co2__d6,co2,forecasting,6,C,000111,001111,0.9803374291701887,0.980341160873337,3.7317031482686502e-06
co2__d6,co2,forecasting,6,C,010000,011000,0.9820325121397241,0.9820163345258672,-1.617761385686034e-05
co2__d6,co2,forecasting,6,C,010001,011001,0.9828994256274267,0.9828913884490709,-8.037178355846386e-06
co2__d6,co2,forecasting,6,C,010010,011010,0.9804342660455195,0.9803939173841292,-4.0348661390354756e-05
co2__d6,co2,forecasting,6,C,010011,011011,0.9828990993926545,0.9828910018417234,-8.097550931118747e-06
co2__d6,co2,forecasting,6,C,010100,011100,0.9758972207946173,0.9758778046325418,-1.9416162075458487e-05
co2__d6,co2,forecasting,6,C,010101,011101,0.9828938218877177,0.9828849804851553,-8.841402562409506e-06
co2__d6,co2,forecasting,6,C,010110,011110,0.9687964712039704,0.9686493442115506,-0.00014712699241981042
co2__d6,co2,forecasting,6,C,010111,011111,0.9828905486282898,0.9828810816063112,-9.467021978681878e-06
co2__d6,co2,forecasting,6,C,100000,101000,0.9800064970188498,0.9802261159285658,0.00021961890971600173
co2__d6,co2,forecasting,6,C,100001,101001,0.9803761365793263,0.9803764435802375,3.0700091113722294e-07
co2__d6,co2,forecasting,6,C,100010,101010,0.9789626787810285,0.979443606668166,0.00048092788713749446
co2__d6,co2,forecasting,6,C,100011,101011,0.9803760791945827,0.9803763849303794,3.0573579667958484e-07
co2__d6,co2,forecasting,6,C,100100,101100,0.971155660036673,0.973303373145099,0.002147713108425986
co2__d6,co2,forecasting,6,C,100101,101101,0.9803754668541566,0.9803757734079632,3.065538066726603e-07
co2__d6,co2,forecasting,6,C,100110,101110,0.9509593226500295,0.9556447176886237,0.00468539503859422
co2__d6,co2,forecasting,6,C,100111,101111,0.9803749022411032,0.9803751962717252,2.9403062196120544e-07
co2__d6,co2,forecasting,6,C,110000,111000,0.9800833411460967,0.9808611144601891,0.0007777733140923448
co2__d6,co2,forecasting,6,C,110001,111001,0.9829073711940417,0.98289328129421,-1.4089899831648545e-05
co2__d6,co2,forecasting,6,C,110010,111010,0.9778037404238471,0.9789577368774778,0.001153996453630679
co2__d6,co2,forecasting,6,C,110011,111011,0.9829070527307181,0.9828928969231555,-1.4155807562588052e-05
co2__d6,co2,forecasting,6,C,110100,111100,0.972858167546772,0.9747065399491269,0.0018483724023549142
co2__d6,co2,forecasting,6,C,110101,111101,0.982901365925342,0.9828868936097007,-1.4472315641334e-05
co2__d6,co2,forecasting,6,C,110110,111110,0.9668696374327949,0.9686358551292864,0.0017662176964915455
co2__d6,co2,forecasting,6,C,110111,111111,0.9828976700165438,0.9828830183351115,-1.4651681432331642e-05
co2__d6,co2,forecasting,6,D,000000,000100,0.9801341121691193,0.9786310609223441,-0.0015030512467751889
co2__d6,co2,forecasting,6,D,000001,000101,0.9803382228338485,0.9803377183379085,-5.044959400235527e-07
co2__d6,co2,forecasting,6,D,000010,000110,0.9799044832612974,0.9704020536269697,-0.00950242963432768
co2__d6,co2,forecasting,6,D,000011,000111,0.9803381935305248,0.9803374291701887,-7.643603360252271e-07
co2__d6,co2,forecasting,6,D,001000,001100,0.9801268344268592,0.9784873704403354,-0.0016394639865238148
co2__d6,co2,forecasting,6,D,001001,001101,0.9803419836723275,0.980341474070564,-5.096017634542704e-07
co2__d6,co2,forecasting,6,D,001010,001110,0.9798788295737259,0.9691918601472322,-0.010686969426493609
co2__d6,co2,forecasting,6,D,001011,001111,0.9803419519276437,0.980341160873337,-7.910543067257692e-07
co2__d6,co2,forecasting,6,D,010000,010100,0.9820325121397241,0.9758972207946173,-0.006135291345106819
co2__d6,co2,forecasting,6,D,010001,010101,0.9828994256274267,0.9828938218877177,-5.603739709036937e-06
co2__d6,co2,forecasting,6,D,010010,010110,0.9804342660455195,0.9687964712039704,-0.011637794841549143
co2__d6,co2,forecasting,6,D,010011,010111,0.9828990993926545,0.9828905486282898,-8.55076436467872e-06
co2__d6,co2,forecasting,6,D,011000,011100,0.9820163345258672,0.9758778046325418,-0.006138529893325417
co2__d6,co2,forecasting,6,D,011001,011101,0.9828913884490709,0.9828849804851553,-6.407963915600057e-06
co2__d6,co2,forecasting,6,D,011010,011110,0.9803939173841292,0.9686493442115506,-0.011744573172578598
co2__d6,co2,forecasting,6,D,011011,011111,0.9828910018417234,0.9828810816063112,-9.920235412241851e-06
co2__d6,co2,forecasting,6,D,100000,100100,0.9800064970188498,0.971155660036673,-0.008850836982176813
co2__d6,co2,forecasting,6,D,100001,100101,0.9803761365793263,0.9803754668541566,-6.697251697662665e-07
co2__d6,co2,forecasting,6,D,100010,100110,0.9789626787810285,0.9509593226500295,-0.028003356130999024
co2__d6,co2,forecasting,6,D,100011,100111,0.9803760791945827,0.9803749022411032,-1.1769534794536796e-06
co2__d6,co2,forecasting,6,D,101000,101100,0.9802261159285658,0.973303373145099,-0.006922742783466829
co2__d6,co2,forecasting,6,D,101001,101101,0.9803764435802375,0.9803757734079632,-6.701722742308291e-07
co2__d6,co2,forecasting,6,D,101010,101110,0.979443606668166,0.9556447176886237,-0.0237988889795423
co2__d6,co2,forecasting,6,D,101011,101111,0.9803763849303794,0.9803751962717252,-1.188658654172059e-06
co2__d6,co2,forecasting,6,D,110000,110100,0.9800833411460967,0.972858167546772,-0.00722517359932473
co2__d6,co2,forecasting,6,D,110001,110101,0.9829073711940417,0.982901365925342,-6.0052686996492355e-06
co2__d6,co2,forecasting,6,D,110010,110110,0.9778037404238471,0.9668696374327949,-0.010934102991052241
co2__d6,co2,forecasting,6,D,110011,110111,0.9829070527307181,0.9828976700165438,-9.382714174277496e-06
co2__d6,co2,forecasting,6,D,111000,111100,0.9808611144601891,0.9747065399491269,-0.006154574511062161
co2__d6,co2,forecasting,6,D,111001,111101,0.98289328129421,0.9828868936097007,-6.38768450933469e-06
co2__d6,co2,forecasting,6,D,111010,111110,0.9789577368774778,0.9686358551292864,-0.010321881748191375
co2__d6,co2,forecasting,6,D,111011,111111,0.9828928969231555,0.9828830183351115,-9.878588044021086e-06
co2__d6,co2,forecasting,6,E,000000,000010,0.9801341121691193,0.9799044832612974,-0.00022962890782185497
co2__d6,co2,forecasting,6,E,000001,000011,0.9803382228338485,0.9803381935305248,-2.930332376749334e-08
co2__d6,co2,forecasting,6,E,000100,000110,0.9786310609223441,0.9704020536269697,-0.008229007295374346
co2__d6,co2,forecasting,6,E,000101,000111,0.9803377183379085,0.9803374291701887,-2.891677197691678e-07
co2__d6,co2,forecasting,6,E,001000,001010,0.9801268344268592,0.9798788295737259,-0.0002480048531333656
co2__d6,co2,forecasting,6,E,001001,001011,0.9803419836723275,0.9803419519276437,-3.1744683770540405e-08
co2__d6,co2,forecasting,6,E,001100,001110,0.9784873704403354,0.9691918601472322,-0.00929551029310316
co2__d6,co2,forecasting,6,E,001101,001111,0.980341474070564,0.980341160873337,-3.131972270420391e-07
co2__d6,co2,forecasting,6,E,010000,010010,0.9820325121397241,0.9804342660455195,-0.0015982460942045584
co2__d6,co2,forecasting,6,E,010001,010011,0.9828994256274267,0.9828990993926545,-3.262347721966208e-07
co2__d6,co2,forecasting,6,E,010100,010110,0.9758972207946173,0.9687964712039704,-0.007100749590646882
co2__d6,co2,forecasting,6,E,010101,010111,0.9828938218877177,0.9828905486282898,-3.273259427838404e-06
co2__d6,co2,forecasting,6,E,011000,011010,0.9820163345258672,0.9803939173841292,-0.0016224171417380528
co2__d6,co2,forecasting,6,E,011001,011011,0.9828913884490709,0.9828910018417234,-3.866073474689813e-07
co2__d6,co2,forecasting,6,E,011100,011110,0.9758778046325418,0.9686493442115506,-0.007228460420991234
co2__d6,co2,forecasting,6,E,011101,011111,0.9828849804851553,0.9828810816063112,-3.898878844110776e-06
co2__d6,co2,forecasting,6,E,100000,100010,0.9800064970188498,0.9789626787810285,-0.0010438182378212923
co2__d6,co2,forecasting,6,E,100001,100011,0.9803761365793263,0.9803760791945827,-5.73847436236008e-08
co2__d6,co2,forecasting,6,E,100100,100110,0.971155660036673,0.9509593226500295,-0.020196337386643504
co2__d6,co2,forecasting,6,E,100101,100111,0.9803754668541566,0.9803749022411032,-5.646130533110139e-07
co2__d6,co2,forecasting,6,E,101000,101010,0.9802261159285658,0.979443606668166,-0.0007825092603997996
co2__d6,co2,forecasting,6,E,101001,101011,0.9803764435802375,0.9803763849303794,-5.8649858081238904e-08
co2__d6,co2,forecasting,6,E,101100,101110,0.973303373145099,0.9556447176886237,-0.01765865545647527
co2__d6,co2,forecasting,6,E,101101,101111,0.9803757734079632,0.9803751962717252,-5.771362380224687e-07
co2__d6,co2,forecasting,6,E,110000,110010,0.9800833411460967,0.9778037404238471,-0.0022796007222496417
co2__d6,co2,forecasting,6,E,110001,110011,0.9829073711940417,0.9829070527307181,-3.184633236008594e-07
co2__d6,co2,forecasting,6,E,110100,110110,0.972858167546772,0.9668696374327949,-0.005988530113977153
co2__d6,co2,forecasting,6,E,110101,110111,0.982901365925342,0.9828976700165438,-3.6959087982291194e-06
co2__d6,co2,forecasting,6,E,111000,111010,0.9808611144601891,0.9789577368774778,-0.0019033775827113075
co2__d6,co2,forecasting,6,E,111001,111011,0.98289328129421,0.9828928969231555,-3.843710545403667e-07
co2__d6,co2,forecasting,6,E,111100,111110,0.9747065399491269,0.9686358551292864,-0.006070684819840522
co2__d6,co2,forecasting,6,E,111101,111111,0.9828868936097007,0.9828830183351115,-3.875274589226763e-06
co2__d6,co2,forecasting,6,F,000000,000001,0.9801341121691193,0.9803382228338485,0.0002041106647292512
co2__d6,co2,forecasting,6,F,000010,000011,0.9799044832612974,0.9803381935305248,0.0004337102692273387
co2__d6,co2,forecasting,6,F,000100,000101,0.9786310609223441,0.9803377183379085,0.0017066574155644165
co2__d6,co2,forecasting,6,F,000110,000111,0.9704020536269697,0.9803374291701887,0.009935375543218994
co2__d6,co2,forecasting,6,F,001000,001001,0.9801268344268592,0.9803419836723275,0.0002151492454682824
co2__d6,co2,forecasting,6,F,001010,001011,0.9798788295737259,0.9803419519276437,0.0004631223539178775
co2__d6,co2,forecasting,6,F,001100,001101,0.9784873704403354,0.980341474070564,0.0018541036302286429
co2__d6,co2,forecasting,6,F,001110,001111,0.9691918601472322,0.980341160873337,0.01114930072610476
co2__d6,co2,forecasting,6,F,010000,010001,0.9820325121397241,0.9828994256274267,0.0008669134877026252
co2__d6,co2,forecasting,6,F,010010,010011,0.9804342660455195,0.9828990993926545,0.002464833347134987
co2__d6,co2,forecasting,6,F,010100,010101,0.9758972207946173,0.9828938218877177,0.0069966010931004075
co2__d6,co2,forecasting,6,F,010110,010111,0.9687964712039704,0.9828905486282898,0.014094077424319451
co2__d6,co2,forecasting,6,F,011000,011001,0.9820163345258672,0.9828913884490709,0.0008750539232036392
co2__d6,co2,forecasting,6,F,011010,011011,0.9803939173841292,0.9828910018417234,0.002497084457594223
co2__d6,co2,forecasting,6,F,011100,011101,0.9758778046325418,0.9828849804851553,0.0070071758526134564
co2__d6,co2,forecasting,6,F,011110,011111,0.9686493442115506,0.9828810816063112,0.01423173739476058
co2__d6,co2,forecasting,6,F,100000,100001,0.9800064970188498,0.9803761365793263,0.00036963956047653124
co2__d6,co2,forecasting,6,F,100010,100011,0.9789626787810285,0.9803760791945827,0.0014134004135542
co2__d6,co2,forecasting,6,F,100100,100101,0.971155660036673,0.9803754668541566,0.009219806817483578
co2__d6,co2,forecasting,6,F,100110,100111,0.9509593226500295,0.9803749022411032,0.02941557959107377
co2__d6,co2,forecasting,6,F,101000,101001,0.9802261159285658,0.9803764435802375,0.00015032765167166673
co2__d6,co2,forecasting,6,F,101010,101011,0.979443606668166,0.9803763849303794,0.0009327782622133851
co2__d6,co2,forecasting,6,F,101100,101101,0.973303373145099,0.9803757734079632,0.007072400262864265
co2__d6,co2,forecasting,6,F,101110,101111,0.9556447176886237,0.9803751962717252,0.02473047858310151
co2__d6,co2,forecasting,6,F,110000,110001,0.9800833411460967,0.9829073711940417,0.0028240300479449587
co2__d6,co2,forecasting,6,F,110010,110011,0.9778037404238471,0.9829070527307181,0.005103312306871
co2__d6,co2,forecasting,6,F,110100,110101,0.972858167546772,0.982901365925342,0.01004319837857004
co2__d6,co2,forecasting,6,F,110110,110111,0.9668696374327949,0.9828976700165438,0.016028032583748963
co2__d6,co2,forecasting,6,F,111000,111001,0.9808611144601891,0.98289328129421,0.0020321668340209653
co2__d6,co2,forecasting,6,F,111010,111011,0.9789577368774778,0.9828928969231555,0.0039351600456777325
co2__d6,co2,forecasting,6,F,111100,111101,0.9747065399491269,0.9828868936097007,0.008180353660573791
co2__d6,co2,forecasting,6,F,111110,111111,0.9686358551292864,0.9828830183351115,0.014247163205825086
astronaut__d6,astronaut,image_restoration,6,A,000000,100000,0.5159895969976079,0.6432631761194069,0.12727357912179893
astronaut__d6,astronaut,image_restoration,6,A,000001,100001,0.5159895969976079,0.6045682270985365,0.08857863010092859
astronaut__d6,astronaut,image_restoration,6,A,000010,100010,0.5159895969976079,0.6432631761194069,0.12727357912179893
astronaut__d6,astronaut,image_restoration,6,A,000011,100011,0.5159895969976079,0.6045682270985365,0.08857863010092859
astronaut__d6,astronaut,image_restoration,6,A,000100,100100,0.4355695136384623,0.6190471927194402,0.1834776790809779
astronaut__d6,astronaut,image_restoration,6,A,000101,100101,0.4355695136384623,0.6038239281076984,0.16825441446923606
astronaut__d6,astronaut,image_restoration,6,A,000110,100110,0.4355695136384623,0.6190471927194402,0.1834776790809779
astronaut__d6,astronaut,image_restoration,6,A,000111,100111,0.4355695136384623,0.6038239281076984,0.16825441446923606
astronaut__d6,astronaut,image_restoration,6,A,001000,101000,0.6442833294737805,0.6288219208205698,-0.015461408653210773
astronaut__d6,astronaut,image_restoration,6,A,001001,101001,0.6442833294737805,0.5885660173968963,-0.05571731207688424
astronaut__d6,astronaut,image_restoration,6,A,001010,101010,0.6442833294737805,0.6288219208205698,-0.015461408653210773
astronaut__d6,astronaut,image_restoration,6,A,001011,101011,0.6442833294737805,0.5885660173968963,-0.05571731207688424
astronaut__d6,astronaut,image_restoration,6,A,001100,101100,0.6346143828365547,0.6374388499957133,0.002824467159158628
astronaut__d6,astronaut,image_restoration,6,A,001101,101101,0.6346143828365547,0.5967869096373499,-0.037827473199204764
astronaut__d6,astronaut,image_restoration,6,A,001110,101110,0.6346143828365547,0.6374388499957133,0.002824467159158628
astronaut__d6,astronaut,image_restoration,6,A,001111,101111,0.6346143828365547,0.5967869096373499,-0.037827473199204764
astronaut__d6,astronaut,image_restoration,6,A,010000,110000,0.6537704952666352,0.6357655676769554,-0.018004927589679864
astronaut__d6,astronaut,image_restoration,6,A,010001,110001,0.6537704952666352,0.5925845176380491,-0.06118597762858613
astronaut__d6,astronaut,image_restoration,6,A,010010,110010,0.5775005132708353,0.5718472036728337,-0.005653309598001588
astronaut__d6,astronaut,image_restoration,6,A,010011,110011,0.5775005132708353,0.5522713833344306,-0.025229129936404693
astronaut__d6,astronaut,image_restoration,6,A,010100,110100,0.6565257175507471,0.6485833042690146,-0.007942413281732508
astronaut__d6,astronaut,image_restoration,6,A,010101,110101,0.6565257175507471,0.6020866172351437,-0.054439100315603395
astronaut__d6,astronaut,image_restoration,6,A,010110,110110,0.5886005519515656,0.5814453506122688,-0.007155201339296813
astronaut__d6,astronaut,image_restoration,6,A,010111,110111,0.5886005519515656,0.5594146855227882,-0.029185866428777407
astronaut__d6,astronaut,image_restoration,6,A,011000,111000,0.6125505356865069,0.5975837365653914,-0.014966799121115426
astronaut__d6,astronaut,image_restoration,6,A,011001,111001,0.6125505356865069,0.5699252069046548,-0.0426253287818521
astronaut__d6,astronaut,image_restoration,6,A,011010,111010,0.5495276476876453,0.5476390907348812,-0.001888556952764131
astronaut__d6,astronaut,image_restoration,6,A,011011,111011,0.5495276476876453,0.5345320644688215,-0.014995583218823771
astronaut__d6,astronaut,image_restoration,6,A,011100,111100,0.6285280933163799,0.6106867081458555,-0.01784138517052447
astronaut__d6,astronaut,image_restoration,6,A,011101,111101,0.6285280933163799,0.5793425299193935,-0.04918556339698643
astronaut__d6,astronaut,image_restoration,6,A,011110,111110,0.5578767002667144,0.5552266509076026,-0.002650049359111839
astronaut__d6,astronaut,image_restoration,6,A,011111,111111,0.5578767002667144,0.5406497248632554,-0.017226975403459077
astronaut__d6,astronaut,image_restoration,6,B,000000,010000,0.5159895969976079,0.6537704952666352,0.13778089826902729
astronaut__d6,astronaut,image_restoration,6,B,000001,010001,0.5159895969976079,0.6537704952666352,0.13778089826902729
astronaut__d6,astronaut,image_restoration,6,B,000010,010010,0.5159895969976079,0.5775005132708353,0.061510916273227356
astronaut__d6,astronaut,image_restoration,6,B,000011,010011,0.5159895969976079,0.5775005132708353,0.061510916273227356
astronaut__d6,astronaut,image_restoration,6,B,000100,010100,0.4355695136384623,0.6565257175507471,0.22095620391228477
astronaut__d6,astronaut,image_restoration,6,B,000101,010101,0.4355695136384623,0.6565257175507471,0.22095620391228477
astronaut__d6,astronaut,image_restoration,6,B,000110,010110,0.4355695136384623,0.5886005519515656,0.15303103831310327
astronaut__d6,astronaut,image_restoration,6,B,000111,010111,0.4355695136384623,0.5886005519515656,0.15303103831310327
astronaut__d6,astronaut,image_restoration,6,B,001000,011000,0.6442833294737805,0.6125505356865069,-0.03173279378727367
astronaut__d6,astronaut,image_restoration,6,B,001001,011001,0.6442833294737805,0.6125505356865069,-0.03173279378727367
astronaut__d6,astronaut,image_restoration,6,B,001010,011010,0.6442833294737805,0.5495276476876453,-0.09475568178613525
astronaut__d6,astronaut,image_restoration,6,B,001011,011011,0.6442833294737805,0.5495276476876453,-0.09475568178613525
astronaut__d6,astronaut,image_restoration,6,B,001100,011100,0.6346143828365547,0.6285280933163799,-0.006086289520174759
astronaut__d6,astronaut,image_restoration,6,B,001101,011101,0.6346143828365547,0.6285280933163799,-0.006086289520174759
astronaut__d6,astronaut,image_restoration,6,B,001110,011110,0.6346143828365547,0.5578767002667144,-0.07673768256984026
astronaut__d6,astronaut,image_restoration,6,B,001111,011111,0.6346143828365547,0.5578767002667144,-0.07673768256984026
astronaut__d6,astronaut,image_restoration,6,B,100000,110000,0.6432631761194069,0.6357655676769554,-0.007497608442451509
astronaut__d6,astronaut,image_restoration,6,B,100001,110001,0.6045682270985365,0.5925845176380491,-0.011983709460487435
astronaut__d6,astronaut,image_restoration,6,B,100010,110010,0.6432631761194069,0.5718472036728337,-0.07141597244657316
astronaut__d6,astronaut,image_restoration,6,B,100011,110011,0.6045682270985365,0.5522713833344306,-0.05229684376410593
astronaut__d6,astronaut,image_restoration,6,B,100100,110100,0.6190471927194402,0.6485833042690146,0.029536111549574362
astronaut__d6,astronaut,image_restoration,6,B,100101,110101,0.6038239281076984,0.6020866172351437,-0.001737310872554687
astronaut__d6,astronaut,image_restoration,6,B,100110,110110,0.6190471927194402,0.5814453506122688,-0.037601842107171435
astronaut__d6,astronaut,image_restoration,6,B,100111,110111,0.6038239281076984,0.5594146855227882,-0.04440924258491019
astronaut__d6,astronaut,image_restoration,6,B,101000,111000,0.6288219208205698,0.5975837365653914,-0.031238184255178325
astronaut__d6,astronaut,image_restoration,6,B,101001,111001,0.5885660173968963,0.5699252069046548,-0.018640810492241533
astronaut__d6,astronaut,image_restoration,6,B,101010,111010,0.6288219208205698,0.5476390907348812,-0.0811828300856886
astronaut__d6,astronaut,image_restoration,6,B,101011,111011,0.5885660173968963,0.5345320644688215,-0.05403395292807478
astronaut__d6,astronaut,image_restoration,6,B,101100,111100,0.6374388499957133,0.6106867081458555,-0.026752141849857858
astronaut__d6,astronaut,image_restoration,6,B,101101,111101,0.5967869096373499,0.5793425299193935,-0.017444379717956426
astronaut__d6,astronaut,image_restoration,6,B,101110,111110,0.6374388499957133,0.5552266509076026,-0.08221219908811073
astronaut__d6,astronaut,image_restoration,6,B,101111,111111,0.5967869096373499,0.5406497248632554,-0.05613718477409457
astronaut__d6,astronaut,image_restoration,6,C,000000,001000,0.5159895969976079,0.6442833294737805,0.1282937324761726
astronaut__d6,astronaut,image_restoration,6,C,000001,001001,0.5159895969976079,0.6442833294737805,0.1282937324761726
astronaut__d6,astronaut,image_restoration,6,C,000010,001010,0.5159895969976079,0.6442833294737805,0.1282937324761726
astronaut__d6,astronaut,image_restoration,6,C,000011,001011,0.5159895969976079,0.6442833294737805,0.1282937324761726
astronaut__d6,astronaut,image_restoration,6,C,000100,001100,0.4355695136384623,0.6346143828365547,0.1990448691980924
astronaut__d6,astronaut,image_restoration,6,C,000101,001101,0.4355695136384623,0.6346143828365547,0.1990448691980924
astronaut__d6,astronaut,image_restoration,6,C,000110,001110,0.4355695136384623,0.6346143828365547,0.1990448691980924
astronaut__d6,astronaut,image_restoration,6,C,000111,001111,0.4355695136384623,0.6346143828365547,0.1990448691980924
astronaut__d6,astronaut,image_restoration,6,C,010000,011000,0.6537704952666352,0.6125505356865069,-0.04121995958012836
astronaut__d6,astronaut,image_restoration,6,C,010001,011001,0.6537704952666352,0.6125505356865069,-0.04121995958012836
astronaut__d6,astronaut,image_restoration,6,C,010010,011010,0.5775005132708353,0.5495276476876453,-0.02797286558319001
astronaut__d6,astronaut,image_restoration,6,C,010011,011011,0.5775005132708353,0.5495276476876453,-0.02797286558319001
astronaut__d6,astronaut,image_restoration,6,C,010100,011100,0.6565257175507471,0.6285280933163799,-0.027997624234367136
astronaut__d6,astronaut,image_restoration,6,C,010101,011101,0.6565257175507471,0.6285280933163799,-0.027997624234367136
astronaut__d6,astronaut,image_restoration,6,C,010110,011110,0.5886005519515656,0.5578767002667144,-0.030723851684851144
astronaut__d6,astronaut,image_restoration,6,C,010111,011111,0.5886005519515656,0.5578767002667144,-0.030723851684851144
astronaut__d6,astronaut,image_restoration,6,C,100000,101000,0.6432631761194069,0.6288219208205698,-0.014441255298837108
astronaut__d6,astronaut,image_restoration,6,C,100001,101001,0.6045682270985365,0.5885660173968963,-0.016002209701640235
astronaut__d6,astronaut,image_restoration,6,C,100010,101010,0.6432631761194069,0.6288219208205698,-0.014441255298837108
astronaut__d6,astronaut,image_restoration,6,C,100011,101011,0.6045682270985365,0.5885660173968963,-0.016002209701640235
astronaut__d6,astronaut,image_restoration,6,C,100100,101100,0.6190471927194402,0.6374388499957133,0.01839165727627312
astronaut__d6,astronaut,image_restoration,6,C,100101,101101,0.6038239281076984,0.5967869096373499,-0.007037018470348433
astronaut__d6,astronaut,image_restoration,6,C,100110,101110,0.6190471927194402,0.6374388499957133,0.01839165727627312
astronaut__d6,astronaut,image_restoration,6,C,100111,101111,0.6038239281076984,0.5967869096373499,-0.007037018470348433
astronaut__d6,astronaut,image_restoration,6,C,110000,111000,0.6357655676769554,0.5975837365653914,-0.038181831111563924
astronaut__d6,astronaut,image_restoration,6,C,110001,111001,0.5925845176380491,0.5699252069046548,-0.022659310733394333
astronaut__d6,astronaut,image_restoration,6,C,110010,111010,0.5718472036728337,0.5476390907348812,-0.024208112937952553
astronaut__d6,astronaut,image_restoration,6,C,110011,111011,0.5522713833344306,0.5345320644688215,-0.01773931886560909
astronaut__d6,astronaut,image_restoration,6,C,110100,111100,0.6485833042690146,0.6106867081458555,-0.0378965961231591
astronaut__d6,astronaut,image_restoration,6,C,110101,111101,0.6020866172351437,0.5793425299193935,-0.022744087315750172
astronaut__d6,astronaut,image_restoration,6,C,110110,111110,0.5814453506122688,0.5552266509076026,-0.02621869970466617
astronaut__d6,astronaut,image_restoration,6,C,110111,111111,0.5594146855227882,0.5406497248632554,-0.018764960659532814
astronaut__d6,astronaut,image_restoration,6,D,000000,000100,0.5159895969976079,0.4355695136384623,-0.08042008335914563
astronaut__d6,astronaut,image_restoration,6,D,000001,000101,0.5159895969976079,0.4355695136384623,-0.08042008335914563
astronaut__d6,astronaut,image_restoration,6,D,000010,000110,0.5159895969976079,0.4355695136384623,-0.08042008335914563
astronaut__d6,astronaut,image_restoration,6,D,000011,000111,0.5159895969976079,0.4355695136384623,-0.08042008335914563
astronaut__d6,astronaut,image_restoration,6,D,001000,001100,0.6442833294737805,0.6346143828365547,-0.00966894663722584
astronaut__d6,astronaut,image_restoration,6,D,001001,001101,0.6442833294737805,0.6346143828365547,-0.00966894663722584
astronaut__d6,astronaut,image_restoration,6,D,001010,001110,0.6442833294737805,0.6346143828365547,-0.00966894663722584
astronaut__d6,astronaut,image_restoration,6,D,001011,001111,0.6442833294737805,0.6346143828365547,-0.00966894663722584
astronaut__d6,astronaut,image_restoration,6,D,010000,010100,0.6537704952666352,0.6565257175507471,0.0027552222841118468
astronaut__d6,astronaut,image_restoration,6,D,010001,010101,0.6537704952666352,0.6565257175507471,0.0027552222841118468
astronaut__d6,astronaut,image_restoration,6,D,010010,010110,0.5775005132708353,0.5886005519515656,0.011100038680730284
astronaut__d6,astronaut,image_restoration,6,D,010011,010111,0.5775005132708353,0.5886005519515656,0.011100038680730284
astronaut__d6,astronaut,image_restoration,6,D,011000,011100,0.6125505356865069,0.6285280933163799,0.015977557629873074
astronaut__d6,astronaut,image_restoration,6,D,011001,011101,0.6125505356865069,0.6285280933163799,0.015977557629873074
astronaut__d6,astronaut,image_restoration,6,D,011010,011110,0.5495276476876453,0.5578767002667144,0.00834905257906915
astronaut__d6,astronaut,image_restoration,6,D,011011,011111,0.5495276476876453,0.5578767002667144,0.00834905257906915
astronaut__d6,astronaut,image_restoration,6,D,100000,100100,0.6432631761194069,0.6190471927194402,-0.024215983399966667
astronaut__d6,astronaut,image_restoration,6,D,100001,100101,0.6045682270985365,0.6038239281076984,-0.0007442989908381659
astronaut__d6,astronaut,image_restoration,6,D,100010,100110,0.6432631761194069,0.6190471927194402,-0.024215983399966667
astronaut__d6,astronaut,image_restoration,6,D,100011,100111,0.6045682270985365,0.6038239281076984,-0.0007442989908381659
astronaut__d6,astronaut,image_restoration,6,D,101000,101100,0.6288219208205698,0.6374388499957133,0.008616929175143562
astronaut__d6,astronaut,image_restoration,6,D,101001,101101,0.5885660173968963,0.5967869096373499,0.008220892240453637
astronaut__d6,astronaut,image_restoration,6,D,101010,101110,0.6288219208205698,0.6374388499957133,0.008616929175143562
astronaut__d6,astronaut,image_restoration,6,D,101011,101111,0.5885660173968963,0.5967869096373499,0.008220892240453637
astronaut__d6,astronaut,image_restoration,6,D,110000,110100,0.6357655676769554,0.6485833042690146,0.012817736592059203
astronaut__d6,astronaut,image_restoration,6,D,110001,110101,0.5925845176380491,0.6020866172351437,0.009502099597094582
astronaut__d6,astronaut,image_restoration,6,D,110010,110110,0.5718472036728337,0.5814453506122688,0.00959814693943506
astronaut__d6,astronaut,image_restoration,6,D,110011,110111,0.5522713833344306,0.5594146855227882,0.00714330218835757
astronaut__d6,astronaut,image_restoration,6,D,111000,111100,0.5975837365653914,0.6106867081458555,0.013102971580464029
astronaut__d6,astronaut,image_restoration,6,D,111001,111101,0.5699252069046548,0.5793425299193935,0.009417323014738743
astronaut__d6,astronaut,image_restoration,6,D,111010,111110,0.5476390907348812,0.5552266509076026,0.0075875601727214415
astronaut__d6,astronaut,image_restoration,6,D,111011,111111,0.5345320644688215,0.5406497248632554,0.006117660394433844
astronaut__d6,astronaut,image_restoration,6,E,000000,000010,0.5159895969976079,0.5159895969976079,0.0
astronaut__d6,astronaut,image_restoration,6,E,000001,000011,0.5159895969976079,0.5159895969976079,0.0
astronaut__d6,astronaut,image_restoration,6,E,000100,000110,0.4355695136384623,0.4355695136384623,0.0
astronaut__d6,astronaut,image_restoration,6,E,000101,000111,0.4355695136384623,0.4355695136384623,0.0
astronaut__d6,astronaut,image_restoration,6,E,001000,001010,0.6442833294737805,0.6442833294737805,0.0
astronaut__d6,astronaut,image_restoration,6,E,001001,001011,0.6442833294737805,0.6442833294737805,0.0
astronaut__d6,astronaut,image_restoration,6,E,001100,001110,0.6346143828365547,0.6346143828365547,0.0
astronaut__d6,astronaut,image_restoration,6,E,001101,001111,0.6346143828365547,0.6346143828365547,0.0
astronaut__d6,astronaut,image_restoration,6,E,010000,010010,0.6537704952666352,0.5775005132708353,-0.07626998199579993
astronaut__d6,astronaut,image_restoration,6,E,010001,010011,0.6537704952666352,0.5775005132708353,-0.07626998199579993
astronaut__d6,astronaut,image_restoration,6,E,010100,010110,0.6565257175507471,0.5886005519515656,-0.06792516559918149
astronaut__d6,astronaut,image_restoration,6,E,010101,010111,0.6565257175507471,0.5886005519515656,-0.06792516559918149
astronaut__d6,astronaut,image_restoration,6,E,011000,011010,0.6125505356865069,0.5495276476876453,-0.06302288799886158
astronaut__d6,astronaut,image_restoration,6,E,011001,011011,0.6125505356865069,0.5495276476876453,-0.06302288799886158
astronaut__d6,astronaut,image_restoration,6,E,011100,011110,0.6285280933163799,0.5578767002667144,-0.0706513930496655
astronaut__d6,astronaut,image_restoration,6,E,011101,011111,0.6285280933163799,0.5578767002667144,-0.0706513930496655
astronaut__d6,astronaut,image_restoration,6,E,100000,100010,0.6432631761194069,0.6432631761194069,0.0
astronaut__d6,astronaut,image_restoration,6,E,100001,100011,0.6045682270985365,0.6045682270985365,0.0
astronaut__d6,astronaut,image_restoration,6,E,100100,100110,0.6190471927194402,0.6190471927194402,0.0
astronaut__d6,astronaut,image_restoration,6,E,100101,100111,0.6038239281076984,0.6038239281076984,0.0
astronaut__d6,astronaut,image_restoration,6,E,101000,101010,0.6288219208205698,0.6288219208205698,0.0
astronaut__d6,astronaut,image_restoration,6,E,101001,101011,0.5885660173968963,0.5885660173968963,0.0
astronaut__d6,astronaut,image_restoration,6,E,101100,101110,0.6374388499957133,0.6374388499957133,0.0
astronaut__d6,astronaut,image_restoration,6,E,101101,101111,0.5967869096373499,0.5967869096373499,0.0
astronaut__d6,astronaut,image_restoration,6,E,110000,110010,0.6357655676769554,0.5718472036728337,-0.06391836400412165
astronaut__d6,astronaut,image_restoration,6,E,110001,110011,0.5925845176380491,0.5522713833344306,-0.04031313430361849
astronaut__d6,astronaut,image_restoration,6,E,110100,110110,0.6485833042690146,0.5814453506122688,-0.0671379536567458
astronaut__d6,astronaut,image_restoration,6,E,110101,110111,0.6020866172351437,0.5594146855227882,-0.042671931712355504
astronaut__d6,astronaut,image_restoration,6,E,111000,111010,0.5975837365653914,0.5476390907348812,-0.04994464583051028
astronaut__d6,astronaut,image_restoration,6,E,111001,111011,0.5699252069046548,0.5345320644688215,-0.03539314243583325
astronaut__d6,astronaut,image_restoration,6,E,111100,111110,0.6106867081458555,0.5552266509076026,-0.05546005723825287
astronaut__d6,astronaut,image_restoration,6,E,111101,111111,0.5793425299193935,0.5406497248632554,-0.038692805056138146
astronaut__d6,astronaut,image_restoration,6,F,000000,000001,0.5159895969976079,0.5159895969976079,0.0
astronaut__d6,astronaut,image_restoration,6,F,000010,000011,0.5159895969976079,0.5159895969976079,0.0
astronaut__d6,astronaut,image_restoration,6,F,000100,000101,0.4355695136384623,0.4355695136384623,0.0
astronaut__d6,astronaut,image_restoration,6,F,000110,000111,0.4355695136384623,0.4355695136384623,0.0
astronaut__d6,astronaut,image_restoration,6,F,001000,001001,0.6442833294737805,0.6442833294737805,0.0
astronaut__d6,astronaut,image_restoration,6,F,001010,001011,0.6442833294737805,0.6442833294737805,0.0
astronaut__d6,astronaut,image_restoration,6,F,001100,001101,0.6346143828365547,0.6346143828365547,0.0
astronaut__d6,astronaut,image_restoration,6,F,001110,001111,0.6346143828365547,0.6346143828365547,0.0
astronaut__d6,astronaut,image_restoration,6,F,010000,010001,0.6537704952666352,0.6537704952666352,0.0
astronaut__d6,astronaut,image_restoration,6,F,010010,010011,0.5775005132708353,0.5775005132708353,0.0
astronaut__d6,astronaut,image_restoration,6,F,010100,010101,0.6565257175507471,0.6565257175507471,0.0
astronaut__d6,astronaut,image_restoration,6,F,010110,010111,0.5886005519515656,0.5886005519515656,0.0
astronaut__d6,astronaut,image_restoration,6,F,011000,011001,0.6125505356865069,0.6125505356865069,0.0
astronaut__d6,astronaut,image_restoration,6,F,011010,011011,0.5495276476876453,0.5495276476876453,0.0
astronaut__d6,astronaut,image_restoration,6,F,011100,011101,0.6285280933163799,0.6285280933163799,0.0
astronaut__d6,astronaut,image_restoration,6,F,011110,011111,0.5578767002667144,0.5578767002667144,0.0
astronaut__d6,astronaut,image_restoration,6,F,100000,100001,0.6432631761194069,0.6045682270985365,-0.03869494902087034
astronaut__d6,astronaut,image_restoration,6,F,100010,100011,0.6432631761194069,0.6045682270985365,-0.03869494902087034
astronaut__d6,astronaut,image_restoration,6,F,100100,100101,0.6190471927194402,0.6038239281076984,-0.015223264611741838
astronaut__d6,astronaut,image_restoration,6,F,100110,100111,0.6190471927194402,0.6038239281076984,-0.015223264611741838
astronaut__d6,astronaut,image_restoration,6,F,101000,101001,0.6288219208205698,0.5885660173968963,-0.04025590342367347
astronaut__d6,astronaut,image_restoration,6,F,101010,101011,0.6288219208205698,0.5885660173968963,-0.04025590342367347
astronaut__d6,astronaut,image_restoration,6,F,101100,101101,0.6374388499957133,0.5967869096373499,-0.04065194035836339
astronaut__d6,astronaut,image_restoration,6,F,101110,101111,0.6374388499957133,0.5967869096373499,-0.04065194035836339
astronaut__d6,astronaut,image_restoration,6,F,110000,110001,0.6357655676769554,0.5925845176380491,-0.043181050038906266
astronaut__d6,astronaut,image_restoration,6,F,110010,110011,0.5718472036728337,0.5522713833344306,-0.019575820338403105
astronaut__d6,astronaut,image_restoration,6,F,110100,110101,0.6485833042690146,0.6020866172351437,-0.04649668703387089
astronaut__d6,astronaut,image_restoration,6,F,110110,110111,0.5814453506122688,0.5594146855227882,-0.022030665089480594
astronaut__d6,astronaut,image_restoration,6,F,111000,111001,0.5975837365653914,0.5699252069046548,-0.027658529660736675
astronaut__d6,astronaut,image_restoration,6,F,111010,111011,0.5476390907348812,0.5345320644688215,-0.01310702626605964
astronaut__d6,astronaut,image_restoration,6,F,111100,111101,0.6106867081458555,0.5793425299193935,-0.03134417822646196
astronaut__d6,astronaut,image_restoration,6,F,111110,111111,0.5552266509076026,0.5406497248632554,-0.014576926044347238
scifact__d6,scifact,retrieval,6,A,000000,100000,0.37270262738981463,0.40789532147187346,0.03519269408205883
scifact__d6,scifact,retrieval,6,A,000001,100001,0.06763437597239276,0.090588322503945,0.022953946531552236
scifact__d6,scifact,retrieval,6,A,000010,100010,0.4046097500099924,0.45954920530013676,0.05493945529014438
scifact__d6,scifact,retrieval,6,A,000011,100011,0.4630877102620607,0.48793392747893294,0.024846217216872246
scifact__d6,scifact,retrieval,6,A,000100,100100,0.6094634528102678,0.6212547598637264,0.011791307053458544
scifact__d6,scifact,retrieval,6,A,000101,100101,0.5180913757745239,0.5643067520299572,0.04621537625543326
scifact__d6,scifact,retrieval,6,A,000110,100110,0.6970008563013763,0.6043991445978261,-0.09260171170355025
scifact__d6,scifact,retrieval,6,A,000111,100111,0.6948202324069959,0.6346558826992796,-0.060164349707716225
scifact__d6,scifact,retrieval,6,A,001000,101000,0.4895441058375042,0.5222612764301704,0.03271717059266621
scifact__d6,scifact,retrieval,6,A,001001,101001,0.4006904021005635,0.4395948825768668,0.038904480476303294
scifact__d6,scifact,retrieval,6,A,001010,101010,0.4046097500099924,0.45954920530013676,0.05493945529014438
scifact__d6,scifact,retrieval,6,A,001011,101011,0.4630877102620607,0.48793392747893294,0.024846217216872246
scifact__d6,scifact,retrieval,6,A,001100,101100,0.6791859432466931,0.6674581581093648,-0.011727785137328306
scifact__d6,scifact,retrieval,6,A,001101,101101,0.6744068937033229,0.6648894820830933,-0.009517411620229566
scifact__d6,scifact,retrieval,6,A,001110,101110,0.6970008563013763,0.6043991445978261,-0.09260171170355025
scifact__d6,scifact,retrieval,6,A,001111,101111,0.6948202324069959,0.6346558826992796,-0.060164349707716225
scifact__d6,scifact,retrieval,6,A,010000,110000,0.5246495779519533,0.5469629089126593,0.02231333096070598
scifact__d6,scifact,retrieval,6,A,010001,110001,0.38378433563775516,0.4175544902350323,0.03377015459727717
scifact__d6,scifact,retrieval,6,A,010010,110010,0.5226323753269032,0.5449832124707652,0.02235083714386199
scifact__d6,scifact,retrieval,6,A,010011,110011,0.5442340541897,0.5727440624976354,0.028510008307935486
scifact__d6,scifact,retrieval,6,A,010100,110100,0.6158943234389972,0.6173120164955426,0.0014176930565453771
scifact__d6,scifact,retrieval,6,A,010101,110101,0.5224732796644835,0.5567228546203011,0.0342495749558176
scifact__d6,scifact,retrieval,6,A,010110,110110,0.6863012982296102,0.6339614365835395,-0.05233986164607063
scifact__d6,scifact,retrieval,6,A,010111,110111,0.7070202320581478,0.6538892188015777,-0.0531310132565701
scifact__d6,scifact,retrieval,6,A,011000,111000,0.6401647801011296,0.6246799376892718,-0.01548484241185788
scifact__d6,scifact,retrieval,6,A,011001,111001,0.628708042342907,0.6482488499635624,0.019540807620655354
scifact__d6,scifact,retrieval,6,A,011010,111010,0.5226323753269032,0.5449832124707652,0.02235083714386199
scifact__d6,scifact,retrieval,6,A,011011,111011,0.5442340541897,0.5727440624976354,0.028510008307935486
scifact__d6,scifact,retrieval,6,A,011100,111100,0.6821214136920579,0.6794501242916556,-0.002671289400402288
scifact__d6,scifact,retrieval,6,A,011101,111101,0.6811350695850362,0.6618720372536481,-0.019263032331388152
scifact__d6,scifact,retrieval,6,A,011110,111110,0.6863012982296102,0.6339614365835395,-0.05233986164607063
scifact__d6,scifact,retrieval,6,A,011111,111111,0.7070202320581478,0.6538892188015777,-0.0531310132565701
scifact__d6,scifact,retrieval,6,B,000000,010000,0.37270262738981463,0.5246495779519533,0.1519469505621387
scifact__d6,scifact,retrieval,6,B,000001,010001,0.06763437597239276,0.38378433563775516,0.3161499596653624
scifact__d6,scifact,retrieval,6,B,000010,010010,0.4046097500099924,0.5226323753269032,0.11802262531691082
scifact__d6,scifact,retrieval,6,B,000011,010011,0.4630877102620607,0.5442340541897,0.08114634392763925
scifact__d6,scifact,retrieval,6,B,000100,010100,0.6094634528102678,0.6158943234389972,0.006430870628729379
scifact__d6,scifact,retrieval,6,B,000101,010101,0.5180913757745239,0.5224732796644835,0.004381903889959626
scifact__d6,scifact,retrieval,6,B,000110,010110,0.6970008563013763,0.6863012982296102,-0.010699558071766146
scifact__d6,scifact,retrieval,6,B,000111,010111,0.6948202324069959,0.7070202320581478,0.012199999651151927
scifact__d6,scifact,retrieval,6,B,001000,011000,0.4895441058375042,0.6401647801011296,0.15062067426362546
scifact__d6,scifact,retrieval,6,B,001001,011001,0.4006904021005635,0.628708042342907,0.2280176402423435
scifact__d6,scifact,retrieval,6,B,001010,011010,0.4046097500099924,0.5226323753269032,0.11802262531691082
scifact__d6,scifact,retrieval,6,B,001011,011011,0.4630877102620607,0.5442340541897,0.08114634392763925
scifact__d6,scifact,retrieval,6,B,001100,011100,0.6791859432466931,0.6821214136920579,0.002935470445364796
scifact__d6,scifact,retrieval,6,B,001101,011101,0.6744068937033229,0.6811350695850362,0.006728175881713372
scifact__d6,scifact,retrieval,6,B,001110,011110,0.6970008563013763,0.6863012982296102,-0.010699558071766146
scifact__d6,scifact,retrieval,6,B,001111,011111,0.6948202324069959,0.7070202320581478,0.012199999651151927
scifact__d6,scifact,retrieval,6,B,100000,110000,0.40789532147187346,0.5469629089126593,0.13906758744078584
scifact__d6,scifact,retrieval,6,B,100001,110001,0.090588322503945,0.4175544902350323,0.32696616773108733
scifact__d6,scifact,retrieval,6,B,100010,110010,0.45954920530013676,0.5449832124707652,0.08543400717062843
scifact__d6,scifact,retrieval,6,B,100011,110011,0.48793392747893294,0.5727440624976354,0.08481013501870249
scifact__d6,scifact,retrieval,6,B,100100,110100,0.6212547598637264,0.6173120164955426,-0.003942743368183788
scifact__d6,scifact,retrieval,6,B,100101,110101,0.5643067520299572,0.5567228546203011,-0.007583897409656037
scifact__d6,scifact,retrieval,6,B,100110,110110,0.6043991445978261,0.6339614365835395,0.029562291985713474
scifact__d6,scifact,retrieval,6,B,100111,110111,0.6346558826992796,0.6538892188015777,0.01923333610229805
scifact__d6,scifact,retrieval,6,B,101000,111000,0.5222612764301704,0.6246799376892718,0.10241866125910137
scifact__d6,scifact,retrieval,6,B,101001,111001,0.4395948825768668,0.6482488499635624,0.20865396738669556
scifact__d6,scifact,retrieval,6,B,101010,111010,0.45954920530013676,0.5449832124707652,0.08543400717062843
scifact__d6,scifact,retrieval,6,B,101011,111011,0.48793392747893294,0.5727440624976354,0.08481013501870249
scifact__d6,scifact,retrieval,6,B,101100,111100,0.6674581581093648,0.6794501242916556,0.011991966182290814
scifact__d6,scifact,retrieval,6,B,101101,111101,0.6648894820830933,0.6618720372536481,-0.003017444829445215
scifact__d6,scifact,retrieval,6,B,101110,111110,0.6043991445978261,0.6339614365835395,0.029562291985713474
scifact__d6,scifact,retrieval,6,B,101111,111111,0.6346558826992796,0.6538892188015777,0.01923333610229805
scifact__d6,scifact,retrieval,6,C,000000,001000,0.37270262738981463,0.4895441058375042,0.11684147844768955
scifact__d6,scifact,retrieval,6,C,000001,001001,0.06763437597239276,0.4006904021005635,0.33305602612817076
scifact__d6,scifact,retrieval,6,C,000010,001010,0.4046097500099924,0.4046097500099924,0.0
scifact__d6,scifact,retrieval,6,C,000011,001011,0.4630877102620607,0.4630877102620607,0.0
scifact__d6,scifact,retrieval,6,C,000100,001100,0.6094634528102678,0.6791859432466931,0.06972249043642531
scifact__d6,scifact,retrieval,6,C,000101,001101,0.5180913757745239,0.6744068937033229,0.15631551792879894
scifact__d6,scifact,retrieval,6,C,000110,001110,0.6970008563013763,0.6970008563013763,0.0
scifact__d6,scifact,retrieval,6,C,000111,001111,0.6948202324069959,0.6948202324069959,0.0
scifact__d6,scifact,retrieval,6,C,010000,011000,0.5246495779519533,0.6401647801011296,0.11551520214917632
scifact__d6,scifact,retrieval,6,C,010001,011001,0.38378433563775516,0.628708042342907,0.24492370670515184
scifact__d6,scifact,retrieval,6,C,010010,011010,0.5226323753269032,0.5226323753269032,0.0
scifact__d6,scifact,retrieval,6,C,010011,011011,0.5442340541897,0.5442340541897,0.0
scifact__d6,scifact,retrieval,6,C,010100,011100,0.6158943234389972,0.6821214136920579,0.06622709025306073
scifact__d6,scifact,retrieval,6,C,010101,011101,0.5224732796644835,0.6811350695850362,0.1586617899205527
scifact__d6,scifact,retrieval,6,C,010110,011110,0.6863012982296102,0.6863012982296102,0.0
scifact__d6,scifact,retrieval,6,C,010111,011111,0.7070202320581478,0.7070202320581478,0.0
scifact__d6,scifact,retrieval,6,C,100000,101000,0.40789532147187346,0.5222612764301704,0.11436595495829693
scifact__d6,scifact,retrieval,6,C,100001,101001,0.090588322503945,0.4395948825768668,0.3490065600729218
scifact__d6,scifact,retrieval,6,C,100010,101010,0.45954920530013676,0.45954920530013676,0.0
scifact__d6,scifact,retrieval,6,C,100011,101011,0.48793392747893294,0.48793392747893294,0.0
scifact__d6,scifact,retrieval,6,C,100100,101100,0.6212547598637264,0.6674581581093648,0.04620339824563846
scifact__d6,scifact,retrieval,6,C,100101,101101,0.5643067520299572,0.6648894820830933,0.10058273005313612
scifact__d6,scifact,retrieval,6,C,100110,101110,0.6043991445978261,0.6043991445978261,0.0
scifact__d6,scifact,retrieval,6,C,100111,101111,0.6346558826992796,0.6346558826992796,0.0
scifact__d6,scifact,retrieval,6,C,110000,111000,0.5469629089126593,0.6246799376892718,0.07771702877661246
scifact__d6,scifact,retrieval,6,C,110001,111001,0.4175544902350323,0.6482488499635624,0.23069435972853003
scifact__d6,scifact,retrieval,6,C,110010,111010,0.5449832124707652,0.5449832124707652,0.0
scifact__d6,scifact,retrieval,6,C,110011,111011,0.5727440624976354,0.5727440624976354,0.0
scifact__d6,scifact,retrieval,6,C,110100,111100,0.6173120164955426,0.6794501242916556,0.06213810779611306
scifact__d6,scifact,retrieval,6,C,110101,111101,0.5567228546203011,0.6618720372536481,0.10514918263334694
scifact__d6,scifact,retrieval,6,C,110110,111110,0.6339614365835395,0.6339614365835395,0.0
scifact__d6,scifact,retrieval,6,C,110111,111111,0.6538892188015777,0.6538892188015777,0.0
scifact__d6,scifact,retrieval,6,D,000000,000100,0.37270262738981463,0.6094634528102678,0.23676082542045318
scifact__d6,scifact,retrieval,6,D,000001,000101,0.06763437597239276,0.5180913757745239,0.45045699980213116
scifact__d6,scifact,retrieval,6,D,000010,000110,0.4046097500099924,0.6970008563013763,0.29239110629138393
scifact__d6,scifact,retrieval,6,D,000011,000111,0.4630877102620607,0.6948202324069959,0.23173252214493517
scifact__d6,scifact,retrieval,6,D,001000,001100,0.4895441058375042,0.6791859432466931,0.18964183740918894
scifact__d6,scifact,retrieval,6,D,001001,001101,0.4006904021005635,0.6744068937033229,0.27371649160275935
scifact__d6,scifact,retrieval,6,D,001010,001110,0.4046097500099924,0.6970008563013763,0.29239110629138393
scifact__d6,scifact,retrieval,6,D,001011,001111,0.4630877102620607,0.6948202324069959,0.23173252214493517
scifact__d6,scifact,retrieval,6,D,010000,010100,0.5246495779519533,0.6158943234389972,0.09124474548704387
scifact__d6,scifact,retrieval,6,D,010001,010101,0.38378433563775516,0.5224732796644835,0.13868894402672838
scifact__d6,scifact,retrieval,6,D,010010,010110,0.5226323753269032,0.6863012982296102,0.16366892290270696
scifact__d6,scifact,retrieval,6,D,010011,010111,0.5442340541897,0.7070202320581478,0.16278617786844785
scifact__d6,scifact,retrieval,6,D,011000,011100,0.6401647801011296,0.6821214136920579,0.04195663359092827
scifact__d6,scifact,retrieval,6,D,011001,011101,0.628708042342907,0.6811350695850362,0.05242702724212922
scifact__d6,scifact,retrieval,6,D,011010,011110,0.5226323753269032,0.6863012982296102,0.16366892290270696
scifact__d6,scifact,retrieval,6,D,011011,011111,0.5442340541897,0.7070202320581478,0.16278617786844785
scifact__d6,scifact,retrieval,6,D,100000,100100,0.40789532147187346,0.6212547598637264,0.2133594383918529
scifact__d6,scifact,retrieval,6,D,100001,100101,0.090588322503945,0.5643067520299572,0.4737184295260122
scifact__d6,scifact,retrieval,6,D,100010,100110,0.45954920530013676,0.6043991445978261,0.1448499392976893
scifact__d6,scifact,retrieval,6,D,100011,100111,0.48793392747893294,0.6346558826992796,0.1467219552203467
scifact__d6,scifact,retrieval,6,D,101000,101100,0.5222612764301704,0.6674581581093648,0.14519688167919442
scifact__d6,scifact,retrieval,6,D,101001,101101,0.4395948825768668,0.6648894820830933,0.2252945995062265
scifact__d6,scifact,retrieval,6,D,101010,101110,0.45954920530013676,0.6043991445978261,0.1448499392976893
scifact__d6,scifact,retrieval,6,D,101011,101111,0.48793392747893294,0.6346558826992796,0.1467219552203467
scifact__d6,scifact,retrieval,6,D,110000,110100,0.5469629089126593,0.6173120164955426,0.07034910758288326
scifact__d6,scifact,retrieval,6,D,110001,110101,0.4175544902350323,0.5567228546203011,0.1391683643852688
scifact__d6,scifact,retrieval,6,D,110010,110110,0.5449832124707652,0.6339614365835395,0.08897822411277434
scifact__d6,scifact,retrieval,6,D,110011,110111,0.5727440624976354,0.6538892188015777,0.08114515630394226
scifact__d6,scifact,retrieval,6,D,111000,111100,0.6246799376892718,0.6794501242916556,0.054770186602383863
scifact__d6,scifact,retrieval,6,D,111001,111101,0.6482488499635624,0.6618720372536481,0.013623187290085714
scifact__d6,scifact,retrieval,6,D,111010,111110,0.5449832124707652,0.6339614365835395,0.08897822411277434
scifact__d6,scifact,retrieval,6,D,111011,111111,0.5727440624976354,0.6538892188015777,0.08114515630394226
scifact__d6,scifact,retrieval,6,E,000000,000010,0.37270262738981463,0.4046097500099924,0.03190712262017775
scifact__d6,scifact,retrieval,6,E,000001,000011,0.06763437597239276,0.4630877102620607,0.39545333428966795
scifact__d6,scifact,retrieval,6,E,000100,000110,0.6094634528102678,0.6970008563013763,0.0875374034911085
scifact__d6,scifact,retrieval,6,E,000101,000111,0.5180913757745239,0.6948202324069959,0.17672885663247195
scifact__d6,scifact,retrieval,6,E,001000,001010,0.4895441058375042,0.4046097500099924,-0.0849343558275118
scifact__d6,scifact,retrieval,6,E,001001,001011,0.4006904021005635,0.4630877102620607,0.06239730816149719
scifact__d6,scifact,retrieval,6,E,001100,001110,0.6791859432466931,0.6970008563013763,0.01781491305468319
scifact__d6,scifact,retrieval,6,E,001101,001111,0.6744068937033229,0.6948202324069959,0.020413338703673012
scifact__d6,scifact,retrieval,6,E,010000,010010,0.5246495779519533,0.5226323753269032,-0.0020172026250501185
scifact__d6,scifact,retrieval,6,E,010001,010011,0.38378433563775516,0.5442340541897,0.1604497185519448
scifact__d6,scifact,retrieval,6,E,010100,010110,0.6158943234389972,0.6863012982296102,0.07040697479061298
scifact__d6,scifact,retrieval,6,E,010101,010111,0.5224732796644835,0.7070202320581478,0.18454695239366425
scifact__d6,scifact,retrieval,6,E,011000,011010,0.6401647801011296,0.5226323753269032,-0.11753240477422644
scifact__d6,scifact,retrieval,6,E,011001,011011,0.628708042342907,0.5442340541897,-0.08447398815320706
scifact__d6,scifact,retrieval,6,E,011100,011110,0.6821214136920579,0.6863012982296102,0.0041798845375522475
scifact__d6,scifact,retrieval,6,E,011101,011111,0.6811350695850362,0.7070202320581478,0.025885162473111567
scifact__d6,scifact,retrieval,6,E,100000,100010,0.40789532147187346,0.45954920530013676,0.0516538838282633
scifact__d6,scifact,retrieval,6,E,100001,100011,0.090588322503945,0.48793392747893294,0.39734560497498794
scifact__d6,scifact,retrieval,6,E,100100,100110,0.6212547598637264,0.6043991445978261,-0.016855615265900292
scifact__d6,scifact,retrieval,6,E,100101,100111,0.5643067520299572,0.6346558826992796,0.07034913066932247
scifact__d6,scifact,retrieval,6,E,101000,101010,0.5222612764301704,0.45954920530013676,-0.06271207113003363
scifact__d6,scifact,retrieval,6,E,101001,101011,0.4395948825768668,0.48793392747893294,0.04833904490206614
scifact__d6,scifact,retrieval,6,E,101100,101110,0.6674581581093648,0.6043991445978261,-0.06305901351153875
scifact__d6,scifact,retrieval,6,E,101101,101111,0.6648894820830933,0.6346558826992796,-0.030233599383813647
scifact__d6,scifact,retrieval,6,E,110000,110010,0.5469629089126593,0.5449832124707652,-0.0019796964418941077
scifact__d6,scifact,retrieval,6,E,110001,110011,0.4175544902350323,0.5727440624976354,0.1551895722626031
scifact__d6,scifact,retrieval,6,E,110100,110110,0.6173120164955426,0.6339614365835395,0.01664942008799697
scifact__d6,scifact,retrieval,6,E,110101,110111,0.5567228546203011,0.6538892188015777,0.09716636418127655
scifact__d6,scifact,retrieval,6,E,111000,111010,0.6246799376892718,0.5449832124707652,-0.07969672521850657
scifact__d6,scifact,retrieval,6,E,111001,111011,0.6482488499635624,0.5727440624976354,-0.07550478746592693
scifact__d6,scifact,retrieval,6,E,111100,111110,0.6794501242916556,0.6339614365835395,-0.04548868770811609
scifact__d6,scifact,retrieval,6,E,111101,111111,0.6618720372536481,0.6538892188015777,-0.007982818452070384
scifact__d6,scifact,retrieval,6,F,000000,000001,0.37270262738981463,0.06763437597239276,-0.3050682514174219
scifact__d6,scifact,retrieval,6,F,000010,000011,0.4046097500099924,0.4630877102620607,0.058477960252068306
scifact__d6,scifact,retrieval,6,F,000100,000101,0.6094634528102678,0.5180913757745239,-0.0913720770357439
scifact__d6,scifact,retrieval,6,F,000110,000111,0.6970008563013763,0.6948202324069959,-0.0021806238943804512
scifact__d6,scifact,retrieval,6,F,001000,001001,0.4895441058375042,0.4006904021005635,-0.08885370373694068
scifact__d6,scifact,retrieval,6,F,001010,001011,0.4046097500099924,0.4630877102620607,0.058477960252068306
scifact__d6,scifact,retrieval,6,F,001100,001101,0.6791859432466931,0.6744068937033229,-0.004779049543370273
scifact__d6,scifact,retrieval,6,F,001110,001111,0.6970008563013763,0.6948202324069959,-0.0021806238943804512
scifact__d6,scifact,retrieval,6,F,010000,010001,0.5246495779519533,0.38378433563775516,-0.14086524231419817
scifact__d6,scifact,retrieval,6,F,010010,010011,0.5226323753269032,0.5442340541897,0.021601678862796736
scifact__d6,scifact,retrieval,6,F,010100,010101,0.6158943234389972,0.5224732796644835,-0.09342104377451366
scifact__d6,scifact,retrieval,6,F,010110,010111,0.6863012982296102,0.7070202320581478,0.020718933828537622
scifact__d6,scifact,retrieval,6,F,011000,011001,0.6401647801011296,0.628708042342907,-0.011456737758222646
scifact__d6,scifact,retrieval,6,F,011010,011011,0.5226323753269032,0.5442340541897,0.021601678862796736
scifact__d6,scifact,retrieval,6,F,011100,011101,0.6821214136920579,0.6811350695850362,-0.0009863441070216972
scifact__d6,scifact,retrieval,6,F,011110,011111,0.6863012982296102,0.7070202320581478,0.020718933828537622
scifact__d6,scifact,retrieval,6,F,100000,100001,0.40789532147187346,0.090588322503945,-0.31730699896792847
scifact__d6,scifact,retrieval,6,F,100010,100011,0.45954920530013676,0.48793392747893294,0.028384722178796173
scifact__d6,scifact,retrieval,6,F,100100,100101,0.6212547598637264,0.5643067520299572,-0.05694800783376919
scifact__d6,scifact,retrieval,6,F,100110,100111,0.6043991445978261,0.6346558826992796,0.030256738101453573
scifact__d6,scifact,retrieval,6,F,101000,101001,0.5222612764301704,0.4395948825768668,-0.0826663938533036
scifact__d6,scifact,retrieval,6,F,101010,101011,0.45954920530013676,0.48793392747893294,0.028384722178796173
scifact__d6,scifact,retrieval,6,F,101100,101101,0.6674581581093648,0.6648894820830933,-0.0025686760262715325
scifact__d6,scifact,retrieval,6,F,101110,101111,0.6043991445978261,0.6346558826992796,0.030256738101453573
scifact__d6,scifact,retrieval,6,F,110000,110001,0.5469629089126593,0.4175544902350323,-0.12940841867762698
scifact__d6,scifact,retrieval,6,F,110010,110011,0.5449832124707652,0.5727440624976354,0.027760850026870232
scifact__d6,scifact,retrieval,6,F,110100,110101,0.6173120164955426,0.5567228546203011,-0.06058916187524144
scifact__d6,scifact,retrieval,6,F,110110,110111,0.6339614365835395,0.6538892188015777,0.019927782218038148
scifact__d6,scifact,retrieval,6,F,111000,111001,0.6246799376892718,0.6482488499635624,0.023568912274290588
scifact__d6,scifact,retrieval,6,F,111010,111011,0.5449832124707652,0.5727440624976354,0.027760850026870232
scifact__d6,scifact,retrieval,6,F,111100,111101,0.6794501242916556,0.6618720372536481,-0.01757808703800756
scifact__d6,scifact,retrieval,6,F,111110,111111,0.6339614365835395,0.6538892188015777,0.019927782218038148
mitdb_100__d6,mitdb_100,beat_detection,6,A,000000,100000,0.9986468200270636,1.0,0.0013531799729363803
mitdb_100__d6,mitdb_100,beat_detection,6,A,000001,100001,1.0,1.0,0.0
mitdb_100__d6,mitdb_100,beat_detection,6,A,000010,100010,0.9584415584415584,0.9986468200270636,0.04020526158550519
mitdb_100__d6,mitdb_100,beat_detection,6,A,000011,100011,0.9906040268456375,1.0,0.00939597315436247
mitdb_100__d6,mitdb_100,beat_detection,6,A,000100,100100,0.9813829787234043,1.0,0.018617021276595702
mitdb_100__d6,mitdb_100,beat_detection,6,A,000101,100101,0.9932705248990579,1.0,0.006729475100942128
mitdb_100__d6,mitdb_100,beat_detection,6,A,000110,100110,0.9945945945945946,1.0,0.00540540540540535
mitdb_100__d6,mitdb_100,beat_detection,6,A,000111,100111,0.997289972899729,1.0,0.0027100271002710175
mitdb_100__d6,mitdb_100,beat_detection,6,A,001000,101000,1.0,1.0,0.0
mitdb_100__d6,mitdb_100,beat_detection,6,A,001001,101001,1.0,1.0,0.0
mitdb_100__d6,mitdb_100,beat_detection,6,A,001010,101010,0.558667676003028,0.558667676003028,0.0
mitdb_100__d6,mitdb_100,beat_detection,6,A,001011,101011,0.7178988326848249,0.7178988326848249,0.0
mitdb_100__d6,mitdb_100,beat_detection,6,A,001100,101100,1.0,1.0,0.0
mitdb_100__d6,mitdb_100,beat_detection,6,A,001101,101101,1.0,1.0,0.0
mitdb_100__d6,mitdb_100,beat_detection,6,A,001110,101110,1.0,1.0,0.0
mitdb_100__d6,mitdb_100,beat_detection,6,A,001111,101111,1.0,1.0,0.0
mitdb_100__d6,mitdb_100,beat_detection,6,A,010000,110000,0.9986468200270636,1.0,0.0013531799729363803
mitdb_100__d6,mitdb_100,beat_detection,6,A,010001,110001,1.0,1.0,0.0
mitdb_100__d6,mitdb_100,beat_detection,6,A,010010,110010,0.9879518072289156,1.0,0.012048192771084376
mitdb_100__d6,mitdb_100,beat_detection,6,A,010011,110011,0.9986468200270636,1.0,0.0013531799729363803
mitdb_100__d6,mitdb_100,beat_detection,6,A,010100,110100,0.9787798408488063,1.0,0.021220159151193685
mitdb_100__d6,mitdb_100,beat_detection,6,A,010101,110101,0.9932705248990579,1.0,0.006729475100942128
mitdb_100__d6,mitdb_100,beat_detection,6,A,010110,110110,0.9945945945945946,1.0,0.00540540540540535
mitdb_100__d6,mitdb_100,beat_detection,6,A,010111,110111,0.997289972899729,1.0,0.0027100271002710175
mitdb_100__d6,mitdb_100,beat_detection,6,A,011000,111000,1.0,1.0,0.0
mitdb_100__d6,mitdb_100,beat_detection,6,A,011001,111001,1.0,1.0,0.0
mitdb_100__d6,mitdb_100,beat_detection,6,A,011010,111010,0.5023825731790333,0.5023825731790333,0.0
mitdb_100__d6,mitdb_100,beat_detection,6,A,011011,111011,0.7242394504416094,0.7242394504416094,0.0
mitdb_100__d6,mitdb_100,beat_detection,6,A,011100,111100,1.0,1.0,0.0
mitdb_100__d6,mitdb_100,beat_detection,6,A,011101,111101,1.0,1.0,0.0
mitdb_100__d6,mitdb_100,beat_detection,6,A,011110,111110,0.9986468200270636,0.9986468200270636,0.0
mitdb_100__d6,mitdb_100,beat_detection,6,A,011111,111111,1.0,1.0,0.0
mitdb_100__d6,mitdb_100,beat_detection,6,B,000000,010000,0.9986468200270636,0.9986468200270636,0.0
mitdb_100__d6,mitdb_100,beat_detection,6,B,000001,010001,1.0,1.0,0.0
mitdb_100__d6,mitdb_100,beat_detection,6,B,000010,010010,0.9584415584415584,0.9879518072289156,0.029510248787357196
mitdb_100__d6,mitdb_100,beat_detection,6,B,000011,010011,0.9906040268456375,0.9986468200270636,0.008042793181426089
mitdb_100__d6,mitdb_100,beat_detection,6,B,000100,010100,0.9813829787234043,0.9787798408488063,-0.0026031378745979827
mitdb_100__d6,mitdb_100,beat_detection,6,B,000101,010101,0.9932705248990579,0.9932705248990579,0.0
mitdb_100__d6,mitdb_100,beat_detection,6,B,000110,010110,0.9945945945945946,0.9945945945945946,0.0
mitdb_100__d6,mitdb_100,beat_detection,6,B,000111,010111,0.997289972899729,0.997289972899729,0.0
mitdb_100__d6,mitdb_100,beat_detection,6,B,001000,011000,1.0,1.0,0.0
mitdb_100__d6,mitdb_100,beat_detection,6,B,001001,011001,1.0,1.0,0.0
mitdb_100__d6,mitdb_100,beat_detection,6,B,001010,011010,0.558667676003028,0.5023825731790333,-0.05628510282399468
mitdb_100__d6,mitdb_100,beat_detection,6,B,001011,011011,0.7178988326848249,0.7242394504416094,0.006340617756784517
mitdb_100__d6,mitdb_100,beat_detection,6,B,001100,011100,1.0,1.0,0.0
mitdb_100__d6,mitdb_100,beat_detection,6,B,001101,011101,1.0,1.0,0.0
mitdb_100__d6,mitdb_100,beat_detection,6,B,001110,011110,1.0,0.9986468200270636,-0.0013531799729363803
mitdb_100__d6,mitdb_100,beat_detection,6,B,001111,011111,1.0,1.0,0.0
mitdb_100__d6,mitdb_100,beat_detection,6,B,100000,110000,1.0,1.0,0.0
mitdb_100__d6,mitdb_100,beat_detection,6,B,100001,110001,1.0,1.0,0.0
mitdb_100__d6,mitdb_100,beat_detection,6,B,100010,110010,0.9986468200270636,1.0,0.0013531799729363803
mitdb_100__d6,mitdb_100,beat_detection,6,B,100011,110011,1.0,1.0,0.0
mitdb_100__d6,mitdb_100,beat_detection,6,B,100100,110100,1.0,1.0,0.0
mitdb_100__d6,mitdb_100,beat_detection,6,B,100101,110101,1.0,1.0,0.0
mitdb_100__d6,mitdb_100,beat_detection,6,B,100110,110110,1.0,1.0,0.0
mitdb_100__d6,mitdb_100,beat_detection,6,B,100111,110111,1.0,1.0,0.0
mitdb_100__d6,mitdb_100,beat_detection,6,B,101000,111000,1.0,1.0,0.0
mitdb_100__d6,mitdb_100,beat_detection,6,B,101001,111001,1.0,1.0,0.0
mitdb_100__d6,mitdb_100,beat_detection,6,B,101010,111010,0.558667676003028,0.5023825731790333,-0.05628510282399468
mitdb_100__d6,mitdb_100,beat_detection,6,B,101011,111011,0.7178988326848249,0.7242394504416094,0.006340617756784517
mitdb_100__d6,mitdb_100,beat_detection,6,B,101100,111100,1.0,1.0,0.0
mitdb_100__d6,mitdb_100,beat_detection,6,B,101101,111101,1.0,1.0,0.0
mitdb_100__d6,mitdb_100,beat_detection,6,B,101110,111110,1.0,0.9986468200270636,-0.0013531799729363803
mitdb_100__d6,mitdb_100,beat_detection,6,B,101111,111111,1.0,1.0,0.0
mitdb_100__d6,mitdb_100,beat_detection,6,C,000000,001000,0.9986468200270636,1.0,0.0013531799729363803
mitdb_100__d6,mitdb_100,beat_detection,6,C,000001,001001,1.0,1.0,0.0
mitdb_100__d6,mitdb_100,beat_detection,6,C,000010,001010,0.9584415584415584,0.558667676003028,-0.3997738824385304
mitdb_100__d6,mitdb_100,beat_detection,6,C,000011,001011,0.9906040268456375,0.7178988326848249,-0.2727051941608126
mitdb_100__d6,mitdb_100,beat_detection,6,C,000100,001100,0.9813829787234043,1.0,0.018617021276595702
mitdb_100__d6,mitdb_100,beat_detection,6,C,000101,001101,0.9932705248990579,1.0,0.006729475100942128
mitdb_100__d6,mitdb_100,beat_detection,6,C,000110,001110,0.9945945945945946,1.0,0.00540540540540535
mitdb_100__d6,mitdb_100,beat_detection,6,C,000111,001111,0.997289972899729,1.0,0.0027100271002710175
mitdb_100__d6,mitdb_100,beat_detection,6,C,010000,011000,0.9986468200270636,1.0,0.0013531799729363803
mitdb_100__d6,mitdb_100,beat_detection,6,C,010001,011001,1.0,1.0,0.0
mitdb_100__d6,mitdb_100,beat_detection,6,C,010010,011010,0.9879518072289156,0.5023825731790333,-0.4855692340498823
mitdb_100__d6,mitdb_100,beat_detection,6,C,010011,011011,0.9986468200270636,0.7242394504416094,-0.2744073695854542
mitdb_100__d6,mitdb_100,beat_detection,6,C,010100,011100,0.9787798408488063,1.0,0.021220159151193685
mitdb_100__d6,mitdb_100,beat_detection,6,C,010101,011101,0.9932705248990579,1.0,0.006729475100942128
mitdb_100__d6,mitdb_100,beat_detection,6,C,010110,011110,0.9945945945945946,0.9986468200270636,0.00405222543246897
mitdb_100__d6,mitdb_100,beat_detection,6,C,010111,011111,0.997289972899729,1.0,0.0027100271002710175
mitdb_100__d6,mitdb_100,beat_detection,6,C,100000,101000,1.0,1.0,0.0
mitdb_100__d6,mitdb_100,beat_detection,6,C,100001,101001,1.0,1.0,0.0
mitdb_100__d6,mitdb_100,beat_detection,6,C,100010,101010,0.9986468200270636,0.558667676003028,-0.4399791440240356
mitdb_100__d6,mitdb_100,beat_detection,6,C,100011,101011,1.0,0.7178988326848249,-0.2821011673151751
mitdb_100__d6,mitdb_100,beat_detection,6,C,100100,101100,1.0,1.0,0.0
mitdb_100__d6,mitdb_100,beat_detection,6,C,100101,101101,1.0,1.0,0.0
mitdb_100__d6,mitdb_100,beat_detection,6,C,100110,101110,1.0,1.0,0.0
mitdb_100__d6,mitdb_100,beat_detection,6,C,100111,101111,1.0,1.0,0.0
mitdb_100__d6,mitdb_100,beat_detection,6,C,110000,111000,1.0,1.0,0.0
mitdb_100__d6,mitdb_100,beat_detection,6,C,110001,111001,1.0,1.0,0.0
mitdb_100__d6,mitdb_100,beat_detection,6,C,110010,111010,1.0,0.5023825731790333,-0.49761742682096666
mitdb_100__d6,mitdb_100,beat_detection,6,C,110011,111011,1.0,0.7242394504416094,-0.2757605495583906
mitdb_100__d6,mitdb_100,beat_detection,6,C,110100,111100,1.0,1.0,0.0
mitdb_100__d6,mitdb_100,beat_detection,6,C,110101,111101,1.0,1.0,0.0
mitdb_100__d6,mitdb_100,beat_detection,6,C,110110,111110,1.0,0.9986468200270636,-0.0013531799729363803
mitdb_100__d6,mitdb_100,beat_detection,6,C,110111,111111,1.0,1.0,0.0
mitdb_100__d6,mitdb_100,beat_detection,6,D,000000,000100,0.9986468200270636,0.9813829787234043,-0.017263841303659322
mitdb_100__d6,mitdb_100,beat_detection,6,D,000001,000101,1.0,0.9932705248990579,-0.006729475100942128
mitdb_100__d6,mitdb_100,beat_detection,6,D,000010,000110,0.9584415584415584,0.9945945945945946,0.03615303615303622
mitdb_100__d6,mitdb_100,beat_detection,6,D,000011,000111,0.9906040268456375,0.997289972899729,0.006685946054091452
mitdb_100__d6,mitdb_100,beat_detection,6,D,001000,001100,1.0,1.0,0.0
mitdb_100__d6,mitdb_100,beat_detection,6,D,001001,001101,1.0,1.0,0.0
mitdb_100__d6,mitdb_100,beat_detection,6,D,001010,001110,0.558667676003028,1.0,0.441332323996972
mitdb_100__d6,mitdb_100,beat_detection,6,D,001011,001111,0.7178988326848249,1.0,0.2821011673151751
mitdb_100__d6,mitdb_100,beat_detection,6,D,010000,010100,0.9986468200270636,0.9787798408488063,-0.019866979178257305
mitdb_100__d6,mitdb_100,beat_detection,6,D,010001,010101,1.0,0.9932705248990579,-0.006729475100942128
mitdb_100__d6,mitdb_100,beat_detection,6,D,010010,010110,0.9879518072289156,0.9945945945945946,0.006642787365679026
mitdb_100__d6,mitdb_100,beat_detection,6,D,010011,010111,0.9986468200270636,0.997289972899729,-0.0013568471273346372
mitdb_100__d6,mitdb_100,beat_detection,6,D,011000,011100,1.0,1.0,0.0
mitdb_100__d6,mitdb_100,beat_detection,6,D,011001,011101,1.0,1.0,0.0
mitdb_100__d6,mitdb_100,beat_detection,6,D,011010,011110,0.5023825731790333,0.9986468200270636,0.4962642468480303
mitdb_100__d6,mitdb_100,beat_detection,6,D,011011,011111,0.7242394504416094,1.0,0.2757605495583906
mitdb_100__d6,mitdb_100,beat_detection,6,D,100000,100100,1.0,1.0,0.0
mitdb_100__d6,mitdb_100,beat_detection,6,D,100001,100101,1.0,1.0,0.0
mitdb_100__d6,mitdb_100,beat_detection,6,D,100010,100110,0.9986468200270636,1.0,0.0013531799729363803
mitdb_100__d6,mitdb_100,beat_detection,6,D,100011,100111,1.0,1.0,0.0
mitdb_100__d6,mitdb_100,beat_detection,6,D,101000,101100,1.0,1.0,0.0
mitdb_100__d6,mitdb_100,beat_detection,6,D,101001,101101,1.0,1.0,0.0
mitdb_100__d6,mitdb_100,beat_detection,6,D,101010,101110,0.558667676003028,1.0,0.441332323996972
mitdb_100__d6,mitdb_100,beat_detection,6,D,101011,101111,0.7178988326848249,1.0,0.2821011673151751
mitdb_100__d6,mitdb_100,beat_detection,6,D,110000,110100,1.0,1.0,0.0
mitdb_100__d6,mitdb_100,beat_detection,6,D,110001,110101,1.0,1.0,0.0
mitdb_100__d6,mitdb_100,beat_detection,6,D,110010,110110,1.0,1.0,0.0
mitdb_100__d6,mitdb_100,beat_detection,6,D,110011,110111,1.0,1.0,0.0
mitdb_100__d6,mitdb_100,beat_detection,6,D,111000,111100,1.0,1.0,0.0
mitdb_100__d6,mitdb_100,beat_detection,6,D,111001,111101,1.0,1.0,0.0
mitdb_100__d6,mitdb_100,beat_detection,6,D,111010,111110,0.5023825731790333,0.9986468200270636,0.4962642468480303
mitdb_100__d6,mitdb_100,beat_detection,6,D,111011,111111,0.7242394504416094,1.0,0.2757605495583906
mitdb_100__d6,mitdb_100,beat_detection,6,E,000000,000010,0.9986468200270636,0.9584415584415584,-0.04020526158550519
mitdb_100__d6,mitdb_100,beat_detection,6,E,000001,000011,1.0,0.9906040268456375,-0.00939597315436247
mitdb_100__d6,mitdb_100,beat_detection,6,E,000100,000110,0.9813829787234043,0.9945945945945946,0.013211615871190352
mitdb_100__d6,mitdb_100,beat_detection,6,E,000101,000111,0.9932705248990579,0.997289972899729,0.004019448000671111
mitdb_100__d6,mitdb_100,beat_detection,6,E,001000,001010,1.0,0.558667676003028,-0.441332323996972
mitdb_100__d6,mitdb_100,beat_detection,6,E,001001,001011,1.0,0.7178988326848249,-0.2821011673151751
mitdb_100__d6,mitdb_100,beat_detection,6,E,001100,001110,1.0,1.0,0.0
mitdb_100__d6,mitdb_100,beat_detection,6,E,001101,001111,1.0,1.0,0.0
mitdb_100__d6,mitdb_100,beat_detection,6,E,010000,010010,0.9986468200270636,0.9879518072289156,-0.010695012798147996
mitdb_100__d6,mitdb_100,beat_detection,6,E,010001,010011,1.0,0.9986468200270636,-0.0013531799729363803
mitdb_100__d6,mitdb_100,beat_detection,6,E,010100,010110,0.9787798408488063,0.9945945945945946,0.015814753745788335
mitdb_100__d6,mitdb_100,beat_detection,6,E,010101,010111,0.9932705248990579,0.997289972899729,0.004019448000671111
mitdb_100__d6,mitdb_100,beat_detection,6,E,011000,011010,1.0,0.5023825731790333,-0.49761742682096666
mitdb_100__d6,mitdb_100,beat_detection,6,E,011001,011011,1.0,0.7242394504416094,-0.2757605495583906
mitdb_100__d6,mitdb_100,beat_detection,6,E,011100,011110,1.0,0.9986468200270636,-0.0013531799729363803
mitdb_100__d6,mitdb_100,beat_detection,6,E,011101,011111,1.0,1.0,0.0
mitdb_100__d6,mitdb_100,beat_detection,6,E,100000,100010,1.0,0.9986468200270636,-0.0013531799729363803
mitdb_100__d6,mitdb_100,beat_detection,6,E,100001,100011,1.0,1.0,0.0
mitdb_100__d6,mitdb_100,beat_detection,6,E,100100,100110,1.0,1.0,0.0
mitdb_100__d6,mitdb_100,beat_detection,6,E,100101,100111,1.0,1.0,0.0
mitdb_100__d6,mitdb_100,beat_detection,6,E,101000,101010,1.0,0.558667676003028,-0.441332323996972
mitdb_100__d6,mitdb_100,beat_detection,6,E,101001,101011,1.0,0.7178988326848249,-0.2821011673151751
mitdb_100__d6,mitdb_100,beat_detection,6,E,101100,101110,1.0,1.0,0.0
mitdb_100__d6,mitdb_100,beat_detection,6,E,101101,101111,1.0,1.0,0.0
mitdb_100__d6,mitdb_100,beat_detection,6,E,110000,110010,1.0,1.0,0.0
mitdb_100__d6,mitdb_100,beat_detection,6,E,110001,110011,1.0,1.0,0.0
mitdb_100__d6,mitdb_100,beat_detection,6,E,110100,110110,1.0,1.0,0.0
mitdb_100__d6,mitdb_100,beat_detection,6,E,110101,110111,1.0,1.0,0.0
mitdb_100__d6,mitdb_100,beat_detection,6,E,111000,111010,1.0,0.5023825731790333,-0.49761742682096666
mitdb_100__d6,mitdb_100,beat_detection,6,E,111001,111011,1.0,0.7242394504416094,-0.2757605495583906
mitdb_100__d6,mitdb_100,beat_detection,6,E,111100,111110,1.0,0.9986468200270636,-0.0013531799729363803
mitdb_100__d6,mitdb_100,beat_detection,6,E,111101,111111,1.0,1.0,0.0
mitdb_100__d6,mitdb_100,beat_detection,6,F,000000,000001,0.9986468200270636,1.0,0.0013531799729363803
mitdb_100__d6,mitdb_100,beat_detection,6,F,000010,000011,0.9584415584415584,0.9906040268456375,0.0321624684040791
mitdb_100__d6,mitdb_100,beat_detection,6,F,000100,000101,0.9813829787234043,0.9932705248990579,0.011887546175653574
mitdb_100__d6,mitdb_100,beat_detection,6,F,000110,000111,0.9945945945945946,0.997289972899729,0.0026953783051343327
mitdb_100__d6,mitdb_100,beat_detection,6,F,001000,001001,1.0,1.0,0.0
mitdb_100__d6,mitdb_100,beat_detection,6,F,001010,001011,0.558667676003028,0.7178988326848249,0.15923115668179688
mitdb_100__d6,mitdb_100,beat_detection,6,F,001100,001101,1.0,1.0,0.0
mitdb_100__d6,mitdb_100,beat_detection,6,F,001110,001111,1.0,1.0,0.0
mitdb_100__d6,mitdb_100,beat_detection,6,F,010000,010001,0.9986468200270636,1.0,0.0013531799729363803
mitdb_100__d6,mitdb_100,beat_detection,6,F,010010,010011,0.9879518072289156,0.9986468200270636,0.010695012798147996
mitdb_100__d6,mitdb_100,beat_detection,6,F,010100,010101,0.9787798408488063,0.9932705248990579,0.014490684050251557
mitdb_100__d6,mitdb_100,beat_detection,6,F,010110,010111,0.9945945945945946,0.997289972899729,0.0026953783051343327
mitdb_100__d6,mitdb_100,beat_detection,6,F,011000,011001,1.0,1.0,0.0
mitdb_100__d6,mitdb_100,beat_detection,6,F,011010,011011,0.5023825731790333,0.7242394504416094,0.22185687726257608
mitdb_100__d6,mitdb_100,beat_detection,6,F,011100,011101,1.0,1.0,0.0
mitdb_100__d6,mitdb_100,beat_detection,6,F,011110,011111,0.9986468200270636,1.0,0.0013531799729363803
mitdb_100__d6,mitdb_100,beat_detection,6,F,100000,100001,1.0,1.0,0.0
mitdb_100__d6,mitdb_100,beat_detection,6,F,100010,100011,0.9986468200270636,1.0,0.0013531799729363803
mitdb_100__d6,mitdb_100,beat_detection,6,F,100100,100101,1.0,1.0,0.0
mitdb_100__d6,mitdb_100,beat_detection,6,F,100110,100111,1.0,1.0,0.0
mitdb_100__d6,mitdb_100,beat_detection,6,F,101000,101001,1.0,1.0,0.0
mitdb_100__d6,mitdb_100,beat_detection,6,F,101010,101011,0.558667676003028,0.7178988326848249,0.15923115668179688
mitdb_100__d6,mitdb_100,beat_detection,6,F,101100,101101,1.0,1.0,0.0
mitdb_100__d6,mitdb_100,beat_detection,6,F,101110,101111,1.0,1.0,0.0
mitdb_100__d6,mitdb_100,beat_detection,6,F,110000,110001,1.0,1.0,0.0
mitdb_100__d6,mitdb_100,beat_detection,6,F,110010,110011,1.0,1.0,0.0
mitdb_100__d6,mitdb_100,beat_detection,6,F,110100,110101,1.0,1.0,0.0
mitdb_100__d6,mitdb_100,beat_detection,6,F,110110,110111,1.0,1.0,0.0
mitdb_100__d6,mitdb_100,beat_detection,6,F,111000,111001,1.0,1.0,0.0
mitdb_100__d6,mitdb_100,beat_detection,6,F,111010,111011,0.5023825731790333,0.7242394504416094,0.22185687726257608
mitdb_100__d6,mitdb_100,beat_detection,6,F,111100,111101,1.0,1.0,0.0
mitdb_100__d6,mitdb_100,beat_detection,6,F,111110,111111,0.9986468200270636,1.0,0.0013531799729363803
mitdb_101__d6,mitdb_101,beat_detection,6,A,000000,100000,0.9164420485175202,0.9728183118741058,0.05637626335658563
mitdb_101__d6,mitdb_101,beat_detection,6,A,000001,100001,0.9550561797752809,0.9855072463768116,0.03045106660153074
mitdb_101__d6,mitdb_101,beat_detection,6,A,000010,100010,0.8923884514435696,0.9457579972183588,0.05336954577478925
mitdb_101__d6,mitdb_101,beat_detection,6,A,000011,100011,0.9405255878284924,0.9672830725462305,0.02675748471773809
mitdb_101__d6,mitdb_101,beat_detection,6,A,000100,100100,0.38333333333333336,0.9912280701754386,0.6078947368421053
mitdb_101__d6,mitdb_101,beat_detection,6,A,000101,100101,0.3706896551724138,0.9912280701754386,0.6205384150030248
mitdb_101__d6,mitdb_101,beat_detection,6,A,000110,100110,0.4305835010060362,0.9883381924198251,0.557754691413789
mitdb_101__d6,mitdb_101,beat_detection,6,A,000111,100111,0.42083333333333334,0.9897810218978103,0.5689476885644769
mitdb_101__d6,mitdb_101,beat_detection,6,A,001000,101000,0.9742120343839542,0.9742120343839542,0.0
mitdb_101__d6,mitdb_101,beat_detection,6,A,001001,101001,0.9811866859623734,0.9811866859623734,0.0
mitdb_101__d6,mitdb_101,beat_detection,6,A,001010,101010,0.5132075471698113,0.5163249810174639,0.0031174338476526176
mitdb_101__d6,mitdb_101,beat_detection,6,A,001011,101011,0.6538090646094503,0.6544401544401545,0.0006310898307041457
mitdb_101__d6,mitdb_101,beat_detection,6,A,001100,101100,0.9897209985315712,0.9897209985315712,0.0
mitdb_101__d6,mitdb_101,beat_detection,6,A,001101,101101,0.9897209985315712,0.9882352941176471,-0.0014857044139241493
mitdb_101__d6,mitdb_101,beat_detection,6,A,001110,101110,0.9066666666666666,0.9066666666666666,0.0
mitdb_101__d6,mitdb_101,beat_detection,6,A,001111,101111,0.9456066945606695,0.946927374301676,0.0013206797410064697
mitdb_101__d6,mitdb_101,beat_detection,6,A,010000,110000,0.9234972677595629,0.9869375907111756,0.06344032295161273
mitdb_101__d6,mitdb_101,beat_detection,6,A,010001,110001,0.9531914893617022,0.9912536443148688,0.03806215495316667
mitdb_101__d6,mitdb_101,beat_detection,6,A,010010,110010,0.9110512129380054,0.9700427960057061,0.05899158306770069
mitdb_101__d6,mitdb_101,beat_detection,6,A,010011,110011,0.9438202247191011,0.9883720930232558,0.044551868304154696
mitdb_101__d6,mitdb_101,beat_detection,6,A,010100,110100,0.3891213389121339,0.9897510980966325,0.6006297591844987
mitdb_101__d6,mitdb_101,beat_detection,6,A,010101,110101,0.368763557483731,0.9897510980966325,0.6209875406129015
mitdb_101__d6,mitdb_101,beat_detection,6,A,010110,110110,0.3958333333333333,0.9883381924198251,0.5925048590864919
mitdb_101__d6,mitdb_101,beat_detection,6,A,010111,110111,0.3758099352051836,0.9883381924198251,0.6125282572146415
mitdb_101__d6,mitdb_101,beat_detection,6,A,011000,111000,0.9941520467836257,0.9941348973607038,-1.714942292185828e-05
mitdb_101__d6,mitdb_101,beat_detection,6,A,011001,111001,0.9955947136563876,0.9955947136563876,0.0
mitdb_101__d6,mitdb_101,beat_detection,6,A,011010,111010,0.618744313011829,0.6204379562043796,0.001693643192550609
mitdb_101__d6,mitdb_101,beat_detection,6,A,011011,111011,0.6686390532544378,0.6679802955665025,-0.0006587576879353296
mitdb_101__d6,mitdb_101,beat_detection,6,A,011100,111100,0.9926362297496318,0.9926362297496318,0.0
mitdb_101__d6,mitdb_101,beat_detection,6,A,011101,111101,0.9911504424778761,0.9926362297496318,0.0014857872717557452
mitdb_101__d6,mitdb_101,beat_detection,6,A,011110,111110,0.9405255878284924,0.9431345353675451,0.0026089475390527195
mitdb_101__d6,mitdb_101,beat_detection,6,A,011111,111111,0.9657142857142857,0.9686609686609686,0.002946682946682877
mitdb_101__d6,mitdb_101,beat_detection,6,B,000000,010000,0.9164420485175202,0.9234972677595629,0.007055219242042665
mitdb_101__d6,mitdb_101,beat_detection,6,B,000001,010001,0.9550561797752809,0.9531914893617022,-0.001864690413578729
mitdb_101__d6,mitdb_101,beat_detection,6,B,000010,010010,0.8923884514435696,0.9110512129380054,0.018662761494435798
mitdb_101__d6,mitdb_101,beat_detection,6,B,000011,010011,0.9405255878284924,0.9438202247191011,0.0032946368906087153
mitdb_101__d6,mitdb_101,beat_detection,6,B,000100,010100,0.38333333333333336,0.3891213389121339,0.005788005578800548
mitdb_101__d6,mitdb_101,beat_detection,6,B,000101,010101,0.3706896551724138,0.368763557483731,-0.001926097688682793
mitdb_101__d6,mitdb_101,beat_detection,6,B,000110,010110,0.4305835010060362,0.3958333333333333,-0.03475016767270289
mitdb_101__d6,mitdb_101,beat_detection,6,B,000111,010111,0.42083333333333334,0.3758099352051836,-0.04502339812814976
mitdb_101__d6,mitdb_101,beat_detection,6,B,001000,011000,0.9742120343839542,0.9941520467836257,0.01994001239967147
mitdb_101__d6,mitdb_101,beat_detection,6,B,001001,011001,0.9811866859623734,0.9955947136563876,0.01440802769401428
mitdb_101__d6,mitdb_101,beat_detection,6,B,001010,011010,0.5132075471698113,0.618744313011829,0.10553676584201765
mitdb_101__d6,mitdb_101,beat_detection,6,B,001011,011011,0.6538090646094503,0.6686390532544378,0.014829988644987524
mitdb_101__d6,mitdb_101,beat_detection,6,B,001100,011100,0.9897209985315712,0.9926362297496318,0.0029152312180605877
mitdb_101__d6,mitdb_101,beat_detection,6,B,001101,011101,0.9897209985315712,0.9911504424778761,0.0014294439463048425
mitdb_101__d6,mitdb_101,beat_detection,6,B,001110,011110,0.9066666666666666,0.9405255878284924,0.03385892116182576
mitdb_101__d6,mitdb_101,beat_detection,6,B,001111,011111,0.9456066945606695,0.9657142857142857,0.020107591153616267
mitdb_101__d6,mitdb_101,beat_detection,6,B,100000,110000,0.9728183118741058,0.9869375907111756,0.01411927883706976
mitdb_101__d6,mitdb_101,beat_detection,6,B,100001,110001,0.9855072463768116,0.9912536443148688,0.005746397938057202
mitdb_101__d6,mitdb_101,beat_detection,6,B,100010,110010,0.9457579972183588,0.9700427960057061,0.02428479878734724
mitdb_101__d6,mitdb_101,beat_detection,6,B,100011,110011,0.9672830725462305,0.9883720930232558,0.021089020477025322
mitdb_101__d6,mitdb_101,beat_detection,6,B,100100,110100,0.9912280701754386,0.9897510980966325,-0.001476972078806038
mitdb_101__d6,mitdb_101,beat_detection,6,B,100101,110101,0.9912280701754386,0.9897510980966325,-0.001476972078806038
mitdb_101__d6,mitdb_101,beat_detection,6,B,100110,110110,0.9883381924198251,0.9883381924198251,0.0
mitdb_101__d6,mitdb_101,beat_detection,6,B,100111,110111,0.9897810218978103,0.9883381924198251,-0.0014428294779851303
mitdb_101__d6,mitdb_101,beat_detection,6,B,101000,111000,0.9742120343839542,0.9941348973607038,0.01992286297674961
mitdb_101__d6,mitdb_101,beat_detection,6,B,101001,111001,0.9811866859623734,0.9955947136563876,0.01440802769401428
mitdb_101__d6,mitdb_101,beat_detection,6,B,101010,111010,0.5163249810174639,0.6204379562043796,0.10411297518691565
mitdb_101__d6,mitdb_101,beat_detection,6,B,101011,111011,0.6544401544401545,0.6679802955665025,0.013540141126348049
mitdb_101__d6,mitdb_101,beat_detection,6,B,101100,111100,0.9897209985315712,0.9926362297496318,0.0029152312180605877
mitdb_101__d6,mitdb_101,beat_detection,6,B,101101,111101,0.9882352941176471,0.9926362297496318,0.004400935631984737
mitdb_101__d6,mitdb_101,beat_detection,6,B,101110,111110,0.9066666666666666,0.9431345353675451,0.03646786870087848
mitdb_101__d6,mitdb_101,beat_detection,6,B,101111,111111,0.946927374301676,0.9686609686609686,0.021733594359292674
mitdb_101__d6,mitdb_101,beat_detection,6,C,000000,001000,0.9164420485175202,0.9742120343839542,0.057769985866434004
mitdb_101__d6,mitdb_101,beat_detection,6,C,000001,001001,0.9550561797752809,0.9811866859623734,0.02613050618709245
mitdb_101__d6,mitdb_101,beat_detection,6,C,000010,001010,0.8923884514435696,0.5132075471698113,-0.3791809042737583
mitdb_101__d6,mitdb_101,beat_detection,6,C,000011,001011,0.9405255878284924,0.6538090646094503,-0.28671652321904206
mitdb_101__d6,mitdb_101,beat_detection,6,C,000100,001100,0.38333333333333336,0.9897209985315712,0.6063876651982378
mitdb_101__d6,mitdb_101,beat_detection,6,C,000101,001101,0.3706896551724138,0.9897209985315712,0.6190313433591574
mitdb_101__d6,mitdb_101,beat_detection,6,C,000110,001110,0.4305835010060362,0.9066666666666666,0.4760831656606304
mitdb_101__d6,mitdb_101,beat_detection,6,C,000111,001111,0.42083333333333334,0.9456066945606695,0.5247733612273362
mitdb_101__d6,mitdb_101,beat_detection,6,C,010000,011000,0.9234972677595629,0.9941520467836257,0.07065477902406281
mitdb_101__d6,mitdb_101,beat_detection,6,C,010001,011001,0.9531914893617022,0.9955947136563876,0.04240322429468546
mitdb_101__d6,mitdb_101,beat_detection,6,C,010010,011010,0.9110512129380054,0.618744313011829,-0.2923068999261764
mitdb_101__d6,mitdb_101,beat_detection,6,C,010011,011011,0.9438202247191011,0.6686390532544378,-0.27518117146466325
mitdb_101__d6,mitdb_101,beat_detection,6,C,010100,011100,0.3891213389121339,0.9926362297496318,0.6035148908374979
mitdb_101__d6,mitdb_101,beat_detection,6,C,010101,011101,0.368763557483731,0.9911504424778761,0.6223868849941451
mitdb_101__d6,mitdb_101,beat_detection,6,C,010110,011110,0.3958333333333333,0.9405255878284924,0.5446922544951591
mitdb_101__d6,mitdb_101,beat_detection,6,C,010111,011111,0.3758099352051836,0.9657142857142857,0.5899043505091022
mitdb_101__d6,mitdb_101,beat_detection,6,C,100000,101000,0.9728183118741058,0.9742120343839542,0.0013937225098483719
mitdb_101__d6,mitdb_101,beat_detection,6,C,100001,101001,0.9855072463768116,0.9811866859623734,-0.00432056041443829
mitdb_101__d6,mitdb_101,beat_detection,6,C,100010,101010,0.9457579972183588,0.5163249810174639,-0.4294330162008949
mitdb_101__d6,mitdb_101,beat_detection,6,C,100011,101011,0.9672830725462305,0.6544401544401545,-0.312842918106076
mitdb_101__d6,mitdb_101,beat_detection,6,C,100100,101100,0.9912280701754386,0.9897209985315712,-0.0015070716438673193
mitdb_101__d6,mitdb_101,beat_detection,6,C,100101,101101,0.9912280701754386,0.9882352941176471,-0.0029927760577914686
mitdb_101__d6,mitdb_101,beat_detection,6,C,100110,101110,0.9883381924198251,0.9066666666666666,-0.0816715257531585
mitdb_101__d6,mitdb_101,beat_detection,6,C,100111,101111,0.9897810218978103,0.946927374301676,-0.0428536475961343
mitdb_101__d6,mitdb_101,beat_detection,6,C,110000,111000,0.9869375907111756,0.9941348973607038,0.007197306649528223
mitdb_101__d6,mitdb_101,beat_detection,6,C,110001,111001,0.9912536443148688,0.9955947136563876,0.004341069341518788
mitdb_101__d6,mitdb_101,beat_detection,6,C,110010,111010,0.9700427960057061,0.6204379562043796,-0.3496048398013265
mitdb_101__d6,mitdb_101,beat_detection,6,C,110011,111011,0.9883720930232558,0.6679802955665025,-0.3203917974567533
mitdb_101__d6,mitdb_101,beat_detection,6,C,110100,111100,0.9897510980966325,0.9926362297496318,0.0028851316529993065
mitdb_101__d6,mitdb_101,beat_detection,6,C,110101,111101,0.9897510980966325,0.9926362297496318,0.0028851316529993065
mitdb_101__d6,mitdb_101,beat_detection,6,C,110110,111110,0.9883381924198251,0.9431345353675451,-0.04520365705228002
mitdb_101__d6,mitdb_101,beat_detection,6,C,110111,111111,0.9883381924198251,0.9686609686609686,-0.0196772237588565
mitdb_101__d6,mitdb_101,beat_detection,6,D,000000,000100,0.9164420485175202,0.38333333333333336,-0.5331087151841869
mitdb_101__d6,mitdb_101,beat_detection,6,D,000001,000101,0.9550561797752809,0.3706896551724138,-0.5843665246028671
mitdb_101__d6,mitdb_101,beat_detection,6,D,000010,000110,0.8923884514435696,0.4305835010060362,-0.4618049504375334
mitdb_101__d6,mitdb_101,beat_detection,6,D,000011,000111,0.9405255878284924,0.42083333333333334,-0.519692254495159
mitdb_101__d6,mitdb_101,beat_detection,6,D,001000,001100,0.9742120343839542,0.9897209985315712,0.015508964147617044
mitdb_101__d6,mitdb_101,beat_detection,6,D,001001,001101,0.9811866859623734,0.9897209985315712,0.0085343125691979
mitdb_101__d6,mitdb_101,beat_detection,6,D,001010,001110,0.5132075471698113,0.9066666666666666,0.3934591194968553
mitdb_101__d6,mitdb_101,beat_detection,6,D,001011,001111,0.6538090646094503,0.9456066945606695,0.29179762995121916
mitdb_101__d6,mitdb_101,beat_detection,6,D,010000,010100,0.9234972677595629,0.3891213389121339,-0.534375928847429
mitdb_101__d6,mitdb_101,beat_detection,6,D,010001,010101,0.9531914893617022,0.368763557483731,-0.5844279318779712
mitdb_101__d6,mitdb_101,beat_detection,6,D,010010,010110,0.9110512129380054,0.3958333333333333,-0.515217879604672
mitdb_101__d6,mitdb_101,beat_detection,6,D,010011,010111,0.9438202247191011,0.3758099352051836,-0.5680102895139175
mitdb_101__d6,mitdb_101,beat_detection,6,D,011000,011100,0.9941520467836257,0.9926362297496318,-0.0015158170339938382
mitdb_101__d6,mitdb_101,beat_detection,6,D,011001,011101,0.9955947136563876,0.9911504424778761,-0.0044442711785115385
mitdb_101__d6,mitdb_101,beat_detection,6,D,011010,011110,0.618744313011829,0.9405255878284924,0.3217812748166634
mitdb_101__d6,mitdb_101,beat_detection,6,D,011011,011111,0.6686390532544378,0.9657142857142857,0.2970752324598479
mitdb_101__d6,mitdb_101,beat_detection,6,D,100000,100100,0.9728183118741058,0.9912280701754386,0.018409758301332735
mitdb_101__d6,mitdb_101,beat_detection,6,D,100001,100101,0.9855072463768116,0.9912280701754386,0.005720823798626928
mitdb_101__d6,mitdb_101,beat_detection,6,D,100010,100110,0.9457579972183588,0.9883381924198251,0.042580195201466275
mitdb_101__d6,mitdb_101,beat_detection,6,D,100011,100111,0.9672830725462305,0.9897810218978103,0.022497949351579782
mitdb_101__d6,mitdb_101,beat_detection,6,D,101000,101100,0.9742120343839542,0.9897209985315712,0.015508964147617044
mitdb_101__d6,mitdb_101,beat_detection,6,D,101001,101101,0.9811866859623734,0.9882352941176471,0.00704860815527375
mitdb_101__d6,mitdb_101,beat_detection,6,D,101010,101110,0.5163249810174639,0.9066666666666666,0.3903416856492027
mitdb_101__d6,mitdb_101,beat_detection,6,D,101011,101111,0.6544401544401545,0.946927374301676,0.2924872198615215
mitdb_101__d6,mitdb_101,beat_detection,6,D,110000,110100,0.9869375907111756,0.9897510980966325,0.002813507385456937
mitdb_101__d6,mitdb_101,beat_detection,6,D,110001,110101,0.9912536443148688,0.9897510980966325,-0.0015025462182363114
mitdb_101__d6,mitdb_101,beat_detection,6,D,110010,110110,0.9700427960057061,0.9883381924198251,0.018295396414119036
mitdb_101__d6,mitdb_101,beat_detection,6,D,110011,110111,0.9883720930232558,0.9883381924198251,-3.390060343066992e-05
mitdb_101__d6,mitdb_101,beat_detection,6,D,111000,111100,0.9941348973607038,0.9926362297496318,-0.0014986676110719799
mitdb_101__d6,mitdb_101,beat_detection,6,D,111001,111101,0.9955947136563876,0.9926362297496318,-0.0029584839067557933
mitdb_101__d6,mitdb_101,beat_detection,6,D,111010,111110,0.6204379562043796,0.9431345353675451,0.3226965791631655
mitdb_101__d6,mitdb_101,beat_detection,6,D,111011,111111,0.6679802955665025,0.9686609686609686,0.3006806730944661
mitdb_101__d6,mitdb_101,beat_detection,6,E,000000,000010,0.9164420485175202,0.8923884514435696,-0.024053597073950606
mitdb_101__d6,mitdb_101,beat_detection,6,E,000001,000011,0.9550561797752809,0.9405255878284924,-0.014530591946788518
mitdb_101__d6,mitdb_101,beat_detection,6,E,000100,000110,0.38333333333333336,0.4305835010060362,0.04725016767270285
mitdb_101__d6,mitdb_101,beat_detection,6,E,000101,000111,0.3706896551724138,0.42083333333333334,0.050143678160919525
mitdb_101__d6,mitdb_101,beat_detection,6,E,001000,001010,0.9742120343839542,0.5132075471698113,-0.4610044872141429
mitdb_101__d6,mitdb_101,beat_detection,6,E,001001,001011,0.9811866859623734,0.6538090646094503,-0.32737762135292303
mitdb_101__d6,mitdb_101,beat_detection,6,E,001100,001110,0.9897209985315712,0.9066666666666666,-0.08305433186490463
mitdb_101__d6,mitdb_101,beat_detection,6,E,001101,001111,0.9897209985315712,0.9456066945606695,-0.04411430397090177
mitdb_101__d6,mitdb_101,beat_detection,6,E,010000,010010,0.9234972677595629,0.9110512129380054,-0.012446054821557473
mitdb_101__d6,mitdb_101,beat_detection,6,E,010001,010011,0.9531914893617022,0.9438202247191011,-0.009371264642601074
mitdb_101__d6,mitdb_101,beat_detection,6,E,010100,010110,0.3891213389121339,0.3958333333333333,0.006711994421199408
mitdb_101__d6,mitdb_101,beat_detection,6,E,010101,010111,0.368763557483731,0.3758099352051836,0.007046377721452557
mitdb_101__d6,mitdb_101,beat_detection,6,E,011000,011010,0.9941520467836257,0.618744313011829,-0.3754077337717967
mitdb_101__d6,mitdb_101,beat_detection,6,E,011001,011011,0.9955947136563876,0.6686390532544378,-0.3269556604019498
mitdb_101__d6,mitdb_101,beat_detection,6,E,011100,011110,0.9926362297496318,0.9405255878284924,-0.052110641921139456
mitdb_101__d6,mitdb_101,beat_detection,6,E,011101,011111,0.9911504424778761,0.9657142857142857,-0.025436156763590345
mitdb_101__d6,mitdb_101,beat_detection,6,E,100000,100010,0.9728183118741058,0.9457579972183588,-0.027060314655746986
mitdb_101__d6,mitdb_101,beat_detection,6,E,100001,100011,0.9855072463768116,0.9672830725462305,-0.01822417383058117
mitdb_101__d6,mitdb_101,beat_detection,6,E,100100,100110,0.9912280701754386,0.9883381924198251,-0.002889877755613446
mitdb_101__d6,mitdb_101,beat_detection,6,E,100101,100111,0.9912280701754386,0.9897810218978103,-0.0014470482776283156
mitdb_101__d6,mitdb_101,beat_detection,6,E,101000,101010,0.9742120343839542,0.5163249810174639,-0.45788705336649027
mitdb_101__d6,mitdb_101,beat_detection,6,E,101001,101011,0.9811866859623734,0.6544401544401545,-0.3267465315222189
mitdb_101__d6,mitdb_101,beat_detection,6,E,101100,101110,0.9897209985315712,0.9066666666666666,-0.08305433186490463
mitdb_101__d6,mitdb_101,beat_detection,6,E,101101,101111,0.9882352941176471,0.946927374301676,-0.04130791981597115
mitdb_101__d6,mitdb_101,beat_detection,6,E,110000,110010,0.9869375907111756,0.9700427960057061,-0.016894794705469507
mitdb_101__d6,mitdb_101,beat_detection,6,E,110001,110011,0.9912536443148688,0.9883720930232558,-0.0028815512916130492
mitdb_101__d6,mitdb_101,beat_detection,6,E,110100,110110,0.9897510980966325,0.9883381924198251,-0.0014129056768074078
mitdb_101__d6,mitdb_101,beat_detection,6,E,110101,110111,0.9897510980966325,0.9883381924198251,-0.0014129056768074078
mitdb_101__d6,mitdb_101,beat_detection,6,E,111000,111010,0.9941348973607038,0.6204379562043796,-0.37369694115632424
mitdb_101__d6,mitdb_101,beat_detection,6,E,111001,111011,0.9955947136563876,0.6679802955665025,-0.3276144180898851
mitdb_101__d6,mitdb_101,beat_detection,6,E,111100,111110,0.9926362297496318,0.9431345353675451,-0.049501694382086736
mitdb_101__d6,mitdb_101,beat_detection,6,E,111101,111111,0.9926362297496318,0.9686609686609686,-0.023975261088663213
mitdb_101__d6,mitdb_101,beat_detection,6,F,000000,000001,0.9164420485175202,0.9550561797752809,0.0386141312577607
mitdb_101__d6,mitdb_101,beat_detection,6,F,000010,000011,0.8923884514435696,0.9405255878284924,0.048137136384922785
mitdb_101__d6,mitdb_101,beat_detection,6,F,000100,000101,0.38333333333333336,0.3706896551724138,-0.012643678160919547
mitdb_101__d6,mitdb_101,beat_detection,6,F,000110,000111,0.4305835010060362,0.42083333333333334,-0.00975016767270287
mitdb_101__d6,mitdb_101,beat_detection,6,F,001000,001001,0.9742120343839542,0.9811866859623734,0.006974651578419144
mitdb_101__d6,mitdb_101,beat_detection,6,F,001010,001011,0.5132075471698113,0.6538090646094503,0.140601517439639
mitdb_101__d6,mitdb_101,beat_detection,6,F,001100,001101,0.9897209985315712,0.9897209985315712,0.0
mitdb_101__d6,mitdb_101,beat_detection,6,F,001110,001111,0.9066666666666666,0.9456066945606695,0.03894002789400286
mitdb_101__d6,mitdb_101,beat_detection,6,F,010000,010001,0.9234972677595629,0.9531914893617022,0.029694221602139304
mitdb_101__d6,mitdb_101,beat_detection,6,F,010010,010011,0.9110512129380054,0.9438202247191011,0.0327690117810957
mitdb_101__d6,mitdb_101,beat_detection,6,F,010100,010101,0.3891213389121339,0.368763557483731,-0.020357781428402888
mitdb_101__d6,mitdb_101,beat_detection,6,F,010110,010111,0.3958333333333333,0.3758099352051836,-0.02002339812814974
mitdb_101__d6,mitdb_101,beat_detection,6,F,011000,011001,0.9941520467836257,0.9955947136563876,0.0014426668727619552
mitdb_101__d6,mitdb_101,beat_detection,6,F,011010,011011,0.618744313011829,0.6686390532544378,0.04989474024260887
mitdb_101__d6,mitdb_101,beat_detection,6,F,011100,011101,0.9926362297496318,0.9911504424778761,-0.0014857872717557452
mitdb_101__d6,mitdb_101,beat_detection,6,F,011110,011111,0.9405255878284924,0.9657142857142857,0.025188697885793365
mitdb_101__d6,mitdb_101,beat_detection,6,F,100000,100001,0.9728183118741058,0.9855072463768116,0.012688934502705806
mitdb_101__d6,mitdb_101,beat_detection,6,F,100010,100011,0.9457579972183588,0.9672830725462305,0.021525075327871623
mitdb_101__d6,mitdb_101,beat_detection,6,F,100100,100101,0.9912280701754386,0.9912280701754386,0.0
mitdb_101__d6,mitdb_101,beat_detection,6,F,100110,100111,0.9883381924198251,0.9897810218978103,0.0014428294779851303
mitdb_101__d6,mitdb_101,beat_detection,6,F,101000,101001,0.9742120343839542,0.9811866859623734,0.006974651578419144
mitdb_101__d6,mitdb_101,beat_detection,6,F,101010,101011,0.5163249810174639,0.6544401544401545,0.13811517342269053
mitdb_101__d6,mitdb_101,beat_detection,6,F,101100,101101,0.9897209985315712,0.9882352941176471,-0.0014857044139241493
mitdb_101__d6,mitdb_101,beat_detection,6,F,101110,101111,0.9066666666666666,0.946927374301676,0.04026070763500933
mitdb_101__d6,mitdb_101,beat_detection,6,F,110000,110001,0.9869375907111756,0.9912536443148688,0.004316053603693248
mitdb_101__d6,mitdb_101,beat_detection,6,F,110010,110011,0.9700427960057061,0.9883720930232558,0.018329297017549706
mitdb_101__d6,mitdb_101,beat_detection,6,F,110100,110101,0.9897510980966325,0.9897510980966325,0.0
mitdb_101__d6,mitdb_101,beat_detection,6,F,110110,110111,0.9883381924198251,0.9883381924198251,0.0
mitdb_101__d6,mitdb_101,beat_detection,6,F,111000,111001,0.9941348973607038,0.9955947136563876,0.0014598162956838134
mitdb_101__d6,mitdb_101,beat_detection,6,F,111010,111011,0.6204379562043796,0.6679802955665025,0.04754233936212293
mitdb_101__d6,mitdb_101,beat_detection,6,F,111100,111101,0.9926362297496318,0.9926362297496318,0.0
mitdb_101__d6,mitdb_101,beat_detection,6,F,111110,111111,0.9431345353675451,0.9686609686609686,0.025526433293423523
mitdb_102__d6,mitdb_102,beat_detection,6,A,000000,100000,0.9541284403669725,0.9667994687915007,0.012671028424528163
mitdb_102__d6,mitdb_102,beat_detection,6,A,000001,100001,0.9771812080536912,0.9986282578875172,0.02144704983382595
mitdb_102__d6,mitdb_102,beat_detection,6,A,000010,100010,0.9667994687915007,0.9745649263721553,0.007765457580654611
mitdb_102__d6,mitdb_102,beat_detection,6,A,000011,100011,0.9837837837837838,1.0,0.01621621621621616
mitdb_102__d6,mitdb_102,beat_detection,6,A,000100,100100,0.9567567567567568,1.0,0.043243243243243246
mitdb_102__d6,mitdb_102,beat_detection,6,A,000101,100101,0.963265306122449,1.0,0.03673469387755102
mitdb_102__d6,mitdb_102,beat_detection,6,A,000110,100110,0.7906976744186046,0.8481012658227848,0.057403591404180165
mitdb_102__d6,mitdb_102,beat_detection,6,A,000111,100111,0.7906976744186046,0.8481012658227848,0.057403591404180165
mitdb_102__d6,mitdb_102,beat_detection,6,A,001000,101000,0.9688385269121813,0.9688385269121813,0.0
mitdb_102__d6,mitdb_102,beat_detection,6,A,001001,101001,0.9688385269121813,0.9688385269121813,0.0
mitdb_102__d6,mitdb_102,beat_detection,6,A,001010,101010,0.5536121673003802,0.5536121673003802,0.0
mitdb_102__d6,mitdb_102,beat_detection,6,A,001011,101011,0.6854990583804144,0.6854990583804144,0.0
mitdb_102__d6,mitdb_102,beat_detection,6,A,001100,101100,0.8426073131955485,0.8426073131955485,0.0
mitdb_102__d6,mitdb_102,beat_detection,6,A,001101,101101,0.8426073131955485,0.8426073131955485,0.0
mitdb_102__d6,mitdb_102,beat_detection,6,A,001110,101110,0.9904761904761905,0.9904761904761905,0.0
mitdb_102__d6,mitdb_102,beat_detection,6,A,001111,101111,0.9958960328317373,0.9958960328317373,0.0
mitdb_102__d6,mitdb_102,beat_detection,6,A,010000,110000,0.9732620320855615,0.9837837837837838,0.010521751698222337
mitdb_102__d6,mitdb_102,beat_detection,6,A,010001,110001,0.9811320754716981,1.0,0.018867924528301883
mitdb_102__d6,mitdb_102,beat_detection,6,A,010010,110010,0.9904761904761905,0.9931787175989086,0.0027025271227181236
mitdb_102__d6,mitdb_102,beat_detection,6,A,010011,110011,0.994535519125683,1.0,0.005464480874316946
mitdb_102__d6,mitdb_102,beat_detection,6,A,010100,110100,0.9567567567567568,1.0,0.043243243243243246
mitdb_102__d6,mitdb_102,beat_detection,6,A,010101,110101,0.9619565217391305,1.0,0.03804347826086951
mitdb_102__d6,mitdb_102,beat_detection,6,A,010110,110110,0.7805695142378559,0.8389154704944178,0.058345956256561915
mitdb_102__d6,mitdb_102,beat_detection,6,A,010111,110111,0.7805695142378559,0.8389154704944178,0.058345956256561915
mitdb_102__d6,mitdb_102,beat_detection,6,A,011000,111000,1.0,1.0,0.0
mitdb_102__d6,mitdb_102,beat_detection,6,A,011001,111001,1.0,1.0,0.0
mitdb_102__d6,mitdb_102,beat_detection,6,A,011010,111010,0.6201022146507666,0.6195744680851064,-0.0005277465656602365
mitdb_102__d6,mitdb_102,beat_detection,6,A,011011,111011,0.6953199617956065,0.6946564885496184,-0.0006634732459881443
mitdb_102__d6,mitdb_102,beat_detection,6,A,011100,111100,0.9972451790633609,0.9972451790633609,0.0
mitdb_102__d6,mitdb_102,beat_detection,6,A,011101,111101,0.9972451790633609,0.9972451790633609,0.0
mitdb_102__d6,mitdb_102,beat_detection,6,A,011110,111110,0.8845686512758202,0.883495145631068,-0.0010735056447521707
mitdb_102__d6,mitdb_102,beat_detection,6,A,011111,111111,1.0,1.0,0.0
mitdb_102__d6,mitdb_102,beat_detection,6,B,000000,010000,0.9541284403669725,0.9732620320855615,0.01913359171858897
mitdb_102__d6,mitdb_102,beat_detection,6,B,000001,010001,0.9771812080536912,0.9811320754716981,0.003950867418006876
mitdb_102__d6,mitdb_102,beat_detection,6,B,000010,010010,0.9667994687915007,0.9904761904761905,0.023676721684689817
mitdb_102__d6,mitdb_102,beat_detection,6,B,000011,010011,0.9837837837837838,0.994535519125683,0.010751735341899216
mitdb_102__d6,mitdb_102,beat_detection,6,B,000100,010100,0.9567567567567568,0.9567567567567568,0.0
mitdb_102__d6,mitdb_102,beat_detection,6,B,000101,010101,0.963265306122449,0.9619565217391305,-0.0013087843833184953
mitdb_102__d6,mitdb_102,beat_detection,6,B,000110,010110,0.7906976744186046,0.7805695142378559,-0.010128160180748691
mitdb_102__d6,mitdb_102,beat_detection,6,B,000111,010111,0.7906976744186046,0.7805695142378559,-0.010128160180748691
mitdb_102__d6,mitdb_102,beat_detection,6,B,001000,011000,0.9688385269121813,1.0,0.031161473087818692
mitdb_102__d6,mitdb_102,beat_detection,6,B,001001,011001,0.9688385269121813,1.0,0.031161473087818692
mitdb_102__d6,mitdb_102,beat_detection,6,B,001010,011010,0.5536121673003802,0.6201022146507666,0.06649004735038644
mitdb_102__d6,mitdb_102,beat_detection,6,B,001011,011011,0.6854990583804144,0.6953199617956065,0.00982090341519215
mitdb_102__d6,mitdb_102,beat_detection,6,B,001100,011100,0.8426073131955485,0.9972451790633609,0.15463786586781236
mitdb_102__d6,mitdb_102,beat_detection,6,B,001101,011101,0.8426073131955485,0.9972451790633609,0.15463786586781236
mitdb_102__d6,mitdb_102,beat_detection,6,B,001110,011110,0.9904761904761905,0.8845686512758202,-0.10590753920037033
mitdb_102__d6,mitdb_102,beat_detection,6,B,001111,011111,0.9958960328317373,1.0,0.004103967168262668
mitdb_102__d6,mitdb_102,beat_detection,6,B,100000,110000,0.9667994687915007,0.9837837837837838,0.016984314992283145
mitdb_102__d6,mitdb_102,beat_detection,6,B,100001,110001,0.9986282578875172,1.0,0.00137174211248281
mitdb_102__d6,mitdb_102,beat_detection,6,B,100010,110010,0.9745649263721553,0.9931787175989086,0.01861379122675333
mitdb_102__d6,mitdb_102,beat_detection,6,B,100011,110011,1.0,1.0,0.0
mitdb_102__d6,mitdb_102,beat_detection,6,B,100100,110100,1.0,1.0,0.0
mitdb_102__d6,mitdb_102,beat_detection,6,B,100101,110101,1.0,1.0,0.0
mitdb_102__d6,mitdb_102,beat_detection,6,B,100110,110110,0.8481012658227848,0.8389154704944178,-0.009185795328366941
mitdb_102__d6,mitdb_102,beat_detection,6,B,100111,110111,0.8481012658227848,0.8389154704944178,-0.009185795328366941
mitdb_102__d6,mitdb_102,beat_detection,6,B,101000,111000,0.9688385269121813,1.0,0.031161473087818692
mitdb_102__d6,mitdb_102,beat_detection,6,B,101001,111001,0.9688385269121813,1.0,0.031161473087818692
mitdb_102__d6,mitdb_102,beat_detection,6,B,101010,111010,0.5536121673003802,0.6195744680851064,0.0659623007847262
mitdb_102__d6,mitdb_102,beat_detection,6,B,101011,111011,0.6854990583804144,0.6946564885496184,0.009157430169204006
mitdb_102__d6,mitdb_102,beat_detection,6,B,101100,111100,0.8426073131955485,0.9972451790633609,0.15463786586781236
mitdb_102__d6,mitdb_102,beat_detection,6,B,101101,111101,0.8426073131955485,0.9972451790633609,0.15463786586781236
mitdb_102__d6,mitdb_102,beat_detection,6,B,101110,111110,0.9904761904761905,0.883495145631068,-0.1069810448451225
mitdb_102__d6,mitdb_102,beat_detection,6,B,101111,111111,0.9958960328317373,1.0,0.004103967168262668
mitdb_102__d6,mitdb_102,beat_detection,6,C,000000,001000,0.9541284403669725,0.9688385269121813,0.014710086545208778
mitdb_102__d6,mitdb_102,beat_detection,6,C,000001,001001,0.9771812080536912,0.9688385269121813,-0.008342681141509933
mitdb_102__d6,mitdb_102,beat_detection,6,C,000010,001010,0.9667994687915007,0.5536121673003802,-0.4131873014911205
mitdb_102__d6,mitdb_102,beat_detection,6,C,000011,001011,0.9837837837837838,0.6854990583804144,-0.2982847254033695
mitdb_102__d6,mitdb_102,beat_detection,6,C,000100,001100,0.9567567567567568,0.8426073131955485,-0.11414944356120826
mitdb_102__d6,mitdb_102,beat_detection,6,C,000101,001101,0.963265306122449,0.8426073131955485,-0.12065799292690049
mitdb_102__d6,mitdb_102,beat_detection,6,C,000110,001110,0.7906976744186046,0.9904761904761905,0.1997785160575859
mitdb_102__d6,mitdb_102,beat_detection,6,C,000111,001111,0.7906976744186046,0.9958960328317373,0.20519835841313272
mitdb_102__d6,mitdb_102,beat_detection,6,C,010000,011000,0.9732620320855615,1.0,0.0267379679144385
mitdb_102__d6,mitdb_102,beat_detection,6,C,010001,011001,0.9811320754716981,1.0,0.018867924528301883
mitdb_102__d6,mitdb_102,beat_detection,6,C,010010,011010,0.9904761904761905,0.6201022146507666,-0.37037397582542386
mitdb_102__d6,mitdb_102,beat_detection,6,C,010011,011011,0.994535519125683,0.6953199617956065,-0.29921555733007654
mitdb_102__d6,mitdb_102,beat_detection,6,C,010100,011100,0.9567567567567568,0.9972451790633609,0.0404884223066041
mitdb_102__d6,mitdb_102,beat_detection,6,C,010101,011101,0.9619565217391305,0.9972451790633609,0.035288657324230366
mitdb_102__d6,mitdb_102,beat_detection,6,C,010110,011110,0.7805695142378559,0.8845686512758202,0.10399913703796426
mitdb_102__d6,mitdb_102,beat_detection,6,C,010111,011111,0.7805695142378559,1.0,0.21943048576214408
mitdb_102__d6,mitdb_102,beat_detection,6,C,100000,101000,0.9667994687915007,0.9688385269121813,0.0020390581206806146
mitdb_102__d6,mitdb_102,beat_detection,6,C,100001,101001,0.9986282578875172,0.9688385269121813,-0.029789730975335882
mitdb_102__d6,mitdb_102,beat_detection,6,C,100010,101010,0.9745649263721553,0.5536121673003802,-0.4209527590717751
mitdb_102__d6,mitdb_102,beat_detection,6,C,100011,101011,1.0,0.6854990583804144,-0.31450094161958564
mitdb_102__d6,mitdb_102,beat_detection,6,C,100100,101100,1.0,0.8426073131955485,-0.1573926868044515
mitdb_102__d6,mitdb_102,beat_detection,6,C,100101,101101,1.0,0.8426073131955485,-0.1573926868044515
mitdb_102__d6,mitdb_102,beat_detection,6,C,100110,101110,0.8481012658227848,0.9904761904761905,0.14237492465340573
mitdb_102__d6,mitdb_102,beat_detection,6,C,100111,101111,0.8481012658227848,0.9958960328317373,0.14779476700895255
mitdb_102__d6,mitdb_102,beat_detection,6,C,110000,111000,0.9837837837837838,1.0,0.01621621621621616
mitdb_102__d6,mitdb_102,beat_detection,6,C,110001,111001,1.0,1.0,0.0
mitdb_102__d6,mitdb_102,beat_detection,6,C,110010,111010,0.9931787175989086,0.6195744680851064,-0.3736042495138022
mitdb_102__d6,mitdb_102,beat_detection,6,C,110011,111011,1.0,0.6946564885496184,-0.30534351145038163
mitdb_102__d6,mitdb_102,beat_detection,6,C,110100,111100,1.0,0.9972451790633609,-0.0027548209366391463
mitdb_102__d6,mitdb_102,beat_detection,6,C,110101,111101,1.0,0.9972451790633609,-0.0027548209366391463
mitdb_102__d6,mitdb_102,beat_detection,6,C,110110,111110,0.8389154704944178,0.883495145631068,0.044579675136650176
mitdb_102__d6,mitdb_102,beat_detection,6,C,110111,111111,0.8389154704944178,1.0,0.16108452950558216
mitdb_102__d6,mitdb_102,beat_detection,6,D,000000,000100,0.9541284403669725,0.9567567567567568,0.0026283163897842243
mitdb_102__d6,mitdb_102,beat_detection,6,D,000001,000101,0.9771812080536912,0.963265306122449,-0.013915901931242258
mitdb_102__d6,mitdb_102,beat_detection,6,D,000010,000110,0.9667994687915007,0.7906976744186046,-0.17610179437289608
mitdb_102__d6,mitdb_102,beat_detection,6,D,000011,000111,0.9837837837837838,0.7906976744186046,-0.19308610936517923
mitdb_102__d6,mitdb_102,beat_detection,6,D,001000,001100,0.9688385269121813,0.8426073131955485,-0.12623121371663282
mitdb_102__d6,mitdb_102,beat_detection,6,D,001001,001101,0.9688385269121813,0.8426073131955485,-0.12623121371663282
mitdb_102__d6,mitdb_102,beat_detection,6,D,001010,001110,0.5536121673003802,0.9904761904761905,0.4368640231758103
mitdb_102__d6,mitdb_102,beat_detection,6,D,001011,001111,0.6854990583804144,0.9958960328317373,0.31039697445132297
mitdb_102__d6,mitdb_102,beat_detection,6,D,010000,010100,0.9732620320855615,0.9567567567567568,-0.016505275328804747
mitdb_102__d6,mitdb_102,beat_detection,6,D,010001,010101,0.9811320754716981,0.9619565217391305,-0.01917555373256763
mitdb_102__d6,mitdb_102,beat_detection,6,D,010010,010110,0.9904761904761905,0.7805695142378559,-0.2099066762383346
mitdb_102__d6,mitdb_102,beat_detection,6,D,010011,010111,0.994535519125683,0.7805695142378559,-0.21396600488782713
mitdb_102__d6,mitdb_102,beat_detection,6,D,011000,011100,1.0,0.9972451790633609,-0.0027548209366391463
mitdb_102__d6,mitdb_102,beat_detection,6,D,011001,011101,1.0,0.9972451790633609,-0.0027548209366391463
mitdb_102__d6,mitdb_102,beat_detection,6,D,011010,011110,0.6201022146507666,0.8845686512758202,0.26446643662505354
mitdb_102__d6,mitdb_102,beat_detection,6,D,011011,011111,0.6953199617956065,1.0,0.3046800382043935
mitdb_102__d6,mitdb_102,beat_detection,6,D,100000,100100,0.9667994687915007,1.0,0.033200531208499307
mitdb_102__d6,mitdb_102,beat_detection,6,D,100001,100101,0.9986282578875172,1.0,0.00137174211248281
mitdb_102__d6,mitdb_102,beat_detection,6,D,100010,100110,0.9745649263721553,0.8481012658227848,-0.12646366054937053
mitdb_102__d6,mitdb_102,beat_detection,6,D,100011,100111,1.0,0.8481012658227848,-0.15189873417721522
mitdb_102__d6,mitdb_102,beat_detection,6,D,101000,101100,0.9688385269121813,0.8426073131955485,-0.12623121371663282
mitdb_102__d6,mitdb_102,beat_detection,6,D,101001,101101,0.9688385269121813,0.8426073131955485,-0.12623121371663282
mitdb_102__d6,mitdb_102,beat_detection,6,D,101010,101110,0.5536121673003802,0.9904761904761905,0.4368640231758103
mitdb_102__d6,mitdb_102,beat_detection,6,D,101011,101111,0.6854990583804144,0.9958960328317373,0.31039697445132297
mitdb_102__d6,mitdb_102,beat_detection,6,D,110000,110100,0.9837837837837838,1.0,0.01621621621621616
mitdb_102__d6,mitdb_102,beat_detection,6,D,110001,110101,1.0,1.0,0.0
mitdb_102__d6,mitdb_102,beat_detection,6,D,110010,110110,0.9931787175989086,0.8389154704944178,-0.1542632471044908
mitdb_102__d6,mitdb_102,beat_detection,6,D,110011,110111,1.0,0.8389154704944178,-0.16108452950558216
mitdb_102__d6,mitdb_102,beat_detection,6,D,111000,111100,1.0,0.9972451790633609,-0.0027548209366391463
mitdb_102__d6,mitdb_102,beat_detection,6,D,111001,111101,1.0,0.9972451790633609,-0.0027548209366391463
mitdb_102__d6,mitdb_102,beat_detection,6,D,111010,111110,0.6195744680851064,0.883495145631068,0.2639206775459616
mitdb_102__d6,mitdb_102,beat_detection,6,D,111011,111111,0.6946564885496184,1.0,0.30534351145038163
mitdb_102__d6,mitdb_102,beat_detection,6,E,000000,000010,0.9541284403669725,0.9667994687915007,0.012671028424528163
mitdb_102__d6,mitdb_102,beat_detection,6,E,000001,000011,0.9771812080536912,0.9837837837837838,0.006602575730092597
mitdb_102__d6,mitdb_102,beat_detection,6,E,000100,000110,0.9567567567567568,0.7906976744186046,-0.16605908233815214
mitdb_102__d6,mitdb_102,beat_detection,6,E,000101,000111,0.963265306122449,0.7906976744186046,-0.17256763170384437
mitdb_102__d6,mitdb_102,beat_detection,6,E,001000,001010,0.9688385269121813,0.5536121673003802,-0.4152263596118011
mitdb_102__d6,mitdb_102,beat_detection,6,E,001001,001011,0.9688385269121813,0.6854990583804144,-0.28333946853176695
mitdb_102__d6,mitdb_102,beat_detection,6,E,001100,001110,0.8426073131955485,0.9904761904761905,0.14786887728064202
mitdb_102__d6,mitdb_102,beat_detection,6,E,001101,001111,0.8426073131955485,0.9958960328317373,0.15328871963618884
mitdb_102__d6,mitdb_102,beat_detection,6,E,010000,010010,0.9732620320855615,0.9904761904761905,0.01721415839062901
mitdb_102__d6,mitdb_102,beat_detection,6,E,010001,010011,0.9811320754716981,0.994535519125683,0.013403443653984937
mitdb_102__d6,mitdb_102,beat_detection,6,E,010100,010110,0.9567567567567568,0.7805695142378559,-0.17618724251890083
mitdb_102__d6,mitdb_102,beat_detection,6,E,010101,010111,0.9619565217391305,0.7805695142378559,-0.18138700750127457
mitdb_102__d6,mitdb_102,beat_detection,6,E,011000,011010,1.0,0.6201022146507666,-0.37989778534923335
mitdb_102__d6,mitdb_102,beat_detection,6,E,011001,011011,1.0,0.6953199617956065,-0.3046800382043935
mitdb_102__d6,mitdb_102,beat_detection,6,E,011100,011110,0.9972451790633609,0.8845686512758202,-0.11267652778754067
mitdb_102__d6,mitdb_102,beat_detection,6,E,011101,011111,0.9972451790633609,1.0,0.0027548209366391463
mitdb_102__d6,mitdb_102,beat_detection,6,E,100000,100010,0.9667994687915007,0.9745649263721553,0.007765457580654611
mitdb_102__d6,mitdb_102,beat_detection,6,E,100001,100011,0.9986282578875172,1.0,0.00137174211248281
mitdb_102__d6,mitdb_102,beat_detection,6,E,100100,100110,1.0,0.8481012658227848,-0.15189873417721522
mitdb_102__d6,mitdb_102,beat_detection,6,E,100101,100111,1.0,0.8481012658227848,-0.15189873417721522
mitdb_102__d6,mitdb_102,beat_detection,6,E,101000,101010,0.9688385269121813,0.5536121673003802,-0.4152263596118011
mitdb_102__d6,mitdb_102,beat_detection,6,E,101001,101011,0.9688385269121813,0.6854990583804144,-0.28333946853176695
mitdb_102__d6,mitdb_102,beat_detection,6,E,101100,101110,0.8426073131955485,0.9904761904761905,0.14786887728064202
mitdb_102__d6,mitdb_102,beat_detection,6,E,101101,101111,0.8426073131955485,0.9958960328317373,0.15328871963618884
mitdb_102__d6,mitdb_102,beat_detection,6,E,110000,110010,0.9837837837837838,0.9931787175989086,0.009394933815124795
mitdb_102__d6,mitdb_102,beat_detection,6,E,110001,110011,1.0,1.0,0.0
mitdb_102__d6,mitdb_102,beat_detection,6,E,110100,110110,1.0,0.8389154704944178,-0.16108452950558216
mitdb_102__d6,mitdb_102,beat_detection,6,E,110101,110111,1.0,0.8389154704944178,-0.16108452950558216
mitdb_102__d6,mitdb_102,beat_detection,6,E,111000,111010,1.0,0.6195744680851064,-0.3804255319148936
mitdb_102__d6,mitdb_102,beat_detection,6,E,111001,111011,1.0,0.6946564885496184,-0.30534351145038163
mitdb_102__d6,mitdb_102,beat_detection,6,E,111100,111110,0.9972451790633609,0.883495145631068,-0.11375003343229284
mitdb_102__d6,mitdb_102,beat_detection,6,E,111101,111111,0.9972451790633609,1.0,0.0027548209366391463
mitdb_102__d6,mitdb_102,beat_detection,6,F,000000,000001,0.9541284403669725,0.9771812080536912,0.02305276768671871
mitdb_102__d6,mitdb_102,beat_detection,6,F,000010,000011,0.9667994687915007,0.9837837837837838,0.016984314992283145
mitdb_102__d6,mitdb_102,beat_detection,6,F,000100,000101,0.9567567567567568,0.963265306122449,0.006508549365692229
mitdb_102__d6,mitdb_102,beat_detection,6,F,000110,000111,0.7906976744186046,0.7906976744186046,0.0
mitdb_102__d6,mitdb_102,beat_detection,6,F,001000,001001,0.9688385269121813,0.9688385269121813,0.0
mitdb_102__d6,mitdb_102,beat_detection,6,F,001010,001011,0.5536121673003802,0.6854990583804144,0.13188689108003415
mitdb_102__d6,mitdb_102,beat_detection,6,F,001100,001101,0.8426073131955485,0.8426073131955485,0.0
mitdb_102__d6,mitdb_102,beat_detection,6,F,001110,001111,0.9904761904761905,0.9958960328317373,0.005419842355546822
mitdb_102__d6,mitdb_102,beat_detection,6,F,010000,010001,0.9732620320855615,0.9811320754716981,0.007870043386136616
mitdb_102__d6,mitdb_102,beat_detection,6,F,010010,010011,0.9904761904761905,0.994535519125683,0.004059328649492544
mitdb_102__d6,mitdb_102,beat_detection,6,F,010100,010101,0.9567567567567568,0.9619565217391305,0.0051997649823737335
mitdb_102__d6,mitdb_102,beat_detection,6,F,010110,010111,0.7805695142378559,0.7805695142378559,0.0
mitdb_102__d6,mitdb_102,beat_detection,6,F,011000,011001,1.0,1.0,0.0
mitdb_102__d6,mitdb_102,beat_detection,6,F,011010,011011,0.6201022146507666,0.6953199617956065,0.07521774714483986
mitdb_102__d6,mitdb_102,beat_detection,6,F,011100,011101,0.9972451790633609,0.9972451790633609,0.0
mitdb_102__d6,mitdb_102,beat_detection,6,F,011110,011111,0.8845686512758202,1.0,0.11543134872417982
mitdb_102__d6,mitdb_102,beat_detection,6,F,100000,100001,0.9667994687915007,0.9986282578875172,0.031828789096016497
mitdb_102__d6,mitdb_102,beat_detection,6,F,100010,100011,0.9745649263721553,1.0,0.025435073627844695
mitdb_102__d6,mitdb_102,beat_detection,6,F,100100,100101,1.0,1.0,0.0
mitdb_102__d6,mitdb_102,beat_detection,6,F,100110,100111,0.8481012658227848,0.8481012658227848,0.0
mitdb_102__d6,mitdb_102,beat_detection,6,F,101000,101001,0.9688385269121813,0.9688385269121813,0.0
mitdb_102__d6,mitdb_102,beat_detection,6,F,101010,101011,0.5536121673003802,0.6854990583804144,0.13188689108003415
mitdb_102__d6,mitdb_102,beat_detection,6,F,101100,101101,0.8426073131955485,0.8426073131955485,0.0
mitdb_102__d6,mitdb_102,beat_detection,6,F,101110,101111,0.9904761904761905,0.9958960328317373,0.005419842355546822
mitdb_102__d6,mitdb_102,beat_detection,6,F,110000,110001,0.9837837837837838,1.0,0.01621621621621616
mitdb_102__d6,mitdb_102,beat_detection,6,F,110010,110011,0.9931787175989086,1.0,0.006821282401091366
mitdb_102__d6,mitdb_102,beat_detection,6,F,110100,110101,1.0,1.0,0.0
mitdb_102__d6,mitdb_102,beat_detection,6,F,110110,110111,0.8389154704944178,0.8389154704944178,0.0
mitdb_102__d6,mitdb_102,beat_detection,6,F,111000,111001,1.0,1.0,0.0
mitdb_102__d6,mitdb_102,beat_detection,6,F,111010,111011,0.6195744680851064,0.6946564885496184,0.07508202046451196
mitdb_102__d6,mitdb_102,beat_detection,6,F,111100,111101,0.9972451790633609,0.9972451790633609,0.0
mitdb_102__d6,mitdb_102,beat_detection,6,F,111110,111111,0.883495145631068,1.0,0.11650485436893199
mitdb_103__d6,mitdb_103,beat_detection,6,A,000000,100000,0.8767123287671232,1.0,0.12328767123287676
mitdb_103__d6,mitdb_103,beat_detection,6,A,000001,100001,0.9971671388101983,1.0,0.0028328611898017497
mitdb_103__d6,mitdb_103,beat_detection,6,A,000010,100010,0.6848249027237354,0.9873772791023843,0.30255237637864885
mitdb_103__d6,mitdb_103,beat_detection,6,A,000011,100011,0.9859943977591037,1.0,0.014005602240896309
mitdb_103__d6,mitdb_103,beat_detection,6,A,000100,100100,0.8370986920332937,1.0,0.16290130796670632
mitdb_103__d6,mitdb_103,beat_detection,6,A,000101,100101,0.9564032697547684,1.0,0.043596730245231585
mitdb_103__d6,mitdb_103,beat_detection,6,A,000110,100110,0.975,1.0,0.025000000000000022
mitdb_103__d6,mitdb_103,beat_detection,6,A,000111,100111,0.9957325746799431,1.0,0.004267425320056861
mitdb_103__d6,mitdb_103,beat_detection,6,A,001000,101000,1.0,1.0,0.0
mitdb_103__d6,mitdb_103,beat_detection,6,A,001001,101001,1.0,1.0,0.0
mitdb_103__d6,mitdb_103,beat_detection,6,A,001010,101010,0.5083032490974729,0.5064748201438849,-0.001828428953588035
mitdb_103__d6,mitdb_103,beat_detection,6,A,001011,101011,0.6698382492863939,0.6692015209125475,-0.0006367283738464291
mitdb_103__d6,mitdb_103,beat_detection,6,A,001100,101100,1.0,1.0,0.0
mitdb_103__d6,mitdb_103,beat_detection,6,A,001101,101101,1.0,1.0,0.0
mitdb_103__d6,mitdb_103,beat_detection,6,A,001110,101110,0.9957567185289957,0.9957567185289957,0.0
mitdb_103__d6,mitdb_103,beat_detection,6,A,001111,101111,1.0,1.0,0.0
mitdb_103__d6,mitdb_103,beat_detection,6,A,010000,110000,0.8595848595848596,1.0,0.14041514041514036
mitdb_103__d6,mitdb_103,beat_detection,6,A,010001,110001,1.0,1.0,0.0
mitdb_103__d6,mitdb_103,beat_detection,6,A,010010,110010,0.6901960784313725,0.9929478138222849,0.3027517353909124
mitdb_103__d6,mitdb_103,beat_detection,6,A,010011,110011,1.0,1.0,0.0
mitdb_103__d6,mitdb_103,beat_detection,6,A,010100,110100,0.8301886792452831,1.0,0.16981132075471694
mitdb_103__d6,mitdb_103,beat_detection,6,A,010101,110101,0.9590163934426229,1.0,0.040983606557377095
mitdb_103__d6,mitdb_103,beat_detection,6,A,010110,110110,0.9763560500695411,1.0,0.02364394993045893
mitdb_103__d6,mitdb_103,beat_detection,6,A,010111,110111,0.9957325746799431,1.0,0.004267425320056861
mitdb_103__d6,mitdb_103,beat_detection,6,A,011000,111000,1.0,1.0,0.0
mitdb_103__d6,mitdb_103,beat_detection,6,A,011001,111001,1.0,1.0,0.0
mitdb_103__d6,mitdb_103,beat_detection,6,A,011010,111010,0.514996342355523,0.5146198830409356,-0.00037645931458740733
mitdb_103__d6,mitdb_103,beat_detection,6,A,011011,111011,0.8054919908466819,0.8064146620847652,0.0009226712380833169
mitdb_103__d6,mitdb_103,beat_detection,6,A,011100,111100,1.0,1.0,0.0
mitdb_103__d6,mitdb_103,beat_detection,6,A,011101,111101,1.0,1.0,0.0
mitdb_103__d6,mitdb_103,beat_detection,6,A,011110,111110,0.9617486338797814,0.9657064471879286,0.003957813308147262
mitdb_103__d6,mitdb_103,beat_detection,6,A,011111,111111,1.0,1.0,0.0
mitdb_103__d6,mitdb_103,beat_detection,6,B,000000,010000,0.8767123287671232,0.8595848595848596,-0.0171274691822636
mitdb_103__d6,mitdb_103,beat_detection,6,B,000001,010001,0.9971671388101983,1.0,0.0028328611898017497
mitdb_103__d6,mitdb_103,beat_detection,6,B,000010,010010,0.6848249027237354,0.6901960784313725,0.005371175707637121
mitdb_103__d6,mitdb_103,beat_detection,6,B,000011,010011,0.9859943977591037,1.0,0.014005602240896309
mitdb_103__d6,mitdb_103,beat_detection,6,B,000100,010100,0.8370986920332937,0.8301886792452831,-0.006910012788010622
mitdb_103__d6,mitdb_103,beat_detection,6,B,000101,010101,0.9564032697547684,0.9590163934426229,0.0026131236878544906
mitdb_103__d6,mitdb_103,beat_detection,6,B,000110,010110,0.975,0.9763560500695411,0.0013560500695410926
mitdb_103__d6,mitdb_103,beat_detection,6,B,000111,010111,0.9957325746799431,0.9957325746799431,0.0
mitdb_103__d6,mitdb_103,beat_detection,6,B,001000,011000,1.0,1.0,0.0
mitdb_103__d6,mitdb_103,beat_detection,6,B,001001,011001,1.0,1.0,0.0
mitdb_103__d6,mitdb_103,beat_detection,6,B,001010,011010,0.5083032490974729,0.514996342355523,0.00669309325805012
mitdb_103__d6,mitdb_103,beat_detection,6,B,001011,011011,0.6698382492863939,0.8054919908466819,0.13565374156028798
mitdb_103__d6,mitdb_103,beat_detection,6,B,001100,011100,1.0,1.0,0.0
mitdb_103__d6,mitdb_103,beat_detection,6,B,001101,011101,1.0,1.0,0.0
mitdb_103__d6,mitdb_103,beat_detection,6,B,001110,011110,0.9957567185289957,0.9617486338797814,-0.03400808464921434
mitdb_103__d6,mitdb_103,beat_detection,6,B,001111,011111,1.0,1.0,0.0
mitdb_103__d6,mitdb_103,beat_detection,6,B,100000,110000,1.0,1.0,0.0
mitdb_103__d6,mitdb_103,beat_detection,6,B,100001,110001,1.0,1.0,0.0
mitdb_103__d6,mitdb_103,beat_detection,6,B,100010,110010,0.9873772791023843,0.9929478138222849,0.005570534719900655
mitdb_103__d6,mitdb_103,beat_detection,6,B,100011,110011,1.0,1.0,0.0
mitdb_103__d6,mitdb_103,beat_detection,6,B,100100,110100,1.0,1.0,0.0
mitdb_103__d6,mitdb_103,beat_detection,6,B,100101,110101,1.0,1.0,0.0
mitdb_103__d6,mitdb_103,beat_detection,6,B,100110,110110,1.0,1.0,0.0
mitdb_103__d6,mitdb_103,beat_detection,6,B,100111,110111,1.0,1.0,0.0
mitdb_103__d6,mitdb_103,beat_detection,6,B,101000,111000,1.0,1.0,0.0
mitdb_103__d6,mitdb_103,beat_detection,6,B,101001,111001,1.0,1.0,0.0
mitdb_103__d6,mitdb_103,beat_detection,6,B,101010,111010,0.5064748201438849,0.5146198830409356,0.008145062897050748
mitdb_103__d6,mitdb_103,beat_detection,6,B,101011,111011,0.6692015209125475,0.8064146620847652,0.13721314117221772
mitdb_103__d6,mitdb_103,beat_detection,6,B,101100,111100,1.0,1.0,0.0
mitdb_103__d6,mitdb_103,beat_detection,6,B,101101,111101,1.0,1.0,0.0
mitdb_103__d6,mitdb_103,beat_detection,6,B,101110,111110,0.9957567185289957,0.9657064471879286,-0.03005027134106708
mitdb_103__d6,mitdb_103,beat_detection,6,B,101111,111111,1.0,1.0,0.0
mitdb_103__d6,mitdb_103,beat_detection,6,C,000000,001000,0.8767123287671232,1.0,0.12328767123287676
mitdb_103__d6,mitdb_103,beat_detection,6,C,000001,001001,0.9971671388101983,1.0,0.0028328611898017497
mitdb_103__d6,mitdb_103,beat_detection,6,C,000010,001010,0.6848249027237354,0.5083032490974729,-0.1765216536262625
mitdb_103__d6,mitdb_103,beat_detection,6,C,000011,001011,0.9859943977591037,0.6698382492863939,-0.3161561484727098
mitdb_103__d6,mitdb_103,beat_detection,6,C,000100,001100,0.8370986920332937,1.0,0.16290130796670632
mitdb_103__d6,mitdb_103,beat_detection,6,C,000101,001101,0.9564032697547684,1.0,0.043596730245231585
mitdb_103__d6,mitdb_103,beat_detection,6,C,000110,001110,0.975,0.9957567185289957,0.020756718528995743
mitdb_103__d6,mitdb_103,beat_detection,6,C,000111,001111,0.9957325746799431,1.0,0.004267425320056861
mitdb_103__d6,mitdb_103,beat_detection,6,C,010000,011000,0.8595848595848596,1.0,0.14041514041514036
mitdb_103__d6,mitdb_103,beat_detection,6,C,010001,011001,1.0,1.0,0.0
mitdb_103__d6,mitdb_103,beat_detection,6,C,010010,011010,0.6901960784313725,0.514996342355523,-0.1751997360758495
mitdb_103__d6,mitdb_103,beat_detection,6,C,010011,011011,1.0,0.8054919908466819,-0.19450800915331812
mitdb_103__d6,mitdb_103,beat_detection,6,C,010100,011100,0.8301886792452831,1.0,0.16981132075471694
mitdb_103__d6,mitdb_103,beat_detection,6,C,010101,011101,0.9590163934426229,1.0,0.040983606557377095
mitdb_103__d6,mitdb_103,beat_detection,6,C,010110,011110,0.9763560500695411,0.9617486338797814,-0.014607416189759692
mitdb_103__d6,mitdb_103,beat_detection,6,C,010111,011111,0.9957325746799431,1.0,0.004267425320056861
mitdb_103__d6,mitdb_103,beat_detection,6,C,100000,101000,1.0,1.0,0.0
mitdb_103__d6,mitdb_103,beat_detection,6,C,100001,101001,1.0,1.0,0.0
mitdb_103__d6,mitdb_103,beat_detection,6,C,100010,101010,0.9873772791023843,0.5064748201438849,-0.48090245895849937
mitdb_103__d6,mitdb_103,beat_detection,6,C,100011,101011,1.0,0.6692015209125475,-0.3307984790874525
mitdb_103__d6,mitdb_103,beat_detection,6,C,100100,101100,1.0,1.0,0.0
mitdb_103__d6,mitdb_103,beat_detection,6,C,100101,101101,1.0,1.0,0.0
mitdb_103__d6,mitdb_103,beat_detection,6,C,100110,101110,1.0,0.9957567185289957,-0.004243281471004279
mitdb_103__d6,mitdb_103,beat_detection,6,C,100111,101111,1.0,1.0,0.0
mitdb_103__d6,mitdb_103,beat_detection,6,C,110000,111000,1.0,1.0,0.0
mitdb_103__d6,mitdb_103,beat_detection,6,C,110001,111001,1.0,1.0,0.0
mitdb_103__d6,mitdb_103,beat_detection,6,C,110010,111010,0.9929478138222849,0.5146198830409356,-0.4783279307813493
mitdb_103__d6,mitdb_103,beat_detection,6,C,110011,111011,1.0,0.8064146620847652,-0.1935853379152348
mitdb_103__d6,mitdb_103,beat_detection,6,C,110100,111100,1.0,1.0,0.0
mitdb_103__d6,mitdb_103,beat_detection,6,C,110101,111101,1.0,1.0,0.0
mitdb_103__d6,mitdb_103,beat_detection,6,C,110110,111110,1.0,0.9657064471879286,-0.03429355281207136
mitdb_103__d6,mitdb_103,beat_detection,6,C,110111,111111,1.0,1.0,0.0
mitdb_103__d6,mitdb_103,beat_detection,6,D,000000,000100,0.8767123287671232,0.8370986920332937,-0.03961363673382956
mitdb_103__d6,mitdb_103,beat_detection,6,D,000001,000101,0.9971671388101983,0.9564032697547684,-0.040763869055429836
mitdb_103__d6,mitdb_103,beat_detection,6,D,000010,000110,0.6848249027237354,0.975,0.29017509727626456
mitdb_103__d6,mitdb_103,beat_detection,6,D,000011,000111,0.9859943977591037,0.9957325746799431,0.009738176920839448
mitdb_103__d6,mitdb_103,beat_detection,6,D,001000,001100,1.0,1.0,0.0
mitdb_103__d6,mitdb_103,beat_detection,6,D,001001,001101,1.0,1.0,0.0
mitdb_103__d6,mitdb_103,beat_detection,6,D,001010,001110,0.5083032490974729,0.9957567185289957,0.4874534694315228
mitdb_103__d6,mitdb_103,beat_detection,6,D,001011,001111,0.6698382492863939,1.0,0.3301617507136061
mitdb_103__d6,mitdb_103,beat_detection,6,D,010000,010100,0.8595848595848596,0.8301886792452831,-0.029396180339576583
mitdb_103__d6,mitdb_103,beat_detection,6,D,010001,010101,1.0,0.9590163934426229,-0.040983606557377095
mitdb_103__d6,mitdb_103,beat_detection,6,D,010010,010110,0.6901960784313725,0.9763560500695411,0.28615997163816853
mitdb_103__d6,mitdb_103,beat_detection,6,D,010011,010111,1.0,0.9957325746799431,-0.004267425320056861
mitdb_103__d6,mitdb_103,beat_detection,6,D,011000,011100,1.0,1.0,0.0
mitdb_103__d6,mitdb_103,beat_detection,6,D,011001,011101,1.0,1.0,0.0
mitdb_103__d6,mitdb_103,beat_detection,6,D,011010,011110,0.514996342355523,0.9617486338797814,0.4467522915242583
mitdb_103__d6,mitdb_103,beat_detection,6,D,011011,011111,0.8054919908466819,1.0,0.19450800915331812
mitdb_103__d6,mitdb_103,beat_detection,6,D,100000,100100,1.0,1.0,0.0
mitdb_103__d6,mitdb_103,beat_detection,6,D,100001,100101,1.0,1.0,0.0
mitdb_103__d6,mitdb_103,beat_detection,6,D,100010,100110,0.9873772791023843,1.0,0.012622720897615736
mitdb_103__d6,mitdb_103,beat_detection,6,D,100011,100111,1.0,1.0,0.0
mitdb_103__d6,mitdb_103,beat_detection,6,D,101000,101100,1.0,1.0,0.0
mitdb_103__d6,mitdb_103,beat_detection,6,D,101001,101101,1.0,1.0,0.0
mitdb_103__d6,mitdb_103,beat_detection,6,D,101010,101110,0.5064748201438849,0.9957567185289957,0.4892818983851108
mitdb_103__d6,mitdb_103,beat_detection,6,D,101011,101111,0.6692015209125475,1.0,0.3307984790874525
mitdb_103__d6,mitdb_103,beat_detection,6,D,110000,110100,1.0,1.0,0.0
mitdb_103__d6,mitdb_103,beat_detection,6,D,110001,110101,1.0,1.0,0.0
mitdb_103__d6,mitdb_103,beat_detection,6,D,110010,110110,0.9929478138222849,1.0,0.007052186177715081
mitdb_103__d6,mitdb_103,beat_detection,6,D,110011,110111,1.0,1.0,0.0
mitdb_103__d6,mitdb_103,beat_detection,6,D,111000,111100,1.0,1.0,0.0
mitdb_103__d6,mitdb_103,beat_detection,6,D,111001,111101,1.0,1.0,0.0
mitdb_103__d6,mitdb_103,beat_detection,6,D,111010,111110,0.5146198830409356,0.9657064471879286,0.451086564146993
mitdb_103__d6,mitdb_103,beat_detection,6,D,111011,111111,0.8064146620847652,1.0,0.1935853379152348
mitdb_103__d6,mitdb_103,beat_detection,6,E,000000,000010,0.8767123287671232,0.6848249027237354,-0.19188742604338782
mitdb_103__d6,mitdb_103,beat_detection,6,E,000001,000011,0.9971671388101983,0.9859943977591037,-0.011172741051094559
mitdb_103__d6,mitdb_103,beat_detection,6,E,000100,000110,0.8370986920332937,0.975,0.1379013079667063
mitdb_103__d6,mitdb_103,beat_detection,6,E,000101,000111,0.9564032697547684,0.9957325746799431,0.039329304925174724
mitdb_103__d6,mitdb_103,beat_detection,6,E,001000,001010,1.0,0.5083032490974729,-0.49169675090252707
mitdb_103__d6,mitdb_103,beat_detection,6,E,001001,001011,1.0,0.6698382492863939,-0.3301617507136061
mitdb_103__d6,mitdb_103,beat_detection,6,E,001100,001110,1.0,0.9957567185289957,-0.004243281471004279
mitdb_103__d6,mitdb_103,beat_detection,6,E,001101,001111,1.0,1.0,0.0
mitdb_103__d6,mitdb_103,beat_detection,6,E,010000,010010,0.8595848595848596,0.6901960784313725,-0.1693887811534871
mitdb_103__d6,mitdb_103,beat_detection,6,E,010001,010011,1.0,1.0,0.0
mitdb_103__d6,mitdb_103,beat_detection,6,E,010100,010110,0.8301886792452831,0.9763560500695411,0.146167370824258
mitdb_103__d6,mitdb_103,beat_detection,6,E,010101,010111,0.9590163934426229,0.9957325746799431,0.03671618123732023
mitdb_103__d6,mitdb_103,beat_detection,6,E,011000,011010,1.0,0.514996342355523,-0.48500365764447695
mitdb_103__d6,mitdb_103,beat_detection,6,E,011001,011011,1.0,0.8054919908466819,-0.19450800915331812
mitdb_103__d6,mitdb_103,beat_detection,6,E,011100,011110,1.0,0.9617486338797814,-0.03825136612021862
mitdb_103__d6,mitdb_103,beat_detection,6,E,011101,011111,1.0,1.0,0.0
mitdb_103__d6,mitdb_103,beat_detection,6,E,100000,100010,1.0,0.9873772791023843,-0.012622720897615736
mitdb_103__d6,mitdb_103,beat_detection,6,E,100001,100011,1.0,1.0,0.0
mitdb_103__d6,mitdb_103,beat_detection,6,E,100100,100110,1.0,1.0,0.0
mitdb_103__d6,mitdb_103,beat_detection,6,E,100101,100111,1.0,1.0,0.0
mitdb_103__d6,mitdb_103,beat_detection,6,E,101000,101010,1.0,0.5064748201438849,-0.4935251798561151
mitdb_103__d6,mitdb_103,beat_detection,6,E,101001,101011,1.0,0.6692015209125475,-0.3307984790874525
mitdb_103__d6,mitdb_103,beat_detection,6,E,101100,101110,1.0,0.9957567185289957,-0.004243281471004279
mitdb_103__d6,mitdb_103,beat_detection,6,E,101101,101111,1.0,1.0,0.0
mitdb_103__d6,mitdb_103,beat_detection,6,E,110000,110010,1.0,0.9929478138222849,-0.007052186177715081
mitdb_103__d6,mitdb_103,beat_detection,6,E,110001,110011,1.0,1.0,0.0
mitdb_103__d6,mitdb_103,beat_detection,6,E,110100,110110,1.0,1.0,0.0
mitdb_103__d6,mitdb_103,beat_detection,6,E,110101,110111,1.0,1.0,0.0
mitdb_103__d6,mitdb_103,beat_detection,6,E,111000,111010,1.0,0.5146198830409356,-0.48538011695906436
mitdb_103__d6,mitdb_103,beat_detection,6,E,111001,111011,1.0,0.8064146620847652,-0.1935853379152348
mitdb_103__d6,mitdb_103,beat_detection,6,E,111100,111110,1.0,0.9657064471879286,-0.03429355281207136
mitdb_103__d6,mitdb_103,beat_detection,6,E,111101,111111,1.0,1.0,0.0
mitdb_103__d6,mitdb_103,beat_detection,6,F,000000,000001,0.8767123287671232,0.9971671388101983,0.12045481004307501
mitdb_103__d6,mitdb_103,beat_detection,6,F,000010,000011,0.6848249027237354,0.9859943977591037,0.3011694950353683
mitdb_103__d6,mitdb_103,beat_detection,6,F,000100,000101,0.8370986920332937,0.9564032697547684,0.11930457772147474
mitdb_103__d6,mitdb_103,beat_detection,6,F,000110,000111,0.975,0.9957325746799431,0.02073257467994316
mitdb_103__d6,mitdb_103,beat_detection,6,F,001000,001001,1.0,1.0,0.0
mitdb_103__d6,mitdb_103,beat_detection,6,F,001010,001011,0.5083032490974729,0.6698382492863939,0.16153500018892097
mitdb_103__d6,mitdb_103,beat_detection,6,F,001100,001101,1.0,1.0,0.0
mitdb_103__d6,mitdb_103,beat_detection,6,F,001110,001111,0.9957567185289957,1.0,0.004243281471004279
mitdb_103__d6,mitdb_103,beat_detection,6,F,010000,010001,0.8595848595848596,1.0,0.14041514041514036
mitdb_103__d6,mitdb_103,beat_detection,6,F,010010,010011,0.6901960784313725,1.0,0.30980392156862746
mitdb_103__d6,mitdb_103,beat_detection,6,F,010100,010101,0.8301886792452831,0.9590163934426229,0.12882771419733985
mitdb_103__d6,mitdb_103,beat_detection,6,F,010110,010111,0.9763560500695411,0.9957325746799431,0.01937652461040207
mitdb_103__d6,mitdb_103,beat_detection,6,F,011000,011001,1.0,1.0,0.0
mitdb_103__d6,mitdb_103,beat_detection,6,F,011010,011011,0.514996342355523,0.8054919908466819,0.29049564849115883
mitdb_103__d6,mitdb_103,beat_detection,6,F,011100,011101,1.0,1.0,0.0
mitdb_103__d6,mitdb_103,beat_detection,6,F,011110,011111,0.9617486338797814,1.0,0.03825136612021862
mitdb_103__d6,mitdb_103,beat_detection,6,F,100000,100001,1.0,1.0,0.0
mitdb_103__d6,mitdb_103,beat_detection,6,F,100010,100011,0.9873772791023843,1.0,0.012622720897615736
mitdb_103__d6,mitdb_103,beat_detection,6,F,100100,100101,1.0,1.0,0.0
mitdb_103__d6,mitdb_103,beat_detection,6,F,100110,100111,1.0,1.0,0.0
mitdb_103__d6,mitdb_103,beat_detection,6,F,101000,101001,1.0,1.0,0.0
mitdb_103__d6,mitdb_103,beat_detection,6,F,101010,101011,0.5064748201438849,0.6692015209125475,0.16272670076866258
mitdb_103__d6,mitdb_103,beat_detection,6,F,101100,101101,1.0,1.0,0.0
mitdb_103__d6,mitdb_103,beat_detection,6,F,101110,101111,0.9957567185289957,1.0,0.004243281471004279
mitdb_103__d6,mitdb_103,beat_detection,6,F,110000,110001,1.0,1.0,0.0
mitdb_103__d6,mitdb_103,beat_detection,6,F,110010,110011,0.9929478138222849,1.0,0.007052186177715081
mitdb_103__d6,mitdb_103,beat_detection,6,F,110100,110101,1.0,1.0,0.0
mitdb_103__d6,mitdb_103,beat_detection,6,F,110110,110111,1.0,1.0,0.0
mitdb_103__d6,mitdb_103,beat_detection,6,F,111000,111001,1.0,1.0,0.0
mitdb_103__d6,mitdb_103,beat_detection,6,F,111010,111011,0.5146198830409356,0.8064146620847652,0.29179477904382956
mitdb_103__d6,mitdb_103,beat_detection,6,F,111100,111101,1.0,1.0,0.0
mitdb_103__d6,mitdb_103,beat_detection,6,F,111110,111111,0.9657064471879286,1.0,0.03429355281207136
graph_lesmis__d6,graph_lesmis,graph_link_prediction,6,A,000000,100000,0.5,0.8881199538638985,0.3881199538638985
graph_lesmis__d6,graph_lesmis,graph_link_prediction,6,A,000001,100001,0.5,0.8881199538638985,0.3881199538638985
graph_lesmis__d6,graph_lesmis,graph_link_prediction,6,A,000010,100010,0.8081507112648981,0.8927335640138409,0.08458285274894273
graph_lesmis__d6,graph_lesmis,graph_link_prediction,6,A,000011,100011,0.8081507112648981,0.893118031526336,0.08496732026143783
graph_lesmis__d6,graph_lesmis,graph_link_prediction,6,A,000100,100100,0.8961937716262975,0.8946559015763168,-0.0015378700499807385
graph_lesmis__d6,graph_lesmis,graph_link_prediction,6,A,000101,100101,0.8961937716262975,0.8954248366013072,-0.0007689350249903137
graph_lesmis__d6,graph_lesmis,graph_link_prediction,6,A,000110,100110,0.8750480584390619,0.8938869665513265,0.01883890811226463
graph_lesmis__d6,graph_lesmis,graph_link_prediction,6,A,000111,100111,0.9019607843137255,0.9011918492887352,-0.0007689350249903137
graph_lesmis__d6,graph_lesmis,graph_link_prediction,6,A,001000,101000,0.8954248366013072,0.8946559015763168,-0.0007689350249904248
graph_lesmis__d6,graph_lesmis,graph_link_prediction,6,A,001001,101001,0.8954248366013072,0.895040369088812,-0.0003844675124952124
graph_lesmis__d6,graph_lesmis,graph_link_prediction,6,A,001010,101010,0.8996539792387543,0.8988850442137639,-0.0007689350249904248
graph_lesmis__d6,graph_lesmis,graph_link_prediction,6,A,001011,101011,0.9015763168012303,0.9008073817762399,-0.0007689350249904248
graph_lesmis__d6,graph_lesmis,graph_link_prediction,6,A,001100,101100,0.8954248366013072,0.8946559015763168,-0.0007689350249904248
graph_lesmis__d6,graph_lesmis,graph_link_prediction,6,A,001101,101101,0.8961937716262975,0.8954248366013072,-0.0007689350249903137
graph_lesmis__d6,graph_lesmis,graph_link_prediction,6,A,001110,101110,0.9004229142637447,0.8988850442137639,-0.0015378700499807385
graph_lesmis__d6,graph_lesmis,graph_link_prediction,6,A,001111,101111,0.9023452518262207,0.9008073817762399,-0.0015378700499808495
graph_lesmis__d6,graph_lesmis,graph_link_prediction,6,A,010000,110000,0.8836985774702037,0.8877354863514033,0.0040369088811995635
graph_lesmis__d6,graph_lesmis,graph_link_prediction,6,A,010001,110001,0.8836985774702037,0.8877354863514033,0.0040369088811995635
graph_lesmis__d6,graph_lesmis,graph_link_prediction,6,A,010010,110010,0.8592848904267589,0.8927335640138409,0.03344867358708192
graph_lesmis__d6,graph_lesmis,graph_link_prediction,6,A,010011,110011,0.8938869665513264,0.8938869665513264,0.0
graph_lesmis__d6,graph_lesmis,graph_link_prediction,6,A,010100,110100,0.895040369088812,0.8942714340638216,-0.0007689350249904248
graph_lesmis__d6,graph_lesmis,graph_link_prediction,6,A,010101,110101,0.8954248366013072,0.895040369088812,-0.0003844675124952124
graph_lesmis__d6,graph_lesmis,graph_link_prediction,6,A,010110,110110,0.8842752787389466,0.8938869665513265,0.009611687812379865
graph_lesmis__d6,graph_lesmis,graph_link_prediction,6,A,010111,110111,0.9034986543637062,0.9015763168012303,-0.0019223375624759509
graph_lesmis__d6,graph_lesmis,graph_link_prediction,6,A,011000,111000,0.8958093041138024,0.895040369088812,-0.0007689350249904248
graph_lesmis__d6,graph_lesmis,graph_link_prediction,6,A,011001,111001,0.8938869665513264,0.8946559015763168,0.0007689350249904248
graph_lesmis__d6,graph_lesmis,graph_link_prediction,6,A,011010,111010,0.9000384467512494,0.8988850442137639,-0.0011534025374855261
graph_lesmis__d6,graph_lesmis,graph_link_prediction,6,A,011011,111011,0.9027297193387158,0.9011918492887351,-0.0015378700499807385
graph_lesmis__d6,graph_lesmis,graph_link_prediction,6,A,011100,111100,0.8958093041138024,0.895040369088812,-0.0007689350249904248
graph_lesmis__d6,graph_lesmis,graph_link_prediction,6,A,011101,111101,0.8958093041138024,0.8958093041138024,0.0
graph_lesmis__d6,graph_lesmis,graph_link_prediction,6,A,011110,111110,0.9004229142637447,0.8988850442137639,-0.0015378700499807385
graph_lesmis__d6,graph_lesmis,graph_link_prediction,6,A,011111,111111,0.9019607843137254,0.9019607843137254,0.0
graph_lesmis__d6,graph_lesmis,graph_link_prediction,6,B,000000,010000,0.5,0.8836985774702037,0.38369857747020375
graph_lesmis__d6,graph_lesmis,graph_link_prediction,6,B,000001,010001,0.5,0.8836985774702037,0.38369857747020375
graph_lesmis__d6,graph_lesmis,graph_link_prediction,6,B,000010,010010,0.8081507112648981,0.8592848904267589,0.051134179161860804
graph_lesmis__d6,graph_lesmis,graph_link_prediction,6,B,000011,010011,0.8081507112648981,0.8938869665513264,0.08573625528642825
graph_lesmis__d6,graph_lesmis,graph_link_prediction,6,B,000100,010100,0.8961937716262975,0.895040369088812,-0.0011534025374855261
graph_lesmis__d6,graph_lesmis,graph_link_prediction,6,B,000101,010101,0.8961937716262975,0.8954248366013072,-0.0007689350249903137
graph_lesmis__d6,graph_lesmis,graph_link_prediction,6,B,000110,010110,0.8750480584390619,0.8842752787389466,0.009227220299884764
graph_lesmis__d6,graph_lesmis,graph_link_prediction,6,B,000111,010111,0.9019607843137255,0.9034986543637062,0.0015378700499807385
graph_lesmis__d6,graph_lesmis,graph_link_prediction,6,B,001000,011000,0.8954248366013072,0.8958093041138024,0.0003844675124952124
graph_lesmis__d6,graph_lesmis,graph_link_prediction,6,B,001001,011001,0.8954248366013072,0.8938869665513264,-0.0015378700499808495
graph_lesmis__d6,graph_lesmis,graph_link_prediction,6,B,001010,011010,0.8996539792387543,0.9000384467512494,0.00038446751249510136
graph_lesmis__d6,graph_lesmis,graph_link_prediction,6,B,001011,011011,0.9015763168012303,0.9027297193387158,0.0011534025374855261
graph_lesmis__d6,graph_lesmis,graph_link_prediction,6,B,001100,011100,0.8954248366013072,0.8958093041138024,0.0003844675124952124
graph_lesmis__d6,graph_lesmis,graph_link_prediction,6,B,001101,011101,0.8961937716262975,0.8958093041138024,-0.00038446751249510136
graph_lesmis__d6,graph_lesmis,graph_link_prediction,6,B,001110,011110,0.9004229142637447,0.9004229142637447,0.0
graph_lesmis__d6,graph_lesmis,graph_link_prediction,6,B,001111,011111,0.9023452518262207,0.9019607843137254,-0.0003844675124953234
graph_lesmis__d6,graph_lesmis,graph_link_prediction,6,B,100000,110000,0.8881199538638985,0.8877354863514033,-0.0003844675124952124
graph_lesmis__d6,graph_lesmis,graph_link_prediction,6,B,100001,110001,0.8881199538638985,0.8877354863514033,-0.0003844675124952124
graph_lesmis__d6,graph_lesmis,graph_link_prediction,6,B,100010,110010,0.8927335640138409,0.8927335640138409,0.0
graph_lesmis__d6,graph_lesmis,graph_link_prediction,6,B,100011,110011,0.893118031526336,0.8938869665513264,0.0007689350249904248
graph_lesmis__d6,graph_lesmis,graph_link_prediction,6,B,100100,110100,0.8946559015763168,0.8942714340638216,-0.0003844675124952124
graph_lesmis__d6,graph_lesmis,graph_link_prediction,6,B,100101,110101,0.8954248366013072,0.895040369088812,-0.0003844675124952124
graph_lesmis__d6,graph_lesmis,graph_link_prediction,6,B,100110,110110,0.8938869665513265,0.8938869665513265,0.0
graph_lesmis__d6,graph_lesmis,graph_link_prediction,6,B,100111,110111,0.9011918492887352,0.9015763168012303,0.00038446751249510136
graph_lesmis__d6,graph_lesmis,graph_link_prediction,6,B,101000,111000,0.8946559015763168,0.895040369088812,0.0003844675124952124
graph_lesmis__d6,graph_lesmis,graph_link_prediction,6,B,101001,111001,0.895040369088812,0.8946559015763168,-0.0003844675124952124
graph_lesmis__d6,graph_lesmis,graph_link_prediction,6,B,101010,111010,0.8988850442137639,0.8988850442137639,0.0
graph_lesmis__d6,graph_lesmis,graph_link_prediction,6,B,101011,111011,0.9008073817762399,0.9011918492887351,0.0003844675124952124
graph_lesmis__d6,graph_lesmis,graph_link_prediction,6,B,101100,111100,0.8946559015763168,0.895040369088812,0.0003844675124952124
graph_lesmis__d6,graph_lesmis,graph_link_prediction,6,B,101101,111101,0.8954248366013072,0.8958093041138024,0.0003844675124952124
graph_lesmis__d6,graph_lesmis,graph_link_prediction,6,B,101110,111110,0.8988850442137639,0.8988850442137639,0.0
graph_lesmis__d6,graph_lesmis,graph_link_prediction,6,B,101111,111111,0.9008073817762399,0.9019607843137254,0.0011534025374855261
graph_lesmis__d6,graph_lesmis,graph_link_prediction,6,C,000000,001000,0.5,0.8954248366013072,0.39542483660130723
graph_lesmis__d6,graph_lesmis,graph_link_prediction,6,C,000001,001001,0.5,0.8954248366013072,0.39542483660130723
graph_lesmis__d6,graph_lesmis,graph_link_prediction,6,C,000010,001010,0.8081507112648981,0.8996539792387543,0.09150326797385622
graph_lesmis__d6,graph_lesmis,graph_link_prediction,6,C,000011,001011,0.8081507112648981,0.9015763168012303,0.09342560553633217
graph_lesmis__d6,graph_lesmis,graph_link_prediction,6,C,000100,001100,0.8961937716262975,0.8954248366013072,-0.0007689350249903137
graph_lesmis__d6,graph_lesmis,graph_link_prediction,6,C,000101,001101,0.8961937716262975,0.8961937716262975,0.0
graph_lesmis__d6,graph_lesmis,graph_link_prediction,6,C,000110,001110,0.8750480584390619,0.9004229142637447,0.025374855824682796
graph_lesmis__d6,graph_lesmis,graph_link_prediction,6,C,000111,001111,0.9019607843137255,0.9023452518262207,0.0003844675124952124
graph_lesmis__d6,graph_lesmis,graph_link_prediction,6,C,010000,011000,0.8836985774702037,0.8958093041138024,0.01211072664359869
graph_lesmis__d6,graph_lesmis,graph_link_prediction,6,C,010001,011001,0.8836985774702037,0.8938869665513264,0.010188389081122629
graph_lesmis__d6,graph_lesmis,graph_link_prediction,6,C,010010,011010,0.8592848904267589,0.9000384467512494,0.040753556324490514
graph_lesmis__d6,graph_lesmis,graph_link_prediction,6,C,010011,011011,0.8938869665513264,0.9027297193387158,0.00884275278738944
graph_lesmis__d6,graph_lesmis,graph_link_prediction,6,C,010100,011100,0.895040369088812,0.8958093041138024,0.0007689350249904248
graph_lesmis__d6,graph_lesmis,graph_link_prediction,6,C,010101,011101,0.8954248366013072,0.8958093041138024,0.0003844675124952124
graph_lesmis__d6,graph_lesmis,graph_link_prediction,6,C,010110,011110,0.8842752787389466,0.9004229142637447,0.016147635524798032
graph_lesmis__d6,graph_lesmis,graph_link_prediction,6,C,010111,011111,0.9034986543637062,0.9019607843137254,-0.0015378700499808495
graph_lesmis__d6,graph_lesmis,graph_link_prediction,6,C,100000,101000,0.8881199538638985,0.8946559015763168,0.006535947712418277
graph_lesmis__d6,graph_lesmis,graph_link_prediction,6,C,100001,101001,0.8881199538638985,0.895040369088812,0.00692041522491349
graph_lesmis__d6,graph_lesmis,graph_link_prediction,6,C,100010,101010,0.8927335640138409,0.8988850442137639,0.006151480199923065
graph_lesmis__d6,graph_lesmis,graph_link_prediction,6,C,100011,101011,0.893118031526336,0.9008073817762399,0.007689350249903915
graph_lesmis__d6,graph_lesmis,graph_link_prediction,6,C,100100,101100,0.8946559015763168,0.8946559015763168,0.0
graph_lesmis__d6,graph_lesmis,graph_link_prediction,6,C,100101,101101,0.8954248366013072,0.8954248366013072,0.0
graph_lesmis__d6,graph_lesmis,graph_link_prediction,6,C,100110,101110,0.8938869665513265,0.8988850442137639,0.004998077662437428
graph_lesmis__d6,graph_lesmis,graph_link_prediction,6,C,100111,101111,0.9011918492887352,0.9008073817762399,-0.0003844675124953234
graph_lesmis__d6,graph_lesmis,graph_link_prediction,6,C,110000,111000,0.8877354863514033,0.895040369088812,0.007304882737408702
graph_lesmis__d6,graph_lesmis,graph_link_prediction,6,C,110001,111001,0.8877354863514033,0.8946559015763168,0.00692041522491349
graph_lesmis__d6,graph_lesmis,graph_link_prediction,6,C,110010,111010,0.8927335640138409,0.8988850442137639,0.006151480199923065
graph_lesmis__d6,graph_lesmis,graph_link_prediction,6,C,110011,111011,0.8938869665513264,0.9011918492887351,0.007304882737408702
graph_lesmis__d6,graph_lesmis,graph_link_prediction,6,C,110100,111100,0.8942714340638216,0.895040369088812,0.0007689350249904248
graph_lesmis__d6,graph_lesmis,graph_link_prediction,6,C,110101,111101,0.895040369088812,0.8958093041138024,0.0007689350249904248
graph_lesmis__d6,graph_lesmis,graph_link_prediction,6,C,110110,111110,0.8938869665513265,0.8988850442137639,0.004998077662437428
graph_lesmis__d6,graph_lesmis,graph_link_prediction,6,C,110111,111111,0.9015763168012303,0.9019607843137254,0.00038446751249510136
graph_lesmis__d6,graph_lesmis,graph_link_prediction,6,D,000000,000100,0.5,0.8961937716262975,0.39619377162629754
graph_lesmis__d6,graph_lesmis,graph_link_prediction,6,D,000001,000101,0.5,0.8961937716262975,0.39619377162629754
graph_lesmis__d6,graph_lesmis,graph_link_prediction,6,D,000010,000110,0.8081507112648981,0.8750480584390619,0.06689734717416373
graph_lesmis__d6,graph_lesmis,graph_link_prediction,6,D,000011,000111,0.8081507112648981,0.9019607843137255,0.09381007304882738
graph_lesmis__d6,graph_lesmis,graph_link_prediction,6,D,001000,001100,0.8954248366013072,0.8954248366013072,0.0
graph_lesmis__d6,graph_lesmis,graph_link_prediction,6,D,001001,001101,0.8954248366013072,0.8961937716262975,0.0007689350249903137
graph_lesmis__d6,graph_lesmis,graph_link_prediction,6,D,001010,001110,0.8996539792387543,0.9004229142637447,0.0007689350249903137
graph_lesmis__d6,graph_lesmis,graph_link_prediction,6,D,001011,001111,0.9015763168012303,0.9023452518262207,0.0007689350249904248
graph_lesmis__d6,graph_lesmis,graph_link_prediction,6,D,010000,010100,0.8836985774702037,0.895040369088812,0.011341791618608266
graph_lesmis__d6,graph_lesmis,graph_link_prediction,6,D,010001,010101,0.8836985774702037,0.8954248366013072,0.011726259131103478
graph_lesmis__d6,graph_lesmis,graph_link_prediction,6,D,010010,010110,0.8592848904267589,0.8842752787389466,0.024990388312187695
graph_lesmis__d6,graph_lesmis,graph_link_prediction,6,D,010011,010111,0.8938869665513264,0.9034986543637062,0.009611687812379865
graph_lesmis__d6,graph_lesmis,graph_link_prediction,6,D,011000,011100,0.8958093041138024,0.8958093041138024,0.0
graph_lesmis__d6,graph_lesmis,graph_link_prediction,6,D,011001,011101,0.8938869665513264,0.8958093041138024,0.001922337562476062
graph_lesmis__d6,graph_lesmis,graph_link_prediction,6,D,011010,011110,0.9000384467512494,0.9004229142637447,0.0003844675124952124
graph_lesmis__d6,graph_lesmis,graph_link_prediction,6,D,011011,011111,0.9027297193387158,0.9019607843137254,-0.0007689350249904248
graph_lesmis__d6,graph_lesmis,graph_link_prediction,6,D,100000,100100,0.8881199538638985,0.8946559015763168,0.006535947712418277
graph_lesmis__d6,graph_lesmis,graph_link_prediction,6,D,100001,100101,0.8881199538638985,0.8954248366013072,0.007304882737408702
graph_lesmis__d6,graph_lesmis,graph_link_prediction,6,D,100010,100110,0.8927335640138409,0.8938869665513265,0.0011534025374856371
graph_lesmis__d6,graph_lesmis,graph_link_prediction,6,D,100011,100111,0.893118031526336,0.9011918492887352,0.008073817762399238
graph_lesmis__d6,graph_lesmis,graph_link_prediction,6,D,101000,101100,0.8946559015763168,0.8946559015763168,0.0
graph_lesmis__d6,graph_lesmis,graph_link_prediction,6,D,101001,101101,0.895040369088812,0.8954248366013072,0.0003844675124952124
graph_lesmis__d6,graph_lesmis,graph_link_prediction,6,D,101010,101110,0.8988850442137639,0.8988850442137639,0.0
graph_lesmis__d6,graph_lesmis,graph_link_prediction,6,D,101011,101111,0.9008073817762399,0.9008073817762399,0.0
graph_lesmis__d6,graph_lesmis,graph_link_prediction,6,D,110000,110100,0.8877354863514033,0.8942714340638216,0.006535947712418277
graph_lesmis__d6,graph_lesmis,graph_link_prediction,6,D,110001,110101,0.8877354863514033,0.895040369088812,0.007304882737408702
graph_lesmis__d6,graph_lesmis,graph_link_prediction,6,D,110010,110110,0.8927335640138409,0.8938869665513265,0.0011534025374856371
graph_lesmis__d6,graph_lesmis,graph_link_prediction,6,D,110011,110111,0.8938869665513264,0.9015763168012303,0.007689350249903915
graph_lesmis__d6,graph_lesmis,graph_link_prediction,6,D,111000,111100,0.895040369088812,0.895040369088812,0.0
graph_lesmis__d6,graph_lesmis,graph_link_prediction,6,D,111001,111101,0.8946559015763168,0.8958093041138024,0.0011534025374856371
graph_lesmis__d6,graph_lesmis,graph_link_prediction,6,D,111010,111110,0.8988850442137639,0.8988850442137639,0.0
graph_lesmis__d6,graph_lesmis,graph_link_prediction,6,D,111011,111111,0.9011918492887351,0.9019607843137254,0.0007689350249903137
graph_lesmis__d6,graph_lesmis,graph_link_prediction,6,E,000000,000010,0.5,0.8081507112648981,0.3081507112648981
graph_lesmis__d6,graph_lesmis,graph_link_prediction,6,E,000001,000011,0.5,0.8081507112648981,0.3081507112648981
graph_lesmis__d6,graph_lesmis,graph_link_prediction,6,E,000100,000110,0.8961937716262975,0.8750480584390619,-0.021145713187235682
graph_lesmis__d6,graph_lesmis,graph_link_prediction,6,E,000101,000111,0.8961937716262975,0.9019607843137255,0.005767012687427964
graph_lesmis__d6,graph_lesmis,graph_link_prediction,6,E,001000,001010,0.8954248366013072,0.8996539792387543,0.004229142637447114
graph_lesmis__d6,graph_lesmis,graph_link_prediction,6,E,001001,001011,0.8954248366013072,0.9015763168012303,0.006151480199923065
graph_lesmis__d6,graph_lesmis,graph_link_prediction,6,E,001100,001110,0.8954248366013072,0.9004229142637447,0.004998077662437428
graph_lesmis__d6,graph_lesmis,graph_link_prediction,6,E,001101,001111,0.8961937716262975,0.9023452518262207,0.006151480199923176
graph_lesmis__d6,graph_lesmis,graph_link_prediction,6,E,010000,010010,0.8836985774702037,0.8592848904267589,-0.02441368704344482
graph_lesmis__d6,graph_lesmis,graph_link_prediction,6,E,010001,010011,0.8836985774702037,0.8938869665513264,0.010188389081122629
graph_lesmis__d6,graph_lesmis,graph_link_prediction,6,E,010100,010110,0.895040369088812,0.8842752787389466,-0.010765090349865392
graph_lesmis__d6,graph_lesmis,graph_link_prediction,6,E,010101,010111,0.8954248366013072,0.9034986543637062,0.008073817762399016
graph_lesmis__d6,graph_lesmis,graph_link_prediction,6,E,011000,011010,0.8958093041138024,0.9000384467512494,0.004229142637447003
graph_lesmis__d6,graph_lesmis,graph_link_prediction,6,E,011001,011011,0.8938869665513264,0.9027297193387158,0.00884275278738944
graph_lesmis__d6,graph_lesmis,graph_link_prediction,6,E,011100,011110,0.8958093041138024,0.9004229142637447,0.0046136101499422155
graph_lesmis__d6,graph_lesmis,graph_link_prediction,6,E,011101,011111,0.8958093041138024,0.9019607843137254,0.006151480199922954
graph_lesmis__d6,graph_lesmis,graph_link_prediction,6,E,100000,100010,0.8881199538638985,0.8927335640138409,0.0046136101499423265
graph_lesmis__d6,graph_lesmis,graph_link_prediction,6,E,100001,100011,0.8881199538638985,0.893118031526336,0.004998077662437428
graph_lesmis__d6,graph_lesmis,graph_link_prediction,6,E,100100,100110,0.8946559015763168,0.8938869665513265,-0.0007689350249903137
graph_lesmis__d6,graph_lesmis,graph_link_prediction,6,E,100101,100111,0.8954248366013072,0.9011918492887352,0.005767012687427964
graph_lesmis__d6,graph_lesmis,graph_link_prediction,6,E,101000,101010,0.8946559015763168,0.8988850442137639,0.004229142637447114
graph_lesmis__d6,graph_lesmis,graph_link_prediction,6,E,101001,101011,0.895040369088812,0.9008073817762399,0.005767012687427853
graph_lesmis__d6,graph_lesmis,graph_link_prediction,6,E,101100,101110,0.8946559015763168,0.8988850442137639,0.004229142637447114
graph_lesmis__d6,graph_lesmis,graph_link_prediction,6,E,101101,101111,0.8954248366013072,0.9008073817762399,0.00538254517493264
graph_lesmis__d6,graph_lesmis,graph_link_prediction,6,E,110000,110010,0.8877354863514033,0.8927335640138409,0.004998077662437539
graph_lesmis__d6,graph_lesmis,graph_link_prediction,6,E,110001,110011,0.8877354863514033,0.8938869665513264,0.006151480199923065
graph_lesmis__d6,graph_lesmis,graph_link_prediction,6,E,110100,110110,0.8942714340638216,0.8938869665513265,-0.00038446751249510136
graph_lesmis__d6,graph_lesmis,graph_link_prediction,6,E,110101,110111,0.895040369088812,0.9015763168012303,0.006535947712418277
graph_lesmis__d6,graph_lesmis,graph_link_prediction,6,E,111000,111010,0.895040369088812,0.8988850442137639,0.0038446751249519018
graph_lesmis__d6,graph_lesmis,graph_link_prediction,6,E,111001,111011,0.8946559015763168,0.9011918492887351,0.006535947712418277
graph_lesmis__d6,graph_lesmis,graph_link_prediction,6,E,111100,111110,0.895040369088812,0.8988850442137639,0.0038446751249519018
graph_lesmis__d6,graph_lesmis,graph_link_prediction,6,E,111101,111111,0.8958093041138024,0.9019607843137254,0.006151480199922954
graph_lesmis__d6,graph_lesmis,graph_link_prediction,6,F,000000,000001,0.5,0.5,0.0
graph_lesmis__d6,graph_lesmis,graph_link_prediction,6,F,000010,000011,0.8081507112648981,0.8081507112648981,0.0
graph_lesmis__d6,graph_lesmis,graph_link_prediction,6,F,000100,000101,0.8961937716262975,0.8961937716262975,0.0
graph_lesmis__d6,graph_lesmis,graph_link_prediction,6,F,000110,000111,0.8750480584390619,0.9019607843137255,0.026912725874663646
graph_lesmis__d6,graph_lesmis,graph_link_prediction,6,F,001000,001001,0.8954248366013072,0.8954248366013072,0.0
graph_lesmis__d6,graph_lesmis,graph_link_prediction,6,F,001010,001011,0.8996539792387543,0.9015763168012303,0.0019223375624759509
graph_lesmis__d6,graph_lesmis,graph_link_prediction,6,F,001100,001101,0.8954248366013072,0.8961937716262975,0.0007689350249903137
graph_lesmis__d6,graph_lesmis,graph_link_prediction,6,F,001110,001111,0.9004229142637447,0.9023452518262207,0.001922337562476062
graph_lesmis__d6,graph_lesmis,graph_link_prediction,6,F,010000,010001,0.8836985774702037,0.8836985774702037,0.0
graph_lesmis__d6,graph_lesmis,graph_link_prediction,6,F,010010,010011,0.8592848904267589,0.8938869665513264,0.03460207612456745
graph_lesmis__d6,graph_lesmis,graph_link_prediction,6,F,010100,010101,0.895040369088812,0.8954248366013072,0.0003844675124952124
graph_lesmis__d6,graph_lesmis,graph_link_prediction,6,F,010110,010111,0.8842752787389466,0.9034986543637062,0.01922337562475962
graph_lesmis__d6,graph_lesmis,graph_link_prediction,6,F,011000,011001,0.8958093041138024,0.8938869665513264,-0.001922337562476062
graph_lesmis__d6,graph_lesmis,graph_link_prediction,6,F,011010,011011,0.9000384467512494,0.9027297193387158,0.0026912725874663757
graph_lesmis__d6,graph_lesmis,graph_link_prediction,6,F,011100,011101,0.8958093041138024,0.8958093041138024,0.0
graph_lesmis__d6,graph_lesmis,graph_link_prediction,6,F,011110,011111,0.9004229142637447,0.9019607843137254,0.0015378700499807385
graph_lesmis__d6,graph_lesmis,graph_link_prediction,6,F,100000,100001,0.8881199538638985,0.8881199538638985,0.0
graph_lesmis__d6,graph_lesmis,graph_link_prediction,6,F,100010,100011,0.8927335640138409,0.893118031526336,0.00038446751249510136
graph_lesmis__d6,graph_lesmis,graph_link_prediction,6,F,100100,100101,0.8946559015763168,0.8954248366013072,0.0007689350249904248
graph_lesmis__d6,graph_lesmis,graph_link_prediction,6,F,100110,100111,0.8938869665513265,0.9011918492887352,0.007304882737408702
graph_lesmis__d6,graph_lesmis,graph_link_prediction,6,F,101000,101001,0.8946559015763168,0.895040369088812,0.0003844675124952124
graph_lesmis__d6,graph_lesmis,graph_link_prediction,6,F,101010,101011,0.8988850442137639,0.9008073817762399,0.0019223375624759509
graph_lesmis__d6,graph_lesmis,graph_link_prediction,6,F,101100,101101,0.8946559015763168,0.8954248366013072,0.0007689350249904248
graph_lesmis__d6,graph_lesmis,graph_link_prediction,6,F,101110,101111,0.8988850442137639,0.9008073817762399,0.0019223375624759509
graph_lesmis__d6,graph_lesmis,graph_link_prediction,6,F,110000,110001,0.8877354863514033,0.8877354863514033,0.0
graph_lesmis__d6,graph_lesmis,graph_link_prediction,6,F,110010,110011,0.8927335640138409,0.8938869665513264,0.0011534025374855261
graph_lesmis__d6,graph_lesmis,graph_link_prediction,6,F,110100,110101,0.8942714340638216,0.895040369088812,0.0007689350249904248
graph_lesmis__d6,graph_lesmis,graph_link_prediction,6,F,110110,110111,0.8938869665513265,0.9015763168012303,0.0076893502499038036
graph_lesmis__d6,graph_lesmis,graph_link_prediction,6,F,111000,111001,0.895040369088812,0.8946559015763168,-0.0003844675124952124
graph_lesmis__d6,graph_lesmis,graph_link_prediction,6,F,111010,111011,0.8988850442137639,0.9011918492887351,0.0023068050749711633
graph_lesmis__d6,graph_lesmis,graph_link_prediction,6,F,111100,111101,0.895040369088812,0.8958093041138024,0.0007689350249904248
graph_lesmis__d6,graph_lesmis,graph_link_prediction,6,F,111110,111111,0.8988850442137639,0.9019607843137254,0.003075740099961477
graph_adjnoun__d6,graph_adjnoun,graph_link_prediction,6,A,000000,100000,0.5,0.6416608996539792,0.1416608996539792
graph_adjnoun__d6,graph_adjnoun,graph_link_prediction,6,A,000001,100001,0.5,0.6416608996539792,0.1416608996539792
graph_adjnoun__d6,graph_adjnoun,graph_link_prediction,6,A,000010,100010,0.7433217993079584,0.7469204152249136,0.0035986159169552057
graph_adjnoun__d6,graph_adjnoun,graph_link_prediction,6,A,000011,100011,0.7433217993079584,0.745121107266436,0.0017993079584776028
graph_adjnoun__d6,graph_adjnoun,graph_link_prediction,6,A,000100,100100,0.6401384083044982,0.6414532871972318,0.0013148788927336286
graph_adjnoun__d6,graph_adjnoun,graph_link_prediction,6,A,000101,100101,0.6401384083044982,0.6411764705882352,0.0010380622837370401
graph_adjnoun__d6,graph_adjnoun,graph_link_prediction,6,A,000110,100110,0.7444290657439446,0.7444290657439447,1.1102230246251565e-16
graph_adjnoun__d6,graph_adjnoun,graph_link_prediction,6,A,000111,100111,0.7402768166089965,0.7382006920415225,-0.0020761245674739692
graph_adjnoun__d6,graph_adjnoun,graph_link_prediction,6,A,001000,101000,0.6417301038062283,0.6414532871972318,-0.0002768166089964774
graph_adjnoun__d6,graph_adjnoun,graph_link_prediction,6,A,001001,101001,0.6417301038062283,0.6414532871972318,-0.0002768166089964774
graph_adjnoun__d6,graph_adjnoun,graph_link_prediction,6,A,001010,101010,0.7417993079584775,0.7422145328719723,0.00041522491349477164
graph_adjnoun__d6,graph_adjnoun,graph_link_prediction,6,A,001011,101011,0.7422145328719723,0.7398615916955018,-0.0023529411764704466
graph_adjnoun__d6,graph_adjnoun,graph_link_prediction,6,A,001100,101100,0.6417301038062283,0.6414532871972318,-0.0002768166089964774
graph_adjnoun__d6,graph_adjnoun,graph_link_prediction,6,A,001101,101101,0.6414532871972318,0.6411764705882352,-0.00027681660899658844
graph_adjnoun__d6,graph_adjnoun,graph_link_prediction,6,A,001110,101110,0.7417993079584775,0.7423529411764707,0.0005536332179931769
graph_adjnoun__d6,graph_adjnoun,graph_link_prediction,6,A,001111,101111,0.740553633217993,0.7386159169550173,-0.001937716262975675
graph_adjnoun__d6,graph_adjnoun,graph_link_prediction,6,A,010000,110000,0.6279584775086505,0.6460899653979237,0.018131487889273212
graph_adjnoun__d6,graph_adjnoun,graph_link_prediction,6,A,010001,110001,0.6279584775086505,0.6476124567474049,0.019653979238754338
graph_adjnoun__d6,graph_adjnoun,graph_link_prediction,6,A,010010,110010,0.7439446366782007,0.7469896193771627,0.0030449826989620288
graph_adjnoun__d6,graph_adjnoun,graph_link_prediction,6,A,010011,110011,0.7465743944636678,0.7435294117647059,-0.0030449826989619178
graph_adjnoun__d6,graph_adjnoun,graph_link_prediction,6,A,010100,110100,0.6365397923875432,0.6449826989619377,0.008442906574394504
graph_adjnoun__d6,graph_adjnoun,graph_link_prediction,6,A,010101,110101,0.6312802768166089,0.6693425605536332,0.03806228373702425
graph_adjnoun__d6,graph_adjnoun,graph_link_prediction,6,A,010110,110110,0.7442906574394463,0.7444290657439447,0.00013840830449840524
graph_adjnoun__d6,graph_adjnoun,graph_link_prediction,6,A,010111,110111,0.7333564013840831,0.7340484429065743,0.0006920415224912491
graph_adjnoun__d6,graph_adjnoun,graph_link_prediction,6,A,011000,111000,0.6419377162629758,0.6423529411764706,0.00041522491349477164
graph_adjnoun__d6,graph_adjnoun,graph_link_prediction,6,A,011001,111001,0.6574394463667819,0.6690657439446366,0.011626297577854716
graph_adjnoun__d6,graph_adjnoun,graph_link_prediction,6,A,011010,111010,0.7427681660899653,0.742076124567474,-0.0006920415224913601
graph_adjnoun__d6,graph_adjnoun,graph_link_prediction,6,A,011011,111011,0.7329411764705882,0.7350173010380623,0.0020761245674740803
graph_adjnoun__d6,graph_adjnoun,graph_link_prediction,6,A,011100,111100,0.6419377162629758,0.6422145328719723,0.0002768166089964774
graph_adjnoun__d6,graph_adjnoun,graph_link_prediction,6,A,011101,111101,0.6550865051903113,0.6693425605536332,0.014256055363321862
graph_adjnoun__d6,graph_adjnoun,graph_link_prediction,6,A,011110,111110,0.7415224913494809,0.742076124567474,0.0005536332179930659
graph_adjnoun__d6,graph_adjnoun,graph_link_prediction,6,A,011111,111111,0.7325259515570934,0.7340484429065743,0.0015224913494809034
graph_adjnoun__d6,graph_adjnoun,graph_link_prediction,6,B,000000,010000,0.5,0.6279584775086505,0.12795847750865053
graph_adjnoun__d6,graph_adjnoun,graph_link_prediction,6,B,000001,010001,0.5,0.6279584775086505,0.12795847750865053
graph_adjnoun__d6,graph_adjnoun,graph_link_prediction,6,B,000010,010010,0.7433217993079584,0.7439446366782007,0.0006228373702422685
graph_adjnoun__d6,graph_adjnoun,graph_link_prediction,6,B,000011,010011,0.7433217993079584,0.7465743944636678,0.0032525951557094146
graph_adjnoun__d6,graph_adjnoun,graph_link_prediction,6,B,000100,010100,0.6401384083044982,0.6365397923875432,-0.0035986159169549836
graph_adjnoun__d6,graph_adjnoun,graph_link_prediction,6,B,000101,010101,0.6401384083044982,0.6312802768166089,-0.008858131487889276
graph_adjnoun__d6,graph_adjnoun,graph_link_prediction,6,B,000110,010110,0.7444290657439446,0.7442906574394463,-0.00013840830449829422
graph_adjnoun__d6,graph_adjnoun,graph_link_prediction,6,B,000111,010111,0.7402768166089965,0.7333564013840831,-0.006920415224913379
graph_adjnoun__d6,graph_adjnoun,graph_link_prediction,6,B,001000,011000,0.6417301038062283,0.6419377162629758,0.00020761245674749684
graph_adjnoun__d6,graph_adjnoun,graph_link_prediction,6,B,001001,011001,0.6417301038062283,0.6574394463667819,0.015709342560553563
graph_adjnoun__d6,graph_adjnoun,graph_link_prediction,6,B,001010,011010,0.7417993079584775,0.7427681660899653,0.0009688581314878375
graph_adjnoun__d6,graph_adjnoun,graph_link_prediction,6,B,001011,011011,0.7422145328719723,0.7329411764705882,-0.009273356401384047
graph_adjnoun__d6,graph_adjnoun,graph_link_prediction,6,B,001100,011100,0.6417301038062283,0.6419377162629758,0.00020761245674749684
graph_adjnoun__d6,graph_adjnoun,graph_link_prediction,6,B,001101,011101,0.6414532871972318,0.6550865051903113,0.013633217993079483
graph_adjnoun__d6,graph_adjnoun,graph_link_prediction,6,B,001110,011110,0.7417993079584775,0.7415224913494809,-0.00027681660899658844
graph_adjnoun__d6,graph_adjnoun,graph_link_prediction,6,B,001111,011111,0.740553633217993,0.7325259515570934,-0.00802768166089951
graph_adjnoun__d6,graph_adjnoun,graph_link_prediction,6,B,100000,110000,0.6416608996539792,0.6460899653979237,0.004429065743944527
graph_adjnoun__d6,graph_adjnoun,graph_link_prediction,6,B,100001,110001,0.6416608996539792,0.6476124567474049,0.005951557093425652
graph_adjnoun__d6,graph_adjnoun,graph_link_prediction,6,B,100010,110010,0.7469204152249136,0.7469896193771627,6.92041522490916e-05
graph_adjnoun__d6,graph_adjnoun,graph_link_prediction,6,B,100011,110011,0.745121107266436,0.7435294117647059,-0.001591695501730106
graph_adjnoun__d6,graph_adjnoun,graph_link_prediction,6,B,100100,110100,0.6414532871972318,0.6449826989619377,0.003529411764705892
graph_adjnoun__d6,graph_adjnoun,graph_link_prediction,6,B,100101,110101,0.6411764705882352,0.6693425605536332,0.028166089965397934
graph_adjnoun__d6,graph_adjnoun,graph_link_prediction,6,B,100110,110110,0.7444290657439447,0.7444290657439447,0.0
graph_adjnoun__d6,graph_adjnoun,graph_link_prediction,6,B,100111,110111,0.7382006920415225,0.7340484429065743,-0.0041522491349481605
graph_adjnoun__d6,graph_adjnoun,graph_link_prediction,6,B,101000,111000,0.6414532871972318,0.6423529411764706,0.0008996539792387459
graph_adjnoun__d6,graph_adjnoun,graph_link_prediction,6,B,101001,111001,0.6414532871972318,0.6690657439446366,0.027612456747404757
graph_adjnoun__d6,graph_adjnoun,graph_link_prediction,6,B,101010,111010,0.7422145328719723,0.742076124567474,-0.00013840830449829422
graph_adjnoun__d6,graph_adjnoun,graph_link_prediction,6,B,101011,111011,0.7398615916955018,0.7350173010380623,-0.004844290657439521
graph_adjnoun__d6,graph_adjnoun,graph_link_prediction,6,B,101100,111100,0.6414532871972318,0.6422145328719723,0.0007612456747404517
graph_adjnoun__d6,graph_adjnoun,graph_link_prediction,6,B,101101,111101,0.6411764705882352,0.6693425605536332,0.028166089965397934
graph_adjnoun__d6,graph_adjnoun,graph_link_prediction,6,B,101110,111110,0.7423529411764707,0.742076124567474,-0.00027681660899669946
graph_adjnoun__d6,graph_adjnoun,graph_link_prediction,6,B,101111,111111,0.7386159169550173,0.7340484429065743,-0.004567474048442932
graph_adjnoun__d6,graph_adjnoun,graph_link_prediction,6,C,000000,001000,0.5,0.6417301038062283,0.1417301038062283
graph_adjnoun__d6,graph_adjnoun,graph_link_prediction,6,C,000001,001001,0.5,0.6417301038062283,0.1417301038062283
graph_adjnoun__d6,graph_adjnoun,graph_link_prediction,6,C,000010,001010,0.7433217993079584,0.7417993079584775,-0.0015224913494809034
graph_adjnoun__d6,graph_adjnoun,graph_link_prediction,6,C,000011,001011,0.7433217993079584,0.7422145328719723,-0.0011072664359861317
graph_adjnoun__d6,graph_adjnoun,graph_link_prediction,6,C,000100,001100,0.6401384083044982,0.6417301038062283,0.001591695501730106
graph_adjnoun__d6,graph_adjnoun,graph_link_prediction,6,C,000101,001101,0.6401384083044982,0.6414532871972318,0.0013148788927336286
graph_adjnoun__d6,graph_adjnoun,graph_link_prediction,6,C,000110,001110,0.7444290657439446,0.7417993079584775,-0.002629757785467146
graph_adjnoun__d6,graph_adjnoun,graph_link_prediction,6,C,000111,001111,0.7402768166089965,0.740553633217993,0.0002768166089964774
graph_adjnoun__d6,graph_adjnoun,graph_link_prediction,6,C,010000,011000,0.6279584775086505,0.6419377162629758,0.013979238754325274
graph_adjnoun__d6,graph_adjnoun,graph_link_prediction,6,C,010001,011001,0.6279584775086505,0.6574394463667819,0.02948096885813134
graph_adjnoun__d6,graph_adjnoun,graph_link_prediction,6,C,010010,011010,0.7439446366782007,0.7427681660899653,-0.0011764705882353343
graph_adjnoun__d6,graph_adjnoun,graph_link_prediction,6,C,010011,011011,0.7465743944636678,0.7329411764705882,-0.013633217993079594
graph_adjnoun__d6,graph_adjnoun,graph_link_prediction,6,C,010100,011100,0.6365397923875432,0.6419377162629758,0.0053979238754325864
graph_adjnoun__d6,graph_adjnoun,graph_link_prediction,6,C,010101,011101,0.6312802768166089,0.6550865051903113,0.023806228373702387
graph_adjnoun__d6,graph_adjnoun,graph_link_prediction,6,C,010110,011110,0.7442906574394463,0.7415224913494809,-0.0027681660899654403
graph_adjnoun__d6,graph_adjnoun,graph_link_prediction,6,C,010111,011111,0.7333564013840831,0.7325259515570934,-0.0008304498269896543
graph_adjnoun__d6,graph_adjnoun,graph_link_prediction,6,C,100000,101000,0.6416608996539792,0.6414532871972318,-0.00020761245674738582
graph_adjnoun__d6,graph_adjnoun,graph_link_prediction,6,C,100001,101001,0.6416608996539792,0.6414532871972318,-0.00020761245674738582
graph_adjnoun__d6,graph_adjnoun,graph_link_prediction,6,C,100010,101010,0.7469204152249136,0.7422145328719723,-0.004705882352941337
graph_adjnoun__d6,graph_adjnoun,graph_link_prediction,6,C,100011,101011,0.745121107266436,0.7398615916955018,-0.005259515570934181
graph_adjnoun__d6,graph_adjnoun,graph_link_prediction,6,C,100100,101100,0.6414532871972318,0.6414532871972318,0.0
graph_adjnoun__d6,graph_adjnoun,graph_link_prediction,6,C,100101,101101,0.6411764705882352,0.6411764705882352,0.0
graph_adjnoun__d6,graph_adjnoun,graph_link_prediction,6,C,100110,101110,0.7444290657439447,0.7423529411764707,-0.0020761245674740803
graph_adjnoun__d6,graph_adjnoun,graph_link_prediction,6,C,100111,101111,0.7382006920415225,0.7386159169550173,0.00041522491349477164
graph_adjnoun__d6,graph_adjnoun,graph_link_prediction,6,C,110000,111000,0.6460899653979237,0.6423529411764706,-0.003737024221453167
graph_adjnoun__d6,graph_adjnoun,graph_link_prediction,6,C,110001,111001,0.6476124567474049,0.6690657439446366,0.02145328719723172
graph_adjnoun__d6,graph_adjnoun,graph_link_prediction,6,C,110010,111010,0.7469896193771627,0.742076124567474,-0.004913494809688723
graph_adjnoun__d6,graph_adjnoun,graph_link_prediction,6,C,110011,111011,0.7435294117647059,0.7350173010380623,-0.008512110726643596
graph_adjnoun__d6,graph_adjnoun,graph_link_prediction,6,C,110100,111100,0.6449826989619377,0.6422145328719723,-0.0027681660899654403
graph_adjnoun__d6,graph_adjnoun,graph_link_prediction,6,C,110101,111101,0.6693425605536332,0.6693425605536332,0.0
graph_adjnoun__d6,graph_adjnoun,graph_link_prediction,6,C,110110,111110,0.7444290657439447,0.742076124567474,-0.0023529411764707797
graph_adjnoun__d6,graph_adjnoun,graph_link_prediction,6,C,110111,111111,0.7340484429065743,0.7340484429065743,0.0
graph_adjnoun__d6,graph_adjnoun,graph_link_prediction,6,D,000000,000100,0.5,0.6401384083044982,0.1401384083044982
graph_adjnoun__d6,graph_adjnoun,graph_link_prediction,6,D,000001,000101,0.5,0.6401384083044982,0.1401384083044982
graph_adjnoun__d6,graph_adjnoun,graph_link_prediction,6,D,000010,000110,0.7433217993079584,0.7444290657439446,0.0011072664359862427
graph_adjnoun__d6,graph_adjnoun,graph_link_prediction,6,D,000011,000111,0.7433217993079584,0.7402768166089965,-0.0030449826989619178
graph_adjnoun__d6,graph_adjnoun,graph_link_prediction,6,D,001000,001100,0.6417301038062283,0.6417301038062283,0.0
graph_adjnoun__d6,graph_adjnoun,graph_link_prediction,6,D,001001,001101,0.6417301038062283,0.6414532871972318,-0.0002768166089964774
graph_adjnoun__d6,graph_adjnoun,graph_link_prediction,6,D,001010,001110,0.7417993079584775,0.7417993079584775,0.0
graph_adjnoun__d6,graph_adjnoun,graph_link_prediction,6,D,001011,001111,0.7422145328719723,0.740553633217993,-0.0016608996539793086
graph_adjnoun__d6,graph_adjnoun,graph_link_prediction,6,D,010000,010100,0.6279584775086505,0.6365397923875432,0.008581314878892687
graph_adjnoun__d6,graph_adjnoun,graph_link_prediction,6,D,010001,010101,0.6279584775086505,0.6312802768166089,0.003321799307958395
graph_adjnoun__d6,graph_adjnoun,graph_link_prediction,6,D,010010,010110,0.7439446366782007,0.7442906574394463,0.00034602076124568004
graph_adjnoun__d6,graph_adjnoun,graph_link_prediction,6,D,010011,010111,0.7465743944636678,0.7333564013840831,-0.013217993079584711
graph_adjnoun__d6,graph_adjnoun,graph_link_prediction,6,D,011000,011100,0.6419377162629758,0.6419377162629758,0.0
graph_adjnoun__d6,graph_adjnoun,graph_link_prediction,6,D,011001,011101,0.6574394463667819,0.6550865051903113,-0.0023529411764705577
graph_adjnoun__d6,graph_adjnoun,graph_link_prediction,6,D,011010,011110,0.7427681660899653,0.7415224913494809,-0.001245674740484426
graph_adjnoun__d6,graph_adjnoun,graph_link_prediction,6,D,011011,011111,0.7329411764705882,0.7325259515570934,-0.00041522491349477164
graph_adjnoun__d6,graph_adjnoun,graph_link_prediction,6,D,100000,100100,0.6416608996539792,0.6414532871972318,-0.00020761245674738582
graph_adjnoun__d6,graph_adjnoun,graph_link_prediction,6,D,100001,100101,0.6416608996539792,0.6411764705882352,-0.00048442906574397426
graph_adjnoun__d6,graph_adjnoun,graph_link_prediction,6,D,100010,100110,0.7469204152249136,0.7444290657439447,-0.002491349480968852
graph_adjnoun__d6,graph_adjnoun,graph_link_prediction,6,D,100011,100111,0.745121107266436,0.7382006920415225,-0.00692041522491349
graph_adjnoun__d6,graph_adjnoun,graph_link_prediction,6,D,101000,101100,0.6414532871972318,0.6414532871972318,0.0
graph_adjnoun__d6,graph_adjnoun,graph_link_prediction,6,D,101001,101101,0.6414532871972318,0.6411764705882352,-0.00027681660899658844
graph_adjnoun__d6,graph_adjnoun,graph_link_prediction,6,D,101010,101110,0.7422145328719723,0.7423529411764707,0.00013840830449840524
graph_adjnoun__d6,graph_adjnoun,graph_link_prediction,6,D,101011,101111,0.7398615916955018,0.7386159169550173,-0.001245674740484537
graph_adjnoun__d6,graph_adjnoun,graph_link_prediction,6,D,110000,110100,0.6460899653979237,0.6449826989619377,-0.0011072664359860207
graph_adjnoun__d6,graph_adjnoun,graph_link_prediction,6,D,110001,110101,0.6476124567474049,0.6693425605536332,0.021730103806228307
graph_adjnoun__d6,graph_adjnoun,graph_link_prediction,6,D,110010,110110,0.7469896193771627,0.7444290657439447,-0.0025605536332179435
graph_adjnoun__d6,graph_adjnoun,graph_link_prediction,6,D,110011,110111,0.7435294117647059,0.7340484429065743,-0.009480968858131544
graph_adjnoun__d6,graph_adjnoun,graph_link_prediction,6,D,111000,111100,0.6423529411764706,0.6422145328719723,-0.00013840830449829422
graph_adjnoun__d6,graph_adjnoun,graph_link_prediction,6,D,111001,111101,0.6690657439446366,0.6693425605536332,0.00027681660899658844
graph_adjnoun__d6,graph_adjnoun,graph_link_prediction,6,D,111010,111110,0.742076124567474,0.742076124567474,0.0
graph_adjnoun__d6,graph_adjnoun,graph_link_prediction,6,D,111011,111111,0.7350173010380623,0.7340484429065743,-0.0009688581314879485
graph_adjnoun__d6,graph_adjnoun,graph_link_prediction,6,E,000000,000010,0.5,0.7433217993079584,0.2433217993079584
graph_adjnoun__d6,graph_adjnoun,graph_link_prediction,6,E,000001,000011,0.5,0.7433217993079584,0.2433217993079584
graph_adjnoun__d6,graph_adjnoun,graph_link_prediction,6,E,000100,000110,0.6401384083044982,0.7444290657439446,0.10429065743944643
graph_adjnoun__d6,graph_adjnoun,graph_link_prediction,6,E,000101,000111,0.6401384083044982,0.7402768166089965,0.10013840830449827
graph_adjnoun__d6,graph_adjnoun,graph_link_prediction,6,E,001000,001010,0.6417301038062283,0.7417993079584775,0.10006920415224918
graph_adjnoun__d6,graph_adjnoun,graph_link_prediction,6,E,001001,001011,0.6417301038062283,0.7422145328719723,0.10048442906574395
graph_adjnoun__d6,graph_adjnoun,graph_link_prediction,6,E,001100,001110,0.6417301038062283,0.7417993079584775,0.10006920415224918
graph_adjnoun__d6,graph_adjnoun,graph_link_prediction,6,E,001101,001111,0.6414532871972318,0.740553633217993,0.09910034602076112
graph_adjnoun__d6,graph_adjnoun,graph_link_prediction,6,E,010000,010010,0.6279584775086505,0.7439446366782007,0.11598615916955013
graph_adjnoun__d6,graph_adjnoun,graph_link_prediction,6,E,010001,010011,0.6279584775086505,0.7465743944636678,0.11861591695501728
graph_adjnoun__d6,graph_adjnoun,graph_link_prediction,6,E,010100,010110,0.6365397923875432,0.7442906574394463,0.10775086505190312
graph_adjnoun__d6,graph_adjnoun,graph_link_prediction,6,E,010101,010111,0.6312802768166089,0.7333564013840831,0.10207612456747417
graph_adjnoun__d6,graph_adjnoun,graph_link_prediction,6,E,011000,011010,0.6419377162629758,0.7427681660899653,0.10083044982698952
graph_adjnoun__d6,graph_adjnoun,graph_link_prediction,6,E,011001,011011,0.6574394463667819,0.7329411764705882,0.07550173010380634
graph_adjnoun__d6,graph_adjnoun,graph_link_prediction,6,E,011100,011110,0.6419377162629758,0.7415224913494809,0.0995847750865051
graph_adjnoun__d6,graph_adjnoun,graph_link_prediction,6,E,011101,011111,0.6550865051903113,0.7325259515570934,0.07743944636678213
graph_adjnoun__d6,graph_adjnoun,graph_link_prediction,6,E,100000,100010,0.6416608996539792,0.7469204152249136,0.10525951557093438
graph_adjnoun__d6,graph_adjnoun,graph_link_prediction,6,E,100001,100011,0.6416608996539792,0.745121107266436,0.10346020761245678
graph_adjnoun__d6,graph_adjnoun,graph_link_prediction,6,E,100100,100110,0.6414532871972318,0.7444290657439447,0.10297577854671291
graph_adjnoun__d6,graph_adjnoun,graph_link_prediction,6,E,100101,100111,0.6411764705882352,0.7382006920415225,0.09702422145328726
graph_adjnoun__d6,graph_adjnoun,graph_link_prediction,6,E,101000,101010,0.6414532871972318,0.7422145328719723,0.10076124567474043
graph_adjnoun__d6,graph_adjnoun,graph_link_prediction,6,E,101001,101011,0.6414532871972318,0.7398615916955018,0.09840830449826998
graph_adjnoun__d6,graph_adjnoun,graph_link_prediction,6,E,101100,101110,0.6414532871972318,0.7423529411764707,0.10089965397923883
graph_adjnoun__d6,graph_adjnoun,graph_link_prediction,6,E,101101,101111,0.6411764705882352,0.7386159169550173,0.09743944636678203
graph_adjnoun__d6,graph_adjnoun,graph_link_prediction,6,E,110000,110010,0.6460899653979237,0.7469896193771627,0.10089965397923895
graph_adjnoun__d6,graph_adjnoun,graph_link_prediction,6,E,110001,110011,0.6476124567474049,0.7435294117647059,0.09591695501730102
graph_adjnoun__d6,graph_adjnoun,graph_link_prediction,6,E,110100,110110,0.6449826989619377,0.7444290657439447,0.09944636678200702
graph_adjnoun__d6,graph_adjnoun,graph_link_prediction,6,E,110101,110111,0.6693425605536332,0.7340484429065743,0.06470588235294117
graph_adjnoun__d6,graph_adjnoun,graph_link_prediction,6,E,111000,111010,0.6423529411764706,0.742076124567474,0.09972318339100339
graph_adjnoun__d6,graph_adjnoun,graph_link_prediction,6,E,111001,111011,0.6690657439446366,0.7350173010380623,0.0659515570934257
graph_adjnoun__d6,graph_adjnoun,graph_link_prediction,6,E,111100,111110,0.6422145328719723,0.742076124567474,0.09986159169550168
graph_adjnoun__d6,graph_adjnoun,graph_link_prediction,6,E,111101,111111,0.6693425605536332,0.7340484429065743,0.06470588235294117
graph_adjnoun__d6,graph_adjnoun,graph_link_prediction,6,F,000000,000001,0.5,0.5,0.0
graph_adjnoun__d6,graph_adjnoun,graph_link_prediction,6,F,000010,000011,0.7433217993079584,0.7433217993079584,0.0
graph_adjnoun__d6,graph_adjnoun,graph_link_prediction,6,F,000100,000101,0.6401384083044982,0.6401384083044982,0.0
graph_adjnoun__d6,graph_adjnoun,graph_link_prediction,6,F,000110,000111,0.7444290657439446,0.7402768166089965,-0.0041522491349481605
graph_adjnoun__d6,graph_adjnoun,graph_link_prediction,6,F,001000,001001,0.6417301038062283,0.6417301038062283,0.0
graph_adjnoun__d6,graph_adjnoun,graph_link_prediction,6,F,001010,001011,0.7417993079584775,0.7422145328719723,0.00041522491349477164
graph_adjnoun__d6,graph_adjnoun,graph_link_prediction,6,F,001100,001101,0.6417301038062283,0.6414532871972318,-0.0002768166089964774
graph_adjnoun__d6,graph_adjnoun,graph_link_prediction,6,F,001110,001111,0.7417993079584775,0.740553633217993,-0.001245674740484537
graph_adjnoun__d6,graph_adjnoun,graph_link_prediction,6,F,010000,010001,0.6279584775086505,0.6279584775086505,0.0
graph_adjnoun__d6,graph_adjnoun,graph_link_prediction,6,F,010010,010011,0.7439446366782007,0.7465743944636678,0.002629757785467146
graph_adjnoun__d6,graph_adjnoun,graph_link_prediction,6,F,010100,010101,0.6365397923875432,0.6312802768166089,-0.005259515570934292
graph_adjnoun__d6,graph_adjnoun,graph_link_prediction,6,F,010110,010111,0.7442906574394463,0.7333564013840831,-0.010934256055363245
graph_adjnoun__d6,graph_adjnoun,graph_link_prediction,6,F,011000,011001,0.6419377162629758,0.6574394463667819,0.015501730103806066
graph_adjnoun__d6,graph_adjnoun,graph_link_prediction,6,F,011010,011011,0.7427681660899653,0.7329411764705882,-0.009826989619377113
graph_adjnoun__d6,graph_adjnoun,graph_link_prediction,6,F,011100,011101,0.6419377162629758,0.6550865051903113,0.013148788927335509
graph_adjnoun__d6,graph_adjnoun,graph_link_prediction,6,F,011110,011111,0.7415224913494809,0.7325259515570934,-0.008996539792387459
graph_adjnoun__d6,graph_adjnoun,graph_link_prediction,6,F,100000,100001,0.6416608996539792,0.6416608996539792,0.0
graph_adjnoun__d6,graph_adjnoun,graph_link_prediction,6,F,100010,100011,0.7469204152249136,0.745121107266436,-0.0017993079584776028
graph_adjnoun__d6,graph_adjnoun,graph_link_prediction,6,F,100100,100101,0.6414532871972318,0.6411764705882352,-0.00027681660899658844
graph_adjnoun__d6,graph_adjnoun,graph_link_prediction,6,F,100110,100111,0.7444290657439447,0.7382006920415225,-0.006228373702422241
graph_adjnoun__d6,graph_adjnoun,graph_link_prediction,6,F,101000,101001,0.6414532871972318,0.6414532871972318,0.0
graph_adjnoun__d6,graph_adjnoun,graph_link_prediction,6,F,101010,101011,0.7422145328719723,0.7398615916955018,-0.0023529411764704466
graph_adjnoun__d6,graph_adjnoun,graph_link_prediction,6,F,101100,101101,0.6414532871972318,0.6411764705882352,-0.00027681660899658844
graph_adjnoun__d6,graph_adjnoun,graph_link_prediction,6,F,101110,101111,0.7423529411764707,0.7386159169550173,-0.003737024221453389
graph_adjnoun__d6,graph_adjnoun,graph_link_prediction,6,F,110000,110001,0.6460899653979237,0.6476124567474049,0.0015224913494811254
graph_adjnoun__d6,graph_adjnoun,graph_link_prediction,6,F,110010,110011,0.7469896193771627,0.7435294117647059,-0.0034602076124568004
graph_adjnoun__d6,graph_adjnoun,graph_link_prediction,6,F,110100,110101,0.6449826989619377,0.6693425605536332,0.024359861591695453
graph_adjnoun__d6,graph_adjnoun,graph_link_prediction,6,F,110110,110111,0.7444290657439447,0.7340484429065743,-0.010380622837370401
graph_adjnoun__d6,graph_adjnoun,graph_link_prediction,6,F,111000,111001,0.6423529411764706,0.6690657439446366,0.02671280276816601
graph_adjnoun__d6,graph_adjnoun,graph_link_prediction,6,F,111010,111011,0.742076124567474,0.7350173010380623,-0.007058823529411673
graph_adjnoun__d6,graph_adjnoun,graph_link_prediction,6,F,111100,111101,0.6422145328719723,0.6693425605536332,0.027128027681660893
graph_adjnoun__d6,graph_adjnoun,graph_link_prediction,6,F,111110,111111,0.742076124567474,0.7340484429065743,-0.008027681660899622
graph_football__d6,graph_football,graph_link_prediction,6,A,000000,100000,0.5,0.8046797541146143,0.30467975411461434
graph_football__d6,graph_football,graph_link_prediction,6,A,000001,100001,0.5,0.8046797541146143,0.30467975411461434
graph_football__d6,graph_football,graph_link_prediction,6,A,000010,100010,0.6422103245422696,0.8779826822658471,0.23577235772357752
graph_football__d6,graph_football,graph_link_prediction,6,A,000011,100011,0.6422103245422696,0.8779826822658471,0.23577235772357752
graph_football__d6,graph_football,graph_link_prediction,6,A,000100,100100,0.8135369158569634,0.8134047194130478,-0.00013219644391559981
graph_football__d6,graph_football,graph_link_prediction,6,A,000101,100101,0.8135369158569634,0.8134047194130478,-0.00013219644391559981
graph_football__d6,graph_football,graph_link_prediction,6,A,000110,100110,0.8915658668781811,0.8782140260426994,-0.013351840835481688
graph_football__d6,graph_football,graph_link_prediction,6,A,000111,100111,0.8827087051358318,0.8805274638112235,-0.002181241324608285
graph_football__d6,graph_football,graph_link_prediction,6,A,001000,101000,0.8134047194130478,0.8134047194130478,0.0
graph_football__d6,graph_football,graph_link_prediction,6,A,001001,101001,0.8134047194130478,0.8134047194130478,0.0
graph_football__d6,graph_football,graph_link_prediction,6,A,001010,101010,0.8839645713530306,0.8785445171524886,-0.005420054200542035
graph_football__d6,graph_football,graph_link_prediction,6,A,001011,101011,0.8816511335845065,0.8788750082622777,-0.0027761253222288174
graph_football__d6,graph_football,graph_link_prediction,6,A,001100,101100,0.8134047194130478,0.8134047194130478,0.0
graph_football__d6,graph_football,graph_link_prediction,6,A,001101,101101,0.8134708176350056,0.8134047194130478,-6.609822195779991e-05
graph_football__d6,graph_football,graph_link_prediction,6,A,001110,101110,0.8834357855773679,0.8786767135964043,-0.004759071980963592
graph_football__d6,graph_football,graph_link_prediction,6,A,001111,101111,0.8817833300284222,0.8803952673673078,-0.0013880626611144642
graph_football__d6,graph_football,graph_link_prediction,6,A,010000,110000,0.8247075153678366,0.8241456804811951,-0.0005618348866415213
graph_football__d6,graph_football,graph_link_prediction,6,A,010001,110001,0.8247075153678366,0.8241456804811951,-0.0005618348866415213
graph_football__d6,graph_football,graph_link_prediction,6,A,010010,110010,0.8856500760129553,0.877982682265847,-0.007667393747108342
graph_football__d6,graph_football,graph_link_prediction,6,A,010011,110011,0.8819485755833167,0.8787097627073832,-0.0032388128759335277
graph_football__d6,graph_football,graph_link_prediction,6,A,010100,110100,0.821105162271135,0.8223610284883337,0.0012558662171987534
graph_football__d6,graph_football,graph_link_prediction,6,A,010101,110101,0.8244761715909841,0.8244100733690264,-6.609822195768889e-05
graph_football__d6,graph_football,graph_link_prediction,6,A,010110,110110,0.891169277546434,0.8782140260426994,-0.012955251503734666
graph_football__d6,graph_football,graph_link_prediction,6,A,010111,110111,0.8825104104699583,0.880725758477097,-0.0017846519928612636
graph_football__d6,graph_football,graph_link_prediction,6,A,011000,111000,0.8164121885121289,0.8169409742877917,0.0005287857756627323
graph_football__d6,graph_football,graph_link_prediction,6,A,011001,111001,0.8248727609227312,0.8242778769251107,-0.0005948839976205322
graph_football__d6,graph_football,graph_link_prediction,6,A,011010,111010,0.8837001784651992,0.8785445171524886,-0.005155661312710613
graph_football__d6,graph_football,graph_link_prediction,6,A,011011,111011,0.8809901513649283,0.8794698922598982,-0.001520259105030064
graph_football__d6,graph_football,graph_link_prediction,6,A,011100,111100,0.816412188512129,0.8165443849560446,0.00013219644391559981
graph_football__d6,graph_football,graph_link_prediction,6,A,011101,111101,0.8240134840372794,0.8243439751470685,0.00033049110978911056
graph_football__d6,graph_football,graph_link_prediction,6,A,011110,111110,0.8835679820212836,0.8786767135964043,-0.004891268424879303
graph_football__d6,graph_football,graph_link_prediction,6,A,011111,111111,0.88184942825038,0.8803952673673078,-0.001454160883072264
graph_football__d6,graph_football,graph_link_prediction,6,B,000000,010000,0.5,0.8247075153678366,0.3247075153678366
graph_football__d6,graph_football,graph_link_prediction,6,B,000001,010001,0.5,0.8247075153678366,0.3247075153678366
graph_football__d6,graph_football,graph_link_prediction,6,B,000010,010010,0.6422103245422696,0.8856500760129553,0.24343975147068575
graph_football__d6,graph_football,graph_link_prediction,6,B,000011,010011,0.6422103245422696,0.8819485755833167,0.23973825104104718
graph_football__d6,graph_football,graph_link_prediction,6,B,000100,010100,0.8135369158569634,0.821105162271135,0.007568246414171531
graph_football__d6,graph_football,graph_link_prediction,6,B,000101,010101,0.8135369158569634,0.8244761715909841,0.010939255734020659
graph_football__d6,graph_football,graph_link_prediction,6,B,000110,010110,0.8915658668781811,0.891169277546434,-0.0003965893317470215
graph_football__d6,graph_football,graph_link_prediction,6,B,000111,010111,0.8827087051358318,0.8825104104699583,-0.00019829466587351074
graph_football__d6,graph_football,graph_link_prediction,6,B,001000,011000,0.8134047194130478,0.8164121885121289,0.003007469099081117
graph_football__d6,graph_football,graph_link_prediction,6,B,001001,011001,0.8134047194130478,0.8248727609227312,0.011468041509683391
graph_football__d6,graph_football,graph_link_prediction,6,B,001010,011010,0.8839645713530306,0.8837001784651992,-0.0002643928878314217
graph_football__d6,graph_football,graph_link_prediction,6,B,001011,011011,0.8816511335845065,0.8809901513649283,-0.0006609822195782211
graph_football__d6,graph_football,graph_link_prediction,6,B,001100,011100,0.8134047194130478,0.816412188512129,0.003007469099081228
graph_football__d6,graph_football,graph_link_prediction,6,B,001101,011101,0.8134708176350056,0.8240134840372794,0.010542666402273748
graph_football__d6,graph_football,graph_link_prediction,6,B,001110,011110,0.8834357855773679,0.8835679820212836,0.00013219644391571084
graph_football__d6,graph_football,graph_link_prediction,6,B,001111,011111,0.8817833300284222,0.88184942825038,6.609822195779991e-05
graph_football__d6,graph_football,graph_link_prediction,6,B,100000,110000,0.8046797541146143,0.8241456804811951,0.019465926366580732
graph_football__d6,graph_football,graph_link_prediction,6,B,100001,110001,0.8046797541146143,0.8241456804811951,0.019465926366580732
graph_football__d6,graph_football,graph_link_prediction,6,B,100010,110010,0.8779826822658471,0.877982682265847,-1.1102230246251565e-16
graph_football__d6,graph_football,graph_link_prediction,6,B,100011,110011,0.8779826822658471,0.8787097627073832,0.000727080441536132
graph_football__d6,graph_football,graph_link_prediction,6,B,100100,110100,0.8134047194130478,0.8223610284883337,0.008956309075285884
graph_football__d6,graph_football,graph_link_prediction,6,B,100101,110101,0.8134047194130478,0.8244100733690264,0.01100535395597857
graph_football__d6,graph_football,graph_link_prediction,6,B,100110,110110,0.8782140260426994,0.8782140260426994,0.0
graph_football__d6,graph_football,graph_link_prediction,6,B,100111,110111,0.8805274638112235,0.880725758477097,0.00019829466587351074
graph_football__d6,graph_football,graph_link_prediction,6,B,101000,111000,0.8134047194130478,0.8169409742877917,0.0035362548747438494
graph_football__d6,graph_football,graph_link_prediction,6,B,101001,111001,0.8134047194130478,0.8242778769251107,0.010873157512062859
graph_football__d6,graph_football,graph_link_prediction,6,B,101010,111010,0.8785445171524886,0.8785445171524886,0.0
graph_football__d6,graph_football,graph_link_prediction,6,B,101011,111011,0.8788750082622777,0.8794698922598982,0.0005948839976205322
graph_football__d6,graph_football,graph_link_prediction,6,B,101100,111100,0.8134047194130478,0.8165443849560446,0.003139665542996828
graph_football__d6,graph_football,graph_link_prediction,6,B,101101,111101,0.8134047194130478,0.8243439751470685,0.010939255734020659
graph_football__d6,graph_football,graph_link_prediction,6,B,101110,111110,0.8786767135964043,0.8786767135964043,0.0
graph_football__d6,graph_football,graph_link_prediction,6,B,101111,111111,0.8803952673673078,0.8803952673673078,0.0
graph_football__d6,graph_football,graph_link_prediction,6,C,000000,001000,0.5,0.8134047194130478,0.3134047194130478
graph_football__d6,graph_football,graph_link_prediction,6,C,000001,001001,0.5,0.8134047194130478,0.3134047194130478
graph_football__d6,graph_football,graph_link_prediction,6,C,000010,001010,0.6422103245422696,0.8839645713530306,0.24175424681076108
graph_football__d6,graph_football,graph_link_prediction,6,C,000011,001011,0.6422103245422696,0.8816511335845065,0.23944080904223697
graph_football__d6,graph_football,graph_link_prediction,6,C,000100,001100,0.8135369158569634,0.8134047194130478,-0.00013219644391559981
graph_football__d6,graph_football,graph_link_prediction,6,C,000101,001101,0.8135369158569634,0.8134708176350056,-6.609822195779991e-05
graph_football__d6,graph_football,graph_link_prediction,6,C,000110,001110,0.8915658668781811,0.8834357855773679,-0.008130081300813163
graph_football__d6,graph_football,graph_link_prediction,6,C,000111,001111,0.8827087051358318,0.8817833300284222,-0.0009253751074095318
graph_football__d6,graph_football,graph_link_prediction,6,C,010000,011000,0.8247075153678366,0.8164121885121289,-0.008295326855707663
graph_football__d6,graph_football,graph_link_prediction,6,C,010001,011001,0.8247075153678366,0.8248727609227312,0.0001652455548946108
graph_football__d6,graph_football,graph_link_prediction,6,C,010010,011010,0.8856500760129553,0.8837001784651992,-0.0019498975477560965
graph_football__d6,graph_football,graph_link_prediction,6,C,010011,011011,0.8819485755833167,0.8809901513649283,-0.0009584242183884317
graph_football__d6,graph_football,graph_link_prediction,6,C,010100,011100,0.821105162271135,0.816412188512129,-0.004692973759005903
graph_football__d6,graph_football,graph_link_prediction,6,C,010101,011101,0.8244761715909841,0.8240134840372794,-0.0004626875537047104
graph_football__d6,graph_football,graph_link_prediction,6,C,010110,011110,0.891169277546434,0.8835679820212836,-0.007601295525150431
graph_football__d6,graph_football,graph_link_prediction,6,C,010111,011111,0.8825104104699583,0.88184942825038,-0.0006609822195782211
graph_football__d6,graph_football,graph_link_prediction,6,C,100000,101000,0.8046797541146143,0.8134047194130478,0.008724965298433474
graph_football__d6,graph_football,graph_link_prediction,6,C,100001,101001,0.8046797541146143,0.8134047194130478,0.008724965298433474
graph_football__d6,graph_football,graph_link_prediction,6,C,100010,101010,0.8779826822658471,0.8785445171524886,0.0005618348866415213
graph_football__d6,graph_football,graph_link_prediction,6,C,100011,101011,0.8779826822658471,0.8788750082622777,0.0008923259964306318
graph_football__d6,graph_football,graph_link_prediction,6,C,100100,101100,0.8134047194130478,0.8134047194130478,0.0
graph_football__d6,graph_football,graph_link_prediction,6,C,100101,101101,0.8134047194130478,0.8134047194130478,0.0
graph_football__d6,graph_football,graph_link_prediction,6,C,100110,101110,0.8782140260426994,0.8786767135964043,0.0004626875537049324
graph_football__d6,graph_football,graph_link_prediction,6,C,100111,101111,0.8805274638112235,0.8803952673673078,-0.00013219644391571084
graph_football__d6,graph_football,graph_link_prediction,6,C,110000,111000,0.8241456804811951,0.8169409742877917,-0.0072047061934034096
graph_football__d6,graph_football,graph_link_prediction,6,C,110001,111001,0.8241456804811951,0.8242778769251107,0.00013219644391559981
graph_football__d6,graph_football,graph_link_prediction,6,C,110010,111010,0.877982682265847,0.8785445171524886,0.0005618348866416323
graph_football__d6,graph_football,graph_link_prediction,6,C,110011,111011,0.8787097627073832,0.8794698922598982,0.000760129552515032
graph_football__d6,graph_football,graph_link_prediction,6,C,110100,111100,0.8223610284883337,0.8165443849560446,-0.005816643532289056
graph_football__d6,graph_football,graph_link_prediction,6,C,110101,111101,0.8244100733690264,0.8243439751470685,-6.609822195791093e-05
graph_football__d6,graph_football,graph_link_prediction,6,C,110110,111110,0.8782140260426994,0.8786767135964043,0.0004626875537049324
graph_football__d6,graph_football,graph_link_prediction,6,C,110111,111111,0.880725758477097,0.8803952673673078,-0.0003304911097892216
graph_football__d6,graph_football,graph_link_prediction,6,D,000000,000100,0.5,0.8135369158569634,0.3135369158569634
graph_football__d6,graph_football,graph_link_prediction,6,D,000001,000101,0.5,0.8135369158569634,0.3135369158569634
graph_football__d6,graph_football,graph_link_prediction,6,D,000010,000110,0.6422103245422696,0.8915658668781811,0.2493555423359115
graph_football__d6,graph_football,graph_link_prediction,6,D,000011,000111,0.6422103245422696,0.8827087051358318,0.2404983805935622
graph_football__d6,graph_football,graph_link_prediction,6,D,001000,001100,0.8134047194130478,0.8134047194130478,0.0
graph_football__d6,graph_football,graph_link_prediction,6,D,001001,001101,0.8134047194130478,0.8134708176350056,6.609822195779991e-05
graph_football__d6,graph_football,graph_link_prediction,6,D,001010,001110,0.8839645713530306,0.8834357855773679,-0.0005287857756627323
graph_football__d6,graph_football,graph_link_prediction,6,D,001011,001111,0.8816511335845065,0.8817833300284222,0.00013219644391571084
graph_football__d6,graph_football,graph_link_prediction,6,D,010000,010100,0.8247075153678366,0.821105162271135,-0.0036023530967016493
graph_football__d6,graph_football,graph_link_prediction,6,D,010001,010101,0.8247075153678366,0.8244761715909841,-0.00023134377685252172
graph_football__d6,graph_football,graph_link_prediction,6,D,010010,010110,0.8856500760129553,0.891169277546434,0.005519201533478735
graph_football__d6,graph_football,graph_link_prediction,6,D,010011,010111,0.8819485755833167,0.8825104104699583,0.0005618348866415213
graph_football__d6,graph_football,graph_link_prediction,6,D,011000,011100,0.8164121885121289,0.816412188512129,1.1102230246251565e-16
graph_football__d6,graph_football,graph_link_prediction,6,D,011001,011101,0.8248727609227312,0.8240134840372794,-0.0008592768854518429
graph_football__d6,graph_football,graph_link_prediction,6,D,011010,011110,0.8837001784651992,0.8835679820212836,-0.00013219644391559981
graph_football__d6,graph_football,graph_link_prediction,6,D,011011,011111,0.8809901513649283,0.88184942825038,0.0008592768854517319
graph_football__d6,graph_football,graph_link_prediction,6,D,100000,100100,0.8046797541146143,0.8134047194130478,0.008724965298433474
graph_football__d6,graph_football,graph_link_prediction,6,D,100001,100101,0.8046797541146143,0.8134047194130478,0.008724965298433474
graph_football__d6,graph_football,graph_link_prediction,6,D,100010,100110,0.8779826822658471,0.8782140260426994,0.00023134377685229968
graph_football__d6,graph_football,graph_link_prediction,6,D,100011,100111,0.8779826822658471,0.8805274638112235,0.0025447815453764067
graph_football__d6,graph_football,graph_link_prediction,6,D,101000,101100,0.8134047194130478,0.8134047194130478,0.0
graph_football__d6,graph_football,graph_link_prediction,6,D,101001,101101,0.8134047194130478,0.8134047194130478,0.0
graph_football__d6,graph_football,graph_link_prediction,6,D,101010,101110,0.8785445171524886,0.8786767135964043,0.00013219644391571084
graph_football__d6,graph_football,graph_link_prediction,6,D,101011,101111,0.8788750082622777,0.8803952673673078,0.001520259105030064
graph_football__d6,graph_football,graph_link_prediction,6,D,110000,110100,0.8241456804811951,0.8223610284883337,-0.0017846519928613747
graph_football__d6,graph_football,graph_link_prediction,6,D,110001,110101,0.8241456804811951,0.8244100733690264,0.00026439288783131065
graph_football__d6,graph_football,graph_link_prediction,6,D,110010,110110,0.877982682265847,0.8782140260426994,0.0002313437768524107
graph_football__d6,graph_football,graph_link_prediction,6,D,110011,110111,0.8787097627073832,0.880725758477097,0.0020159957697137854
graph_football__d6,graph_football,graph_link_prediction,6,D,111000,111100,0.8169409742877917,0.8165443849560446,-0.0003965893317470215
graph_football__d6,graph_football,graph_link_prediction,6,D,111001,111101,0.8242778769251107,0.8243439751470685,6.609822195779991e-05
graph_football__d6,graph_football,graph_link_prediction,6,D,111010,111110,0.8785445171524886,0.8786767135964043,0.00013219644391571084
graph_football__d6,graph_football,graph_link_prediction,6,D,111011,111111,0.8794698922598982,0.8803952673673078,0.0009253751074095318
graph_football__d6,graph_football,graph_link_prediction,6,E,000000,000010,0.5,0.6422103245422696,0.14221032454226956
graph_football__d6,graph_football,graph_link_prediction,6,E,000001,000011,0.5,0.6422103245422696,0.14221032454226956
graph_football__d6,graph_football,graph_link_prediction,6,E,000100,000110,0.8135369158569634,0.8915658668781811,0.07802895102121765
graph_football__d6,graph_football,graph_link_prediction,6,E,000101,000111,0.8135369158569634,0.8827087051358318,0.06917178927886836
graph_football__d6,graph_football,graph_link_prediction,6,E,001000,001010,0.8134047194130478,0.8839645713530306,0.07055985193998282
graph_football__d6,graph_football,graph_link_prediction,6,E,001001,001011,0.8134047194130478,0.8816511335845065,0.06824641417145871
graph_football__d6,graph_football,graph_link_prediction,6,E,001100,001110,0.8134047194130478,0.8834357855773679,0.07003106616432009
graph_football__d6,graph_football,graph_link_prediction,6,E,001101,001111,0.8134708176350056,0.8817833300284222,0.06831251239341662
graph_football__d6,graph_football,graph_link_prediction,6,E,010000,010010,0.8247075153678366,0.8856500760129553,0.060942560645118715
graph_football__d6,graph_football,graph_link_prediction,6,E,010001,010011,0.8247075153678366,0.8819485755833167,0.057241060215480144
graph_football__d6,graph_football,graph_link_prediction,6,E,010100,010110,0.821105162271135,0.891169277546434,0.0700641152752991
graph_football__d6,graph_football,graph_link_prediction,6,E,010101,010111,0.8244761715909841,0.8825104104699583,0.05803423887897419
graph_football__d6,graph_football,graph_link_prediction,6,E,011000,011010,0.8164121885121289,0.8837001784651992,0.06728798995307028
graph_football__d6,graph_football,graph_link_prediction,6,E,011001,011011,0.8248727609227312,0.8809901513649283,0.0561173904421971
graph_football__d6,graph_football,graph_link_prediction,6,E,011100,011110,0.816412188512129,0.8835679820212836,0.06715579350915457
graph_football__d6,graph_football,graph_link_prediction,6,E,011101,011111,0.8240134840372794,0.88184942825038,0.057835944213100676
graph_football__d6,graph_football,graph_link_prediction,6,E,100000,100010,0.8046797541146143,0.8779826822658471,0.07330292815123274
graph_football__d6,graph_football,graph_link_prediction,6,E,100001,100011,0.8046797541146143,0.8779826822658471,0.07330292815123274
graph_football__d6,graph_football,graph_link_prediction,6,E,100100,100110,0.8134047194130478,0.8782140260426994,0.06480930662965156
graph_football__d6,graph_football,graph_link_prediction,6,E,100101,100111,0.8134047194130478,0.8805274638112235,0.06712274439817567
graph_football__d6,graph_football,graph_link_prediction,6,E,101000,101010,0.8134047194130478,0.8785445171524886,0.06513979773944079
graph_football__d6,graph_football,graph_link_prediction,6,E,101001,101011,0.8134047194130478,0.8788750082622777,0.0654702888492299
graph_football__d6,graph_football,graph_link_prediction,6,E,101100,101110,0.8134047194130478,0.8786767135964043,0.0652719941833565
graph_football__d6,graph_football,graph_link_prediction,6,E,101101,101111,0.8134047194130478,0.8803952673673078,0.06699054795425996
graph_football__d6,graph_football,graph_link_prediction,6,E,110000,110010,0.8241456804811951,0.877982682265847,0.053837001784651894
graph_football__d6,graph_football,graph_link_prediction,6,E,110001,110011,0.8241456804811951,0.8787097627073832,0.05456408222618814
graph_football__d6,graph_football,graph_link_prediction,6,E,110100,110110,0.8223610284883337,0.8782140260426994,0.05585299755436568
graph_football__d6,graph_football,graph_link_prediction,6,E,110101,110111,0.8244100733690264,0.880725758477097,0.05631568510807061
graph_football__d6,graph_football,graph_link_prediction,6,E,111000,111010,0.8169409742877917,0.8785445171524886,0.061603542864696936
graph_football__d6,graph_football,graph_link_prediction,6,E,111001,111011,0.8242778769251107,0.8794698922598982,0.05519201533478757
graph_football__d6,graph_football,graph_link_prediction,6,E,111100,111110,0.8165443849560446,0.8786767135964043,0.06213232864035967
graph_football__d6,graph_football,graph_link_prediction,6,E,111101,111111,0.8243439751470685,0.8803952673673078,0.0560512922202393
graph_football__d6,graph_football,graph_link_prediction,6,F,000000,000001,0.5,0.5,0.0
graph_football__d6,graph_football,graph_link_prediction,6,F,000010,000011,0.6422103245422696,0.6422103245422696,0.0
graph_football__d6,graph_football,graph_link_prediction,6,F,000100,000101,0.8135369158569634,0.8135369158569634,0.0
graph_football__d6,graph_football,graph_link_prediction,6,F,000110,000111,0.8915658668781811,0.8827087051358318,-0.008857161742349295
graph_football__d6,graph_football,graph_link_prediction,6,F,001000,001001,0.8134047194130478,0.8134047194130478,0.0
graph_football__d6,graph_football,graph_link_prediction,6,F,001010,001011,0.8839645713530306,0.8816511335845065,-0.002313437768524107
graph_football__d6,graph_football,graph_link_prediction,6,F,001100,001101,0.8134047194130478,0.8134708176350056,6.609822195779991e-05
graph_football__d6,graph_football,graph_link_prediction,6,F,001110,001111,0.8834357855773679,0.8817833300284222,-0.0016524555489456638
graph_football__d6,graph_football,graph_link_prediction,6,F,010000,010001,0.8247075153678366,0.8247075153678366,0.0
graph_football__d6,graph_football,graph_link_prediction,6,F,010010,010011,0.8856500760129553,0.8819485755833167,-0.003701500429638571
graph_football__d6,graph_football,graph_link_prediction,6,F,010100,010101,0.821105162271135,0.8244761715909841,0.0033710093198491276
graph_football__d6,graph_football,graph_link_prediction,6,F,010110,010111,0.891169277546434,0.8825104104699583,-0.008658867076475785
graph_football__d6,graph_football,graph_link_prediction,6,F,011000,011001,0.8164121885121289,0.8248727609227312,0.008460572410602274
graph_football__d6,graph_football,graph_link_prediction,6,F,011010,011011,0.8837001784651992,0.8809901513649283,-0.0027100271002709064
graph_football__d6,graph_football,graph_link_prediction,6,F,011100,011101,0.816412188512129,0.8240134840372794,0.00760129552515032
graph_football__d6,graph_football,graph_link_prediction,6,F,011110,011111,0.8835679820212836,0.88184942825038,-0.0017185537709035748
graph_football__d6,graph_football,graph_link_prediction,6,F,100000,100001,0.8046797541146143,0.8046797541146143,0.0
graph_football__d6,graph_football,graph_link_prediction,6,F,100010,100011,0.8779826822658471,0.8779826822658471,0.0
graph_football__d6,graph_football,graph_link_prediction,6,F,100100,100101,0.8134047194130478,0.8134047194130478,0.0
graph_football__d6,graph_football,graph_link_prediction,6,F,100110,100111,0.8782140260426994,0.8805274638112235,0.002313437768524107
graph_football__d6,graph_football,graph_link_prediction,6,F,101000,101001,0.8134047194130478,0.8134047194130478,0.0
graph_football__d6,graph_football,graph_link_prediction,6,F,101010,101011,0.8785445171524886,0.8788750082622777,0.00033049110978911056
graph_football__d6,graph_football,graph_link_prediction,6,F,101100,101101,0.8134047194130478,0.8134047194130478,0.0
graph_football__d6,graph_football,graph_link_prediction,6,F,101110,101111,0.8786767135964043,0.8803952673673078,0.0017185537709034637
graph_football__d6,graph_football,graph_link_prediction,6,F,110000,110001,0.8241456804811951,0.8241456804811951,0.0
graph_football__d6,graph_football,graph_link_prediction,6,F,110010,110011,0.877982682265847,0.8787097627073832,0.0007270804415362431
graph_football__d6,graph_football,graph_link_prediction,6,F,110100,110101,0.8223610284883337,0.8244100733690264,0.0020490448806926853
graph_football__d6,graph_football,graph_link_prediction,6,F,110110,110111,0.8782140260426994,0.880725758477097,0.0025117324343976177
graph_football__d6,graph_football,graph_link_prediction,6,F,111000,111001,0.8169409742877917,0.8242778769251107,0.007336902637319009
graph_football__d6,graph_football,graph_link_prediction,6,F,111010,111011,0.8785445171524886,0.8794698922598982,0.0009253751074096428
graph_football__d6,graph_football,graph_link_prediction,6,F,111100,111101,0.8165443849560446,0.8243439751470685,0.007799590191023831
graph_football__d6,graph_football,graph_link_prediction,6,F,111110,111111,0.8786767135964043,0.8803952673673078,0.0017185537709034637
graph_dolphins__d6,graph_dolphins,graph_link_prediction,6,A,000000,100000,0.5,0.755859375,0.255859375
graph_dolphins__d6,graph_dolphins,graph_link_prediction,6,A,000001,100001,0.5,0.755859375,0.255859375
graph_dolphins__d6,graph_dolphins,graph_link_prediction,6,A,000010,100010,0.69482421875,0.76123046875,0.06640625
graph_dolphins__d6,graph_dolphins,graph_link_prediction,6,A,000011,100011,0.69482421875,0.76123046875,0.06640625
graph_dolphins__d6,graph_dolphins,graph_link_prediction,6,A,000100,100100,0.759765625,0.751953125,-0.0078125
graph_dolphins__d6,graph_dolphins,graph_link_prediction,6,A,000101,100101,0.759765625,0.751953125,-0.0078125
graph_dolphins__d6,graph_dolphins,graph_link_prediction,6,A,000110,100110,0.72412109375,0.76220703125,0.0380859375
graph_dolphins__d6,graph_dolphins,graph_link_prediction,6,A,000111,100111,0.75830078125,0.75439453125,-0.00390625
graph_dolphins__d6,graph_dolphins,graph_link_prediction,6,A,001000,101000,0.759765625,0.751953125,-0.0078125
graph_dolphins__d6,graph_dolphins,graph_link_prediction,6,A,001001,101001,0.759765625,0.751953125,-0.0078125
graph_dolphins__d6,graph_dolphins,graph_link_prediction,6,A,001010,101010,0.75732421875,0.76025390625,0.0029296875
graph_dolphins__d6,graph_dolphins,graph_link_prediction,6,A,001011,101011,0.75830078125,0.75439453125,-0.00390625
graph_dolphins__d6,graph_dolphins,graph_link_prediction,6,A,001100,101100,0.759765625,0.751953125,-0.0078125
graph_dolphins__d6,graph_dolphins,graph_link_prediction,6,A,001101,101101,0.759765625,0.7509765625,-0.0087890625
graph_dolphins__d6,graph_dolphins,graph_link_prediction,6,A,001110,101110,0.75732421875,0.75927734375,0.001953125
graph_dolphins__d6,graph_dolphins,graph_link_prediction,6,A,001111,101111,0.75830078125,0.75439453125,-0.00390625
graph_dolphins__d6,graph_dolphins,graph_link_prediction,6,A,010000,110000,0.75341796875,0.75634765625,0.0029296875
graph_dolphins__d6,graph_dolphins,graph_link_prediction,6,A,010001,110001,0.75341796875,0.75634765625,0.0029296875
graph_dolphins__d6,graph_dolphins,graph_link_prediction,6,A,010010,110010,0.71435546875,0.76123046875,0.046875
graph_dolphins__d6,graph_dolphins,graph_link_prediction,6,A,010011,110011,0.74853515625,0.76025390625,0.01171875
graph_dolphins__d6,graph_dolphins,graph_link_prediction,6,A,010100,110100,0.76416015625,0.75732421875,-0.0068359375
graph_dolphins__d6,graph_dolphins,graph_link_prediction,6,A,010101,110101,0.75830078125,0.75048828125,-0.0078125
graph_dolphins__d6,graph_dolphins,graph_link_prediction,6,A,010110,110110,0.73583984375,0.76123046875,0.025390625
graph_dolphins__d6,graph_dolphins,graph_link_prediction,6,A,010111,110111,0.75830078125,0.74951171875,-0.0087890625
graph_dolphins__d6,graph_dolphins,graph_link_prediction,6,A,011000,111000,0.75830078125,0.75634765625,-0.001953125
graph_dolphins__d6,graph_dolphins,graph_link_prediction,6,A,011001,111001,0.75830078125,0.75634765625,-0.001953125
graph_dolphins__d6,graph_dolphins,graph_link_prediction,6,A,011010,111010,0.75732421875,0.76123046875,0.00390625
graph_dolphins__d6,graph_dolphins,graph_link_prediction,6,A,011011,111011,0.76123046875,0.75244140625,-0.0087890625
graph_dolphins__d6,graph_dolphins,graph_link_prediction,6,A,011100,111100,0.75830078125,0.75244140625,-0.005859375
graph_dolphins__d6,graph_dolphins,graph_link_prediction,6,A,011101,111101,0.75830078125,0.75048828125,-0.0078125
graph_dolphins__d6,graph_dolphins,graph_link_prediction,6,A,011110,111110,0.75732421875,0.76220703125,0.0048828125
graph_dolphins__d6,graph_dolphins,graph_link_prediction,6,A,011111,111111,0.76123046875,0.74951171875,-0.01171875
graph_dolphins__d6,graph_dolphins,graph_link_prediction,6,B,000000,010000,0.5,0.75341796875,0.25341796875
graph_dolphins__d6,graph_dolphins,graph_link_prediction,6,B,000001,010001,0.5,0.75341796875,0.25341796875
graph_dolphins__d6,graph_dolphins,graph_link_prediction,6,B,000010,010010,0.69482421875,0.71435546875,0.01953125
graph_dolphins__d6,graph_dolphins,graph_link_prediction,6,B,000011,010011,0.69482421875,0.74853515625,0.0537109375
graph_dolphins__d6,graph_dolphins,graph_link_prediction,6,B,000100,010100,0.759765625,0.76416015625,0.00439453125
graph_dolphins__d6,graph_dolphins,graph_link_prediction,6,B,000101,010101,0.759765625,0.75830078125,-0.00146484375
graph_dolphins__d6,graph_dolphins,graph_link_prediction,6,B,000110,010110,0.72412109375,0.73583984375,0.01171875
graph_dolphins__d6,graph_dolphins,graph_link_prediction,6,B,000111,010111,0.75830078125,0.75830078125,0.0
graph_dolphins__d6,graph_dolphins,graph_link_prediction,6,B,001000,011000,0.759765625,0.75830078125,-0.00146484375
graph_dolphins__d6,graph_dolphins,graph_link_prediction,6,B,001001,011001,0.759765625,0.75830078125,-0.00146484375
graph_dolphins__d6,graph_dolphins,graph_link_prediction,6,B,001010,011010,0.75732421875,0.75732421875,0.0
graph_dolphins__d6,graph_dolphins,graph_link_prediction,6,B,001011,011011,0.75830078125,0.76123046875,0.0029296875
graph_dolphins__d6,graph_dolphins,graph_link_prediction,6,B,001100,011100,0.759765625,0.75830078125,-0.00146484375
graph_dolphins__d6,graph_dolphins,graph_link_prediction,6,B,001101,011101,0.759765625,0.75830078125,-0.00146484375
graph_dolphins__d6,graph_dolphins,graph_link_prediction,6,B,001110,011110,0.75732421875,0.75732421875,0.0
graph_dolphins__d6,graph_dolphins,graph_link_prediction,6,B,001111,011111,0.75830078125,0.76123046875,0.0029296875
graph_dolphins__d6,graph_dolphins,graph_link_prediction,6,B,100000,110000,0.755859375,0.75634765625,0.00048828125
graph_dolphins__d6,graph_dolphins,graph_link_prediction,6,B,100001,110001,0.755859375,0.75634765625,0.00048828125
graph_dolphins__d6,graph_dolphins,graph_link_prediction,6,B,100010,110010,0.76123046875,0.76123046875,0.0
graph_dolphins__d6,graph_dolphins,graph_link_prediction,6,B,100011,110011,0.76123046875,0.76025390625,-0.0009765625
graph_dolphins__d6,graph_dolphins,graph_link_prediction,6,B,100100,110100,0.751953125,0.75732421875,0.00537109375
graph_dolphins__d6,graph_dolphins,graph_link_prediction,6,B,100101,110101,0.751953125,0.75048828125,-0.00146484375
graph_dolphins__d6,graph_dolphins,graph_link_prediction,6,B,100110,110110,0.76220703125,0.76123046875,-0.0009765625
graph_dolphins__d6,graph_dolphins,graph_link_prediction,6,B,100111,110111,0.75439453125,0.74951171875,-0.0048828125
graph_dolphins__d6,graph_dolphins,graph_link_prediction,6,B,101000,111000,0.751953125,0.75634765625,0.00439453125
graph_dolphins__d6,graph_dolphins,graph_link_prediction,6,B,101001,111001,0.751953125,0.75634765625,0.00439453125
graph_dolphins__d6,graph_dolphins,graph_link_prediction,6,B,101010,111010,0.76025390625,0.76123046875,0.0009765625
graph_dolphins__d6,graph_dolphins,graph_link_prediction,6,B,101011,111011,0.75439453125,0.75244140625,-0.001953125
graph_dolphins__d6,graph_dolphins,graph_link_prediction,6,B,101100,111100,0.751953125,0.75244140625,0.00048828125
graph_dolphins__d6,graph_dolphins,graph_link_prediction,6,B,101101,111101,0.7509765625,0.75048828125,-0.00048828125
graph_dolphins__d6,graph_dolphins,graph_link_prediction,6,B,101110,111110,0.75927734375,0.76220703125,0.0029296875
graph_dolphins__d6,graph_dolphins,graph_link_prediction,6,B,101111,111111,0.75439453125,0.74951171875,-0.0048828125
graph_dolphins__d6,graph_dolphins,graph_link_prediction,6,C,000000,001000,0.5,0.759765625,0.259765625
graph_dolphins__d6,graph_dolphins,graph_link_prediction,6,C,000001,001001,0.5,0.759765625,0.259765625
graph_dolphins__d6,graph_dolphins,graph_link_prediction,6,C,000010,001010,0.69482421875,0.75732421875,0.0625
graph_dolphins__d6,graph_dolphins,graph_link_prediction,6,C,000011,001011,0.69482421875,0.75830078125,0.0634765625
graph_dolphins__d6,graph_dolphins,graph_link_prediction,6,C,000100,001100,0.759765625,0.759765625,0.0
graph_dolphins__d6,graph_dolphins,graph_link_prediction,6,C,000101,001101,0.759765625,0.759765625,0.0
graph_dolphins__d6,graph_dolphins,graph_link_prediction,6,C,000110,001110,0.72412109375,0.75732421875,0.033203125
graph_dolphins__d6,graph_dolphins,graph_link_prediction,6,C,000111,001111,0.75830078125,0.75830078125,0.0
graph_dolphins__d6,graph_dolphins,graph_link_prediction,6,C,010000,011000,0.75341796875,0.75830078125,0.0048828125
graph_dolphins__d6,graph_dolphins,graph_link_prediction,6,C,010001,011001,0.75341796875,0.75830078125,0.0048828125
graph_dolphins__d6,graph_dolphins,graph_link_prediction,6,C,010010,011010,0.71435546875,0.75732421875,0.04296875
graph_dolphins__d6,graph_dolphins,graph_link_prediction,6,C,010011,011011,0.74853515625,0.76123046875,0.0126953125
graph_dolphins__d6,graph_dolphins,graph_link_prediction,6,C,010100,011100,0.76416015625,0.75830078125,-0.005859375
graph_dolphins__d6,graph_dolphins,graph_link_prediction,6,C,010101,011101,0.75830078125,0.75830078125,0.0
graph_dolphins__d6,graph_dolphins,graph_link_prediction,6,C,010110,011110,0.73583984375,0.75732421875,0.021484375
graph_dolphins__d6,graph_dolphins,graph_link_prediction,6,C,010111,011111,0.75830078125,0.76123046875,0.0029296875
graph_dolphins__d6,graph_dolphins,graph_link_prediction,6,C,100000,101000,0.755859375,0.751953125,-0.00390625
graph_dolphins__d6,graph_dolphins,graph_link_prediction,6,C,100001,101001,0.755859375,0.751953125,-0.00390625
graph_dolphins__d6,graph_dolphins,graph_link_prediction,6,C,100010,101010,0.76123046875,0.76025390625,-0.0009765625
graph_dolphins__d6,graph_dolphins,graph_link_prediction,6,C,100011,101011,0.76123046875,0.75439453125,-0.0068359375
graph_dolphins__d6,graph_dolphins,graph_link_prediction,6,C,100100,101100,0.751953125,0.751953125,0.0
graph_dolphins__d6,graph_dolphins,graph_link_prediction,6,C,100101,101101,0.751953125,0.7509765625,-0.0009765625
graph_dolphins__d6,graph_dolphins,graph_link_prediction,6,C,100110,101110,0.76220703125,0.75927734375,-0.0029296875
graph_dolphins__d6,graph_dolphins,graph_link_prediction,6,C,100111,101111,0.75439453125,0.75439453125,0.0
graph_dolphins__d6,graph_dolphins,graph_link_prediction,6,C,110000,111000,0.75634765625,0.75634765625,0.0
graph_dolphins__d6,graph_dolphins,graph_link_prediction,6,C,110001,111001,0.75634765625,0.75634765625,0.0
graph_dolphins__d6,graph_dolphins,graph_link_prediction,6,C,110010,111010,0.76123046875,0.76123046875,0.0
graph_dolphins__d6,graph_dolphins,graph_link_prediction,6,C,110011,111011,0.76025390625,0.75244140625,-0.0078125
graph_dolphins__d6,graph_dolphins,graph_link_prediction,6,C,110100,111100,0.75732421875,0.75244140625,-0.0048828125
graph_dolphins__d6,graph_dolphins,graph_link_prediction,6,C,110101,111101,0.75048828125,0.75048828125,0.0
graph_dolphins__d6,graph_dolphins,graph_link_prediction,6,C,110110,111110,0.76123046875,0.76220703125,0.0009765625
graph_dolphins__d6,graph_dolphins,graph_link_prediction,6,C,110111,111111,0.74951171875,0.74951171875,0.0
graph_dolphins__d6,graph_dolphins,graph_link_prediction,6,D,000000,000100,0.5,0.759765625,0.259765625
graph_dolphins__d6,graph_dolphins,graph_link_prediction,6,D,000001,000101,0.5,0.759765625,0.259765625
graph_dolphins__d6,graph_dolphins,graph_link_prediction,6,D,000010,000110,0.69482421875,0.72412109375,0.029296875
graph_dolphins__d6,graph_dolphins,graph_link_prediction,6,D,000011,000111,0.69482421875,0.75830078125,0.0634765625
graph_dolphins__d6,graph_dolphins,graph_link_prediction,6,D,001000,001100,0.759765625,0.759765625,0.0
graph_dolphins__d6,graph_dolphins,graph_link_prediction,6,D,001001,001101,0.759765625,0.759765625,0.0
graph_dolphins__d6,graph_dolphins,graph_link_prediction,6,D,001010,001110,0.75732421875,0.75732421875,0.0
graph_dolphins__d6,graph_dolphins,graph_link_prediction,6,D,001011,001111,0.75830078125,0.75830078125,0.0
graph_dolphins__d6,graph_dolphins,graph_link_prediction,6,D,010000,010100,0.75341796875,0.76416015625,0.0107421875
graph_dolphins__d6,graph_dolphins,graph_link_prediction,6,D,010001,010101,0.75341796875,0.75830078125,0.0048828125
graph_dolphins__d6,graph_dolphins,graph_link_prediction,6,D,010010,010110,0.71435546875,0.73583984375,0.021484375
graph_dolphins__d6,graph_dolphins,graph_link_prediction,6,D,010011,010111,0.74853515625,0.75830078125,0.009765625
graph_dolphins__d6,graph_dolphins,graph_link_prediction,6,D,011000,011100,0.75830078125,0.75830078125,0.0
graph_dolphins__d6,graph_dolphins,graph_link_prediction,6,D,011001,011101,0.75830078125,0.75830078125,0.0
graph_dolphins__d6,graph_dolphins,graph_link_prediction,6,D,011010,011110,0.75732421875,0.75732421875,0.0
graph_dolphins__d6,graph_dolphins,graph_link_prediction,6,D,011011,011111,0.76123046875,0.76123046875,0.0
graph_dolphins__d6,graph_dolphins,graph_link_prediction,6,D,100000,100100,0.755859375,0.751953125,-0.00390625
graph_dolphins__d6,graph_dolphins,graph_link_prediction,6,D,100001,100101,0.755859375,0.751953125,-0.00390625
graph_dolphins__d6,graph_dolphins,graph_link_prediction,6,D,100010,100110,0.76123046875,0.76220703125,0.0009765625
graph_dolphins__d6,graph_dolphins,graph_link_prediction,6,D,100011,100111,0.76123046875,0.75439453125,-0.0068359375
graph_dolphins__d6,graph_dolphins,graph_link_prediction,6,D,101000,101100,0.751953125,0.751953125,0.0
graph_dolphins__d6,graph_dolphins,graph_link_prediction,6,D,101001,101101,0.751953125,0.7509765625,-0.0009765625
graph_dolphins__d6,graph_dolphins,graph_link_prediction,6,D,101010,101110,0.76025390625,0.75927734375,-0.0009765625
graph_dolphins__d6,graph_dolphins,graph_link_prediction,6,D,101011,101111,0.75439453125,0.75439453125,0.0
graph_dolphins__d6,graph_dolphins,graph_link_prediction,6,D,110000,110100,0.75634765625,0.75732421875,0.0009765625
graph_dolphins__d6,graph_dolphins,graph_link_prediction,6,D,110001,110101,0.75634765625,0.75048828125,-0.005859375
graph_dolphins__d6,graph_dolphins,graph_link_prediction,6,D,110010,110110,0.76123046875,0.76123046875,0.0
graph_dolphins__d6,graph_dolphins,graph_link_prediction,6,D,110011,110111,0.76025390625,0.74951171875,-0.0107421875
graph_dolphins__d6,graph_dolphins,graph_link_prediction,6,D,111000,111100,0.75634765625,0.75244140625,-0.00390625
graph_dolphins__d6,graph_dolphins,graph_link_prediction,6,D,111001,111101,0.75634765625,0.75048828125,-0.005859375
graph_dolphins__d6,graph_dolphins,graph_link_prediction,6,D,111010,111110,0.76123046875,0.76220703125,0.0009765625
graph_dolphins__d6,graph_dolphins,graph_link_prediction,6,D,111011,111111,0.75244140625,0.74951171875,-0.0029296875
graph_dolphins__d6,graph_dolphins,graph_link_prediction,6,E,000000,000010,0.5,0.69482421875,0.19482421875
graph_dolphins__d6,graph_dolphins,graph_link_prediction,6,E,000001,000011,0.5,0.69482421875,0.19482421875
graph_dolphins__d6,graph_dolphins,graph_link_prediction,6,E,000100,000110,0.759765625,0.72412109375,-0.03564453125
graph_dolphins__d6,graph_dolphins,graph_link_prediction,6,E,000101,000111,0.759765625,0.75830078125,-0.00146484375
graph_dolphins__d6,graph_dolphins,graph_link_prediction,6,E,001000,001010,0.759765625,0.75732421875,-0.00244140625
graph_dolphins__d6,graph_dolphins,graph_link_prediction,6,E,001001,001011,0.759765625,0.75830078125,-0.00146484375
graph_dolphins__d6,graph_dolphins,graph_link_prediction,6,E,001100,001110,0.759765625,0.75732421875,-0.00244140625
graph_dolphins__d6,graph_dolphins,graph_link_prediction,6,E,001101,001111,0.759765625,0.75830078125,-0.00146484375
graph_dolphins__d6,graph_dolphins,graph_link_prediction,6,E,010000,010010,0.75341796875,0.71435546875,-0.0390625
graph_dolphins__d6,graph_dolphins,graph_link_prediction,6,E,010001,010011,0.75341796875,0.74853515625,-0.0048828125
graph_dolphins__d6,graph_dolphins,graph_link_prediction,6,E,010100,010110,0.76416015625,0.73583984375,-0.0283203125
graph_dolphins__d6,graph_dolphins,graph_link_prediction,6,E,010101,010111,0.75830078125,0.75830078125,0.0
graph_dolphins__d6,graph_dolphins,graph_link_prediction,6,E,011000,011010,0.75830078125,0.75732421875,-0.0009765625
graph_dolphins__d6,graph_dolphins,graph_link_prediction,6,E,011001,011011,0.75830078125,0.76123046875,0.0029296875
graph_dolphins__d6,graph_dolphins,graph_link_prediction,6,E,011100,011110,0.75830078125,0.75732421875,-0.0009765625
graph_dolphins__d6,graph_dolphins,graph_link_prediction,6,E,011101,011111,0.75830078125,0.76123046875,0.0029296875
graph_dolphins__d6,graph_dolphins,graph_link_prediction,6,E,100000,100010,0.755859375,0.76123046875,0.00537109375
graph_dolphins__d6,graph_dolphins,graph_link_prediction,6,E,100001,100011,0.755859375,0.76123046875,0.00537109375
graph_dolphins__d6,graph_dolphins,graph_link_prediction,6,E,100100,100110,0.751953125,0.76220703125,0.01025390625
graph_dolphins__d6,graph_dolphins,graph_link_prediction,6,E,100101,100111,0.751953125,0.75439453125,0.00244140625
graph_dolphins__d6,graph_dolphins,graph_link_prediction,6,E,101000,101010,0.751953125,0.76025390625,0.00830078125
graph_dolphins__d6,graph_dolphins,graph_link_prediction,6,E,101001,101011,0.751953125,0.75439453125,0.00244140625
graph_dolphins__d6,graph_dolphins,graph_link_prediction,6,E,101100,101110,0.751953125,0.75927734375,0.00732421875
graph_dolphins__d6,graph_dolphins,graph_link_prediction,6,E,101101,101111,0.7509765625,0.75439453125,0.00341796875
graph_dolphins__d6,graph_dolphins,graph_link_prediction,6,E,110000,110010,0.75634765625,0.76123046875,0.0048828125
graph_dolphins__d6,graph_dolphins,graph_link_prediction,6,E,110001,110011,0.75634765625,0.76025390625,0.00390625
graph_dolphins__d6,graph_dolphins,graph_link_prediction,6,E,110100,110110,0.75732421875,0.76123046875,0.00390625
graph_dolphins__d6,graph_dolphins,graph_link_prediction,6,E,110101,110111,0.75048828125,0.74951171875,-0.0009765625
graph_dolphins__d6,graph_dolphins,graph_link_prediction,6,E,111000,111010,0.75634765625,0.76123046875,0.0048828125
graph_dolphins__d6,graph_dolphins,graph_link_prediction,6,E,111001,111011,0.75634765625,0.75244140625,-0.00390625
graph_dolphins__d6,graph_dolphins,graph_link_prediction,6,E,111100,111110,0.75244140625,0.76220703125,0.009765625
graph_dolphins__d6,graph_dolphins,graph_link_prediction,6,E,111101,111111,0.75048828125,0.74951171875,-0.0009765625
graph_dolphins__d6,graph_dolphins,graph_link_prediction,6,F,000000,000001,0.5,0.5,0.0
graph_dolphins__d6,graph_dolphins,graph_link_prediction,6,F,000010,000011,0.69482421875,0.69482421875,0.0
graph_dolphins__d6,graph_dolphins,graph_link_prediction,6,F,000100,000101,0.759765625,0.759765625,0.0
graph_dolphins__d6,graph_dolphins,graph_link_prediction,6,F,000110,000111,0.72412109375,0.75830078125,0.0341796875
graph_dolphins__d6,graph_dolphins,graph_link_prediction,6,F,001000,001001,0.759765625,0.759765625,0.0
graph_dolphins__d6,graph_dolphins,graph_link_prediction,6,F,001010,001011,0.75732421875,0.75830078125,0.0009765625
graph_dolphins__d6,graph_dolphins,graph_link_prediction,6,F,001100,001101,0.759765625,0.759765625,0.0
graph_dolphins__d6,graph_dolphins,graph_link_prediction,6,F,001110,001111,0.75732421875,0.75830078125,0.0009765625
graph_dolphins__d6,graph_dolphins,graph_link_prediction,6,F,010000,010001,0.75341796875,0.75341796875,0.0
graph_dolphins__d6,graph_dolphins,graph_link_prediction,6,F,010010,010011,0.71435546875,0.74853515625,0.0341796875
graph_dolphins__d6,graph_dolphins,graph_link_prediction,6,F,010100,010101,0.76416015625,0.75830078125,-0.005859375
graph_dolphins__d6,graph_dolphins,graph_link_prediction,6,F,010110,010111,0.73583984375,0.75830078125,0.0224609375
graph_dolphins__d6,graph_dolphins,graph_link_prediction,6,F,011000,011001,0.75830078125,0.75830078125,0.0
graph_dolphins__d6,graph_dolphins,graph_link_prediction,6,F,011010,011011,0.75732421875,0.76123046875,0.00390625
graph_dolphins__d6,graph_dolphins,graph_link_prediction,6,F,011100,011101,0.75830078125,0.75830078125,0.0
graph_dolphins__d6,graph_dolphins,graph_link_prediction,6,F,011110,011111,0.75732421875,0.76123046875,0.00390625
graph_dolphins__d6,graph_dolphins,graph_link_prediction,6,F,100000,100001,0.755859375,0.755859375,0.0
graph_dolphins__d6,graph_dolphins,graph_link_prediction,6,F,100010,100011,0.76123046875,0.76123046875,0.0
graph_dolphins__d6,graph_dolphins,graph_link_prediction,6,F,100100,100101,0.751953125,0.751953125,0.0
graph_dolphins__d6,graph_dolphins,graph_link_prediction,6,F,100110,100111,0.76220703125,0.75439453125,-0.0078125
graph_dolphins__d6,graph_dolphins,graph_link_prediction,6,F,101000,101001,0.751953125,0.751953125,0.0
graph_dolphins__d6,graph_dolphins,graph_link_prediction,6,F,101010,101011,0.76025390625,0.75439453125,-0.005859375
graph_dolphins__d6,graph_dolphins,graph_link_prediction,6,F,101100,101101,0.751953125,0.7509765625,-0.0009765625
graph_dolphins__d6,graph_dolphins,graph_link_prediction,6,F,101110,101111,0.75927734375,0.75439453125,-0.0048828125
graph_dolphins__d6,graph_dolphins,graph_link_prediction,6,F,110000,110001,0.75634765625,0.75634765625,0.0
graph_dolphins__d6,graph_dolphins,graph_link_prediction,6,F,110010,110011,0.76123046875,0.76025390625,-0.0009765625
graph_dolphins__d6,graph_dolphins,graph_link_prediction,6,F,110100,110101,0.75732421875,0.75048828125,-0.0068359375
graph_dolphins__d6,graph_dolphins,graph_link_prediction,6,F,110110,110111,0.76123046875,0.74951171875,-0.01171875
graph_dolphins__d6,graph_dolphins,graph_link_prediction,6,F,111000,111001,0.75634765625,0.75634765625,0.0
graph_dolphins__d6,graph_dolphins,graph_link_prediction,6,F,111010,111011,0.76123046875,0.75244140625,-0.0087890625
graph_dolphins__d6,graph_dolphins,graph_link_prediction,6,F,111100,111101,0.75244140625,0.75048828125,-0.001953125
graph_dolphins__d6,graph_dolphins,graph_link_prediction,6,F,111110,111111,0.76220703125,0.74951171875,-0.0126953125
